tweet,sentiment,confidence
#AAPL:The 10 best Steve Jobs emails ever...http://t.co/82G1kL94tx,Positive,0.749563225387266
"RT @JPDesloges: Why AAPL Stock Had a Mini-Flash Crash Today $AAPL #aapl
http://t.co/hGFcjYa0E9",Negative,0.6592577266110904
My cat only chews @apple cords. Such an #AppleSnob.,Positive,0.5986987982982735
"I agree with @jimcramer that the #IndividualInvestor should own not trade #Apple #AAPL, it's extended so today's pullback is good to see",Positive,0.8906458811166121
Nobody expects the Spanish Inquisition #AAPL,Negative,0.6194825216588727
#AAPL:5 Rocket Stocks to Buy for December Gains: Apple and More...http://t.co/eG5XhXdLLS,Negative,0.6720782849308536
Top 3 all @Apple #tablets. Damn right! http://t.co/RJiGn2JUuB,Negative,0.7520572473880702
CNBCTV: #Apple's margins better than expected? #aapl http://t.co/7geVrtOGLK,Positive,0.6921200564673241
Apple Inc. Flash Crash: What You Need to Know http://t.co/YJIgtifdAj #AAPL,Negative,0.7702081135440866
#AAPL:This Presentation Shows What Makes The World's Biggest Tech Companies ...http://t.co/qlH9PqSoSd,Positive,0.6481150439557339
WTF MY BATTERY WAS 31% ONE SECOND AGO AND NOW IS 29% WTF IS THIS @apple,Negative,0.6658514549795446
Apple Watch Tops Search Engine List of Best Wearable Tech http://t.co/LTEzJzqqF8 #AAPL #iWatch #AppleWatch,Positive,0.6584325463871736
"The Best-Designed #iPhone #Apps In the World, According to @apple: http://t.co/Razqvpxofg http://t.co/ev7uKWiEcz",Positive,0.5895201289855553
RT @peterpham: Bought my @AugustSmartLock at the @apple store..pretty good logo match . can't wait to install it! http://t.co/z8VKMhbnR3,Positive,0.8279147036924631
@apple Contact sync between Yosemite and iOS8 is seriously screwed up. It used to be much more stable in the past. #icloud #isync,Negative,0.8283915618813488
#aapl @applenws Thanks to the non factual dumb Twitter followers stock drops 3 points in one minute. Thanks dummies. #rumors,Positive,0.8820538705314154
WARNING IF YOU BUY AN IPHONE 5S UNLOCKED FROM @APPLE IPHONE YOU CANNOT USE IT ON VERIZON NETWORK,Negative,0.7244769129955209
"@Apple John Cantlie has been a prisoner of ISIS for 739 days, show you have not abandoned him. Sign https://t.co/WTn4fuiJ0P",Positive,0.7059458387585136
@apple- thanks for xtra checkin at upper westside store- but why are appointments running almost 50 minutes late?,Positive,0.6003413630670443
Why #AAPL Stock Had a Mini-Flash Crash Today: Money Morning: Nothing the analysts suggested would make a widel... http://t.co/jFGsSy2Ei3,Negative,0.6688273341314628
$AAPL dip only momentarily....just an aberration in the equity world..#AAPL,Positive,0.7432041233898772
The JH Hines Staff with their newly issued @apple #ConnectED Macbook and iPad mini #txed http://t.co/82YjiCJBxH,Positive,0.5470439551287759
@robconeybeer: You need an IP portfolio to defend against big companies - just look at @Samsung @Apple court battles,Negative,0.6302250555688823
"@Apple, For the love of GAWD, CENTER the '1'on the damn calendar app. You fixed it once, its back, off center, AGAIN! http://t.co/dMyAHEm1Lc",Negative,0.5204153094474857
i get the storage almost full notification literally every 5 minutes chill @apple,Negative,0.5526911321191457
I had to do made the #switch from iPhone 6 to the galaxy note edge. @apple keep up http://t.co/1Vve1htP0n,Negative,0.5669377915440514
@ me RT @101Baemations: Can't stand those ppl with @Apple stickers everywhere. 9/10 they prob just bought an iPod shuffle,Negative,0.7161952884310179
Justice Department cites 18th century federal law to get @Apple to unlock iPhones: http://t.co/Eth0QpAIom,Negative,0.6264845397159011
Latest Apple Products Leading in Efficiency http://t.co/KHeNlVT1FJ @apple #iPhone #iPad #plugloads,Negative,0.6000906323747701
RT @thehill: Justice Department cites 18th century federal law to get @Apple to unlock iPhones: http://t.co/Eth0QpAIom,Negative,0.6264845397159011
Good be huge RT @thehill Justice Department cites 18th century federal law to get @Apple to unlock iPhones: http://t.co/QmLBuvG6Xz,Positive,0.5498490030204096
@thehill @Apple i cite the 4th amendment as a retort,Negative,0.5268023322425766
RT @thehill: Justice Department cites 18th century federal law to get @Apple to unlock iPhones: http://t.co/Eth0QpAIom,Negative,0.6264845397159011
RT @saxonidubom: @rwang0 @Apple Thanks...thinking of upgrading.,Positive,0.5672379339051172
RT @thehill: Justice Department cites 18th century federal law to get @Apple to unlock iPhones: http://t.co/Eth0QpAIom,Negative,0.6264845397159011
Way to stay relevant RT @thehill: Justice Department cites 18th century federal law to get @Apple to unlock iPhones: http://t.co/mptcggWZO1,Negative,0.5846927554907877
Apple Inc. Flash Crash: What You Need to Know http://t.co/Ko9PT6yuMV #AAPL,Negative,0.7702081135440866
"http://t.co/hpC7p1rHvA
need help on using your #Apple #iPhone6 &amp; #iPhone6Plus ? #checkitout
@applenws @apple http://t.co/K3fQHPazMc",Positive,0.6797988232306368
RT @thehill: Justice Department cites 18th century federal law to get @Apple to unlock iPhones: http://t.co/Eth0QpAIom,Negative,0.6264845397159011
That flash crash really screwed with a lot of traders today. Not me. Im more determined than ever to make trading work for me #AAPL,Negative,0.8229006785428465
RT @tra_hall: The JH Hines Staff with their newly issued @Apple #ConnectED Macbook and iPad mini #txed http://t.co/82YjiCJBxH #txed,Positive,0.5470439551287759
Nigga update yall headphones @Apple,Positive,0.546064515914418
RT @thehill: Justice Department cites 18th century federal law to get @Apple to unlock iPhones: http://t.co/Eth0QpAIom,Negative,0.6264845397159011
RT @thehill: Justice Department cites 18th century federal law to get @Apple to unlock iPhones: http://t.co/Eth0QpAIom,Negative,0.6264845397159011
"Ok, @apple. You win. I won't use your browser anymore since it keeps closing on me. Literally 8 times today. I counted.",Negative,0.880823412053617
RT @thehill: Justice Department cites 18th century federal law to get @Apple to unlock iPhones: http://t.co/Eth0QpAIom,Negative,0.6264845397159011
@thehill @Apple I cite the us constitution where judges cannot pass laws! Violation of the separation of powers,Negative,0.6389755995348574
@apple U need to get ur fucking shit together and let me txt while on YouTube,Negative,0.7727939519144884
@thehill @Apple Wish we could prosecute the admin for violation of privacy and criminal search and seizure,Negative,0.8941597097898024
RT @thehill: Justice Department cites 18th century federal law to get @Apple to unlock iPhones: http://t.co/Eth0QpAIom,Negative,0.6264845397159011
@thehill @Apple Furthermore there are no provisions for secrecy in the constitution as such such activities are sedition by the US gov.,Positive,0.5672379339051172
#AAPL:Here's why Apple dropped...http://t.co/qVpNCJv1pb,Positive,0.5121266737578285
This one chart explains @tim_cook's affect on @Apple. Paints an interesting story. What do you think? http://t.co/7cBY6jL5Pn,Positive,0.8215974273052122
RT @thehill: Justice Department cites 18th century federal law to get @Apple to unlock iPhones: http://t.co/Eth0QpAIom,Negative,0.6264845397159011
RT @thehill: Justice Department cites 18th century federal law to get @Apple to unlock iPhones: http://t.co/Eth0QpAIom,Negative,0.6264845397159011
"Final #AAPL #PutCallRatios for Monday, December 1, 2014 http://t.co/EVJC0tNGPJ",Negative,0.7272333248811076
#AAPL Launches Red #Apple Logo for World AIDS Day: Dec. 1 is World AIDS Day and the red Apple logo will be abl... http://t.co/crc6VpIELd,Positive,0.648021066785021
hey @apple fuck you,Positive,0.6512632643678092
5 Companies Growing Faster Than Apple Inc. http://t.co/PgCG4CkJK9 #AAPL,Negative,0.5384189963383835
@apple why doesn't your people explain precautions when buying an expensive laptop,Negative,0.8473155755038808
RT @thehill: Justice Department cites 18th century federal law to get @Apple to unlock iPhones: http://t.co/Eth0QpAIom,Negative,0.6264845397159011
@Quailman_ @Apple u was bored huh,Negative,0.6738766317263698
RT @wagner_tim: @robconeybeer: You need an IP portfolio to defend against big companies - just look at @Samsung @Apple court battles,Negative,0.6302250555688823
"As a die hard @Apple customer, I must say I am truly displeased with the customer service I was given today. #badservice #Apple",Negative,0.6736931262786976
@Apple made it clear today that I as a customer are not worth a measly $79!! An employee gave mis info and they will not stand behind it,Positive,0.5586638935162722
INSPI(RED) by @Apple and @tim_cook on #WorldAIDSDAY. 100% of #AppsforRED in @AppStore go to fight AIDs. Get @Farmville2 and @CSRRacing @RED,Positive,0.721375237025017
RT @thehill: Justice Department cites 18th century federal law to get @Apple to unlock iPhones: http://t.co/Eth0QpAIom,Negative,0.6264845397159011
16GB @Apple #iPad Air 2 Retina WiFi Tablet $400 + Free Shipping via #EBAY http://t.co/TrkYuoYew7 #CyberMonday #firstworldproblems,Positive,0.6591008211843103
Photo: Love IOS 8 @apple @iphone #Love #IOS8 #NoCrop #iphone #young #phone #screen #capturescream #boy... http://t.co/fIDj9FxHDV,Positive,0.8301249165248369
Why does @Apple force people to use its VPN built in to iOS8? Off button doesn't work FFS. Like I want Apple's NSA data collection service.,Negative,0.8365293688380508
Then how the hell did I take this screenshot? @apple @timcook http://t.co/NvFWwi4JsM,Positive,0.560949173467614
RT @thehill Department cites 18th century federal law to get @Apple to unlock iPhones: http://t.co/WY4zI6XQtF,Negative,0.6264845397159011
RT @thehill: Justice Department cites 18th century federal law to get @Apple to unlock iPhones: http://t.co/Eth0QpAIom,Negative,0.6264845397159011
Buy round lot on the open MT @WSJD #AAPL stock briefly dove 6.4% today. Analysts not sure why http://t.co/F6e73eJUJE http://t.co/2qQvMWOotv,Negative,0.509155331137592
3G is draining my battery fix this @apple,Negative,0.6831427049337311
My daughter's @Apple #iPod stolen. To the thief: try working as hard to earn one - like my daughter had to buy hers. #LosingFaithInPeople,Negative,0.5714776371453174
@apple your chargers suck ass! They just love to break!,Positive,0.5264921971665512
RT @thehill: Justice Department cites 18th century federal law to get @Apple to unlock iPhones: http://t.co/Eth0QpAIom,Negative,0.6264845397159011
"#AAPL:My Three Horsemen Of The NASDAQ 100:  Apple, Microsoft And Gilead Scie...http://t.co/cDvoZfGSBX",Positive,0.6620974261438044
RT @thehill: Justice Department cites 18th century federal law to get @Apple to unlock iPhones: http://t.co/Eth0QpAIom,Negative,0.6264845397159011
I'm hoping @apple won't automatically make us download Bruce Springsteen and U2 singing together.  #u2 #bruce #espn #thatwasbad,Negative,0.5880300776250407
@thehill @Apple What a joke! Justice Dept should prosecute Killer Wilson in pursuit of JUSTICE. #Ferguson IS NOT OVER!,Positive,0.581262930768805
@aydlettgwyn13 @apple please educate us,Positive,0.55658539580269
RT @TinfoilTricorn: @thehill @Apple Wish we could prosecute the admin for violation of privacy and criminal search and seizure,Negative,0.8941597097898024
The game #traders play in the name of #market #liquidity #HFT #darkpools #stock #trading #algorithms #AAPL  http://t.co/laKjpr89S8,Positive,0.7994782467660504
#AAPL:10 Steve Jobs emails you need to read...http://t.co/82G1kL94tx,Positive,0.5865169140957496
So so sooooo annoyed. Did the restore from my back up and lost my voice mails. I needed to keep those. Thanks a lot @apple,Positive,0.6638175193921133
Thisn#Yosemite update is stressing me out @apple #macbookpro,Negative,0.6554627985278458
Just broke my 3rd charger of the month. Get your shit together @apple,Negative,0.8097779362141666
"This iPhone 6 battery isn't as good as you claim, @apple",Negative,0.8002881108633435
#Nasdaq big fall. @FB @Baba @Twtr @Linkd @Apple fell 3-6% on Monday! See whether follow up ..,Negative,0.5958048865869378
"#iPhone #users face big change over @Apple [#Apple]'s Google search choice. (#Monday, 1 #December) http://t.co/fA3KKjQQdA",Positive,0.7405963953010791
RT @chanchan1717: @aydlettgwyn13 @apple please educate us,Positive,0.55658539580269
"Just updated my ram to 16gb. @apple you guys are like shallow gf's. Take all the money, but dammit you look good.",Positive,0.6458622310323359
@apple @iphone4 oh it's not fair and i think you're really mean,Positive,0.5439215371720502
#whoknew Why isn't @Apple on Twitter? http://t.co/HmsbwjEL1K #interestingfact #passingthetime,Negative,0.6956146635263893
RT @JodiSpicer: #whoknew Why isn't @Apple on Twitter? http://t.co/HmsbwjEL1K #interestingfact #passingthetime,Negative,0.6956146635263893
IBM: @Apple iOS users account for 21.6% of ALL online sales. 3x @android users (6.6%). They are dominating. #business #sales #cybermonday,Positive,0.5491540195396444
I HATE HOW IOS 8 CAPITALIZES RANDOM WORDS LIKE I DONT WANNA GIVE EMPHASIS TO SOME STUPID WORD IN THA SENTENCE GET UR SELF TOGETHER @Apple,Negative,0.7844442157524021
@gr8american23 i've made clear i support rand paul in 2016 in most cases. why is everyone pigeonholed as red or blue? also u like @apple?,Positive,0.8292270999055592
@apple why was the iphone 4 ever created,Negative,0.658840300757958
@apple I FUCKING HATE YOU http://t.co/xRxXK0rdot,Negative,0.9529760896226559
@apple please can I have new phone for Christmas? #spreadsomejoy,Positive,0.6950934718697558
Perfome @apple pie.. http://t.co/eHsgVdej9N,Positive,0.688440573130302
#Nasdaq100 #recent #market #exit #4: Sold $AAPL long for a 10.49% #gain in 20 days. #AAPL #forex #trading #stocks,Negative,0.871535713492792
.@Apple rumoured to be launching a 'Mega Tab' because #biggerisbetter http://t.co/UreeAozPaI,Positive,0.5587204038592887
RT  Chayton Falke ChaytonFalke :#Nasdaq100 #recent #market #exit #4: Sold $AAPL long for a 10.49% #gain in 20 days. #AAPL #forex #trading...,Negative,0.871535713492792
"Apple Inc. PT Upped By Barclays, Morgan Stanley Trims Stake http://t.co/jgysEmQXBl #AAPL",Negative,0.5557220947943715
IT'S NOT LIKE THE APP COSTS MONEY JUST LET ME DOWNLOAD IT @APPLE,Negative,0.565914557193637
"RT @HamzeiAnalytics: New HA Blog Post &gt;&gt;&gt; Final #AAPL #PutCallRatios for Monday, December 1, 2014:  http://t.co/FO160NRHfF",Negative,0.5177376435239789
#AAPL:Jim Cramer's 4 Best Stock Picks for the Health Care Sector...http://t.co/CaQgzX0KiJ,Positive,0.6757991202292944
My phones been charging for an hour but it keeps losing percentage?? Get ur shit together @apple,Negative,0.8648244576409262
"Steve Jobs, clave en juicio contra @Apple 
http://t.co/IcEOFgkm1q http://t.co/eDiR5Mahxn",Positive,0.7005070154779682
"RT @elnuevoherald: Steve Jobs, clave en juicio contra @Apple 
http://t.co/IcEOFgkm1q http://t.co/eDiR5Mahxn",Positive,0.7005070154779682
"RT @elnuevoherald: Steve Jobs, clave en juicio contra @Apple 
http://t.co/IcEOFgkm1q http://t.co/eDiR5Mahxn",Positive,0.7005070154779682
"Myths vs. Reality in Full-Time #Trading http://t.co/JH7BMS1Kgb #stocks
#futures #forex #trader #es #nq #cl #aapl #gpro #finance #eSignal",Negative,0.6155122781908402
My laptop was completely dead and blacked out for 2 days &amp; I finally opened the inside and fixed it. Hire me @Apple,Negative,0.5604768810152781
@baseballbridget @apple we couldn't even get a turkey for TDay so they just don't care... #appleemojissuck,Negative,0.7404584035289777
"RT @elnuevoherald: Steve Jobs, clave en juicio contra @Apple 
http://t.co/IcEOFgkm1q http://t.co/eDiR5Mahxn",Positive,0.7005070154779682
RT @toricolelli: My phones been charging for an hour but it keeps losing percentage?? Get ur shit together @apple,Negative,0.8648244576409262
"#Apple (NASDAQ: #AAPL) Participates in World Aids Day Campaign: http://t.co/YytgUGXQNB: #Apple, #AAPL, Campaign... http://t.co/XT3Z1sx0P4",Positive,0.739155853601715
Well played @apple http://t.co/mGbsxyiA69,Positive,0.6528922945444687
Thank you @Apple,Positive,0.9621727191066098
Fix it @apple http://t.co/cHoq6LHeHo,Negative,0.5361417528911381
RT @_iamGambino: Thank you @Apple,Positive,0.9621727191066098
How long does it really take for a phone to ship @apple smh,Negative,0.6494558817715613
@Apple #iPod lawsuit will reveal unseen Steve Jobs video http://t.co/nEF5qOGbHE,Positive,0.7364830090676207
RT @smartoutsource1: @Apple #iPod lawsuit will reveal unseen Steve Jobs video http://t.co/nEF5qOGbHE,Positive,0.7364830090676207
Lol dying @apple http://t.co/EP8hQb2O2H,Negative,0.5852955994559683
#GoPro: What Competition? Part 2 #GPRO  #AAPL #SNE http://t.co/4tgYDYdprt,Positive,0.7255662945714043
"So, on my iphone5, the @apple health kit is no longer gathering data.  Sigh.",Negative,0.8351625530481702
"Trade $AAPL #FREE Nightly Updates are #posted here on #Twitter, or you can visit the #Trade #AAPL FREE #website here http://t.co/U4TKeApbxF",Positive,0.6880863740034503
Thanks @apple for changing yet another fuck into duck...Thanks.,Positive,0.613883499602738
@Apple YH News Apple tumbles as much as 6 percent in unusual trading: By Chuck Mikolajczak NEW YORK (Reuters) ...  http://t.co/hNuWafq0sI,Negative,0.51192275211917
@brwnskin_beauti cause fuck @apple,Negative,0.6802359601921466
RT @donacamp: Brass band at @Apple Store Broadway #WintersEve #NYC http://t.co/ufworZjgpP,Negative,0.5113245038561115
if i buy a 16 gb phone i should have 16 GB'S TO USE @apple,Negative,0.5064596184474404
fuck you for BREAKING MY MUSIC @apple,Negative,0.6271803049493672
RT @donacamp: Brass band at @Apple Store Broadway #WintersEve #NYC http://t.co/ufworZjgpP,Negative,0.5113245038561115
"Have #Apple, Inc.'s #iPad Sales Peaked? #AAPL http://t.co/2Wpaib3z9M",Positive,0.6797702110572554
RT @donacamp: Brass band at @Apple Store Broadway #WintersEve #NYC http://t.co/ufworZjgpP,Negative,0.5113245038561115
Barclay's #Apple Analyst Joins The Crowd And Increases Price Target - Forbes #aapl http://t.co/6Z1DwxeCpE,Positive,0.5796505730985186
just need @apple to come out with a charger cord that keep a charge &amp; don't fall apart http://t.co/VZ8HDbMzlu,Negative,0.6607430770151731
RT @AMANDAZUCKERMAN: You should be able to forward a voicemail. Why isn't that a thing? @apple,Negative,0.750298675511887
@apple and @facebook I speak for all of humanity; We want to chose what contacts are added to our contacts book from #facebook #thanks,Positive,0.6434735419497278
@Apple I h8 everything about u,Negative,0.5686202143858246
@apple ur a disgrace,Positive,0.5672379339051172
@apple I want my pictures back,Negative,0.802874716671256
My phone is on acid right now @apple fix this,Negative,0.6570968733727055
@Apple I had a power cord problem- under warranty. You said it would be fine. It isn't. And now you won't replace it? http://t.co/fW3BoW53dj,Negative,0.70980223074058
@Apple This was NORMAL use-- NO ABUSE! Wrapped it exactly as you instructed me to. This is a fire hazard. You should replace it. #defective,Positive,0.8397886752702853
"@Apple BTW, I LOVE all of your products.  They rock!  Your power cords are junk.  You seriously need to fix this!",Positive,0.759900003873988
RT @donacamp: Brass band at @Apple Store Broadway #WintersEve #NYC http://t.co/ufworZjgpP,Negative,0.5113245038561115
RT @thehill: Justice Department cites 18th century federal law to get @Apple to unlock iPhones: http://t.co/Eth0QpAIom,Negative,0.6264845397159011
Yo @Apple fix your shitty iMessage,Negative,0.769417677681533
#AAPL RT @AboveAvalon Apple's Share Repurchases Have Benefited Shareholders by $80 Billion  http://t.co/XHkqFr7whT,Positive,0.7204441425036107
"Even With Apple Watch Delayed, I'm Raising My AAPL Price Target To $165 - http://t.co/TGENjFl3zI #AAPL #Alex_Cho",Negative,0.7148801508790478
I love @AIRMILES! Between @chaptersindigo &amp; @apple I earned ~200 miles during the #BlackFriday sale! #freemoney #centsability #cybermonday,Positive,0.9196139308404014
Yo! @apple this auto correct shit gotta stop!!! changing my shit right when i send it,Negative,0.5855711917782426
First @Apple logo was designed by co-founder Ronald Wayne. Drawing of Isaac Newton reading a book under an apple tree,Positive,0.8447465128709835
Those** PICK UP THE SLACK YOU FUCK BOYS @Apple,Positive,0.5196123605074021
Why is it that the no firm has acquired the bloomberg terminal service yet  #aapl? I wish it had a #goog search function.,Negative,0.8106809347823531
@surface maybe good product but never better then @apple MacBook Air .... It's a fact,Positive,0.6428316225278828
fucking faggots @apple,Negative,0.6685186075569061
@Apple of course that's not their mother fucking @,Positive,0.5498891243938147
Apple Inc. Store Logos Turn Red For World AIDS Day http://t.co/nsBtAl4g75 #AAPL,Positive,0.5455324759782562
the fuck kinda gay shit you print in the fucking ketosis @apple,Negative,0.8599067840173492
Game*** @Apple you bitches really trying me tonight! RT @DreMacsAMillion: @WhoSFlyy__ gams night gawd,Positive,0.5262490763378601
Apple CEO Tim Cook comes out as gay @Apple   http://t.co/euFQQpMjj6  Via @posh360_Net,Negative,0.5269272531734829
RT @bella_bong_: @apple U need to get ur fucking shit together and let me txt while on YouTube,Negative,0.7727939519144884
@apple @Disney Why can't I buy any version let alone the version I actually like of Star Wars on @iTunesMovies #stupid #lame #StarWars,Negative,0.6592715628126693
@Apple @tim_cook Perhaps a less malleable metal for the shell of the #iPhone6SPlus. #noticedsomecurve,Positive,0.7103779490866754
MacBook Pro 13   Non-retina First Startup: http://t.co/9l6RK2OLq2 via @youtube @apple #macbook #macbookpro #startup #hipster,Positive,0.5128225760845161
MacBook Pro 13in Unboxing: http://t.co/F3IM9YbpxF via @youtube @apple #macbook #macbookpro #startup #hipster #unboxing,Negative,0.5623560058022271
iPad Mini Unboxing!: http://t.co/GnLy8W75nA via @youtube @apple #ipadmini #ipad #macbook #macbookpro #startup #hipster #unboxing,Positive,0.6115462413160782
iPad Mini First Time Startup!: http://t.co/vGHN798zzs via @youtube @apple #ipadmini #ipad #macbook #macbookpro #startup #hipster #unbox,Positive,0.6666886700502316
@apple where the iPod 6 at doe?,Negative,0.7279800332829256
"Can @apple drop Audio Only rendition requirement for iOS apps? 
Users hate it 
No other stores want it
Other platforms don't know what it is",Negative,0.9561850035085314
"None too happy with @Apple Mac OS X (Yosemite), File Vault 2, or Boot Camp right now. Thankful to own a @lenovo.",Negative,0.5635967147307256
"#iPhone6S to #emerge spring 2015 with @Apple [#Apple] Watch?. (#Tuesday, 2 #December) http://t.co/NnGLuvYW6M",Positive,0.5017280952553747
All my Apps on @apple #ipodtouch5thgen http://t.co/cRhwdbSxSx http://t.co/UNpPU4zrRq,Negative,0.6960650421401359
I demand there be a tapatio emoji @apple,Positive,0.5672379339051172
My apps @apple #ipodtouch5thgen http://t.co/ttEzGarBXd http://t.co/8bUawltG4i,Negative,0.6960650421401359
"#AAPL:
Call America for free until Christmas: Tesco cuts costs for relaunch...
http://t.co/ujvbkQVfqj",Positive,0.7145115465773261
so for the second time #aapl #pages ate my edits. 700bn? #amateurs #fail #iwantjobsback,Positive,0.6310799418894121
feel so lost with out my phone :(  @apple iPhone 5 chargers are horrendous! #brokenchargerprobs,Negative,0.9520704463703092
#AAPL:Apple heads to trial over digital music claims...http://t.co/vOpYSuiVKi,Positive,0.6162434773369669
Excellent news #HouseOfCards S3 on @netflix 27/2! I wonder if Yosemite &amp; my wifi will be talking by then @apple @tim_cook ? It's been wks!!,Positive,0.8509475581789977
@apple my laptop is burning my legs what do u have to say about this,Positive,0.5501018778435639
@benh4ll @netflix @Apple @tim_cook Great news! hope your wifi gets sorted though!,Positive,0.7075277440772303
The Secret of Life from Steve Jobs in 46 Seconds. Some #motivation from the late CEO of @apple http://t.co/7UOYKec9YN,Positive,0.731191450134961
10 best #SteveJobs #apple #aapl #tech30 http://t.co/FkrkG1iF7g via,Positive,0.7617641420240279
@HammerArcade This makes me feel so sad ;-; WHY DO U HAVE TO BE SO ROOD @APPLE,Negative,0.9741918542497063
I hate these @apple earphones so bad. Why in the world did they think it was a good idea to p http://t.co/X7lIGAQeG5 http://t.co/ihR2OGZa6s,Negative,0.8570808612715998
@QuentinNield @Apple I need to reinstall on my Apple iPad 2,Negative,0.7239247234021933
"@Apple, I salut you! @kcdenton's photo http://t.co/nmwlvZVjHS",Negative,0.5292480904610467
MacBook Pro 13   Non-retina First Startup: http://t.co/9l6RK2OLq2 via @youtube @apple #macbook #macbookpro #startup #hipster,Positive,0.5128225760845161
MacBook Pro 13in Unboxing: http://t.co/F3IM9YbpxF via @youtube @apple #macbook #macbookpro #startup #hipster #unboxing,Negative,0.5623560058022271
iPad Mini Unboxing!: http://t.co/GnLy8W75nA via @youtube @apple #ipadmini #ipad #macbook #macbookpro #startup #hipster #unboxing,Positive,0.6115462413160782
iPad Mini First Time Startup!: http://t.co/vGHN798zzs via @youtube @apple #ipadmini #ipad #macbook #macbookpro #startup #hipster #unbox,Positive,0.6666886700502316
"Smartphone/tablet to become home automation hub, how can any wireless protocol beat #WiFi and #Bluetooth @apple #Homekit @ShortcutLabs #flic",Positive,0.6581095303304126
Options Outlook Amid Heavy Week Of Economic Events http://t.co/J7hj76F2sG #AAPL #GOOG #GOOGL #TSLA #WMT #PreMarket #Markets,Positive,0.6226007683136391
Why you dying so fast phone? Fuck you @apple,Negative,0.8815092991893626
@remuuusss @apple fix this,Negative,0.5361417528911381
"It's been said 'don't talk about politics', But I can't take it anymr. I'll still post about @cisco, @apple and others. But we need change.",Negative,0.7769443136928897
"holy shit what have I missed what did Obama do this time 
#stocks #NASDAQ #NYSE #AAPL #DOWJ http://t.co/ZMKp6xyJk4",Negative,0.7533343595988609
Does anybody knows how to use å£ on a Macbook Pro Retina US keyboard? Thank you so much! @apple #macbook #pro #apple #keyboard,Positive,0.6842709883205919
The best guest behind Apple's rapid stock price decline yesterday is algorithmic trading. $40bn wiped off by automatic computer trades #AAPL,Positive,0.5271569523297929
@Apple awarded #patent 4 #augmented reality devices w #transparent #displays - http://t.co/uwfnVajgU7 http://t.co/yuhQsR8lOb,Negative,0.6155122781908402
@apple #apple #iphone @iphone #iphone4s #iphone4problems  SOMEONE FUCKING HELP ME SOMEONE WHO WORKS AT APPLE FUCKING HELP ME DO UR JOB CUNTS,Negative,0.7274688245108281
"WTF @Apple, synching notes or iCloud pages is unusable. It used to be easier.",Negative,0.5955014832791191
#Nasdaq100 #recent #market #exit #4: Sold $AAPL long for a 10.49% #gain in 20 days. #AAPL #forex #trading #stocks,Negative,0.871535713492792
hey @apple fuck you just let me change stores,Positive,0.523351988951441
about to write a huge fuck you to @apple for not letting me make reservations to get my laptop fixed,Negative,0.6574340429529719
"Apple tumbles as much as 6 percent in unusual trading $AAPL #aapl
http://t.co/0wtDVpBm4u",Negative,0.6533574772423834
"@angusdick yes, had that exact issue. Took it to @apple for a free battery replacement. Trackpad ended up being fine.",Positive,0.6321295502059275
@JimCramer Says 'Machines' Caused @Apple's Big Drop $AAPL  http://t.co/pfzq1N52hH,Negative,0.6221282768834484
@maxscottslade @Apple yeah the trackpad is fine and working now! but I had to damage one of the screw holdings to get the battery out,Negative,0.5969277560969539
"Video Shows Size of 12.2-Inch 'iPad Air Plus' Mockup Next to iPhones, iPads, and MacBook http://t.co/B3V5X45stZ #AAPL",Negative,0.5501209248500769
"RT @elnuevoherald: Steve Jobs, clave en juicio contra @Apple 
http://t.co/IcEOFgkm1q http://t.co/eDiR5Mahxn",Positive,0.7005070154779682
@Apple #fail - Since updating my #ipad #OS there is a #bug that does not delete videos and free up memory forcing... http://t.co/AjdDTF19Nn,Negative,0.5377772757246697
"Apple Opening New Retail Store in Toledo, Ohio Saturday, December 6 [Mac Blog] http://t.co/ynkgEl9JSL #AAPL",Negative,0.5359466812889793
"Why Morgan Stanley Is Negative On Apple And The Tech Sector $AAPL #aapl
http://t.co/wARhEy9ueH",Negative,0.6078554243289658
"Google Is Now Beating Apple In This One Key Sector $AAPL #aapl
http://t.co/WvcXxxXlds",Positive,0.550624756517281
"BBC News - Evidence by late Steve Jobs to be used in music trial
#AAPL

http://t.co/I6DXPPUWJy",Positive,0.5116345288355677
my alarm was set the ringer was on and it just refused to work fuck u @apple,Negative,0.7987284007028279
@twitter @facebook @AlibabaTalk @google @Apple n more in race to win payments? What's future of #payments start-ups? @microsave @FinTechHub,Positive,0.7625130546498037
"I'm lost because it's deer season, but there is no deer emoji. Come on @Apple, how am I suppose to show the love to all my huntin' friendz?",Negative,0.6591685269973525
@NeimanMarcus utilizing iBeacons for #engagement to send messages to @Apple Passbook #personalization http://t.co/CVNq0lUhNO via @pymnts,Positive,0.5873917402473597
Technology News: @Apple trial to feature unseen late #SteveJobs video deposition http://t.co/YVyoTpdMZP,Positive,0.5628468363710127
@Apple I figured out #memory issue on my #ipad. It wasnt a #bug but a new hidden folder that stores our  images... http://t.co/vEKIE3qlDp,Negative,0.5598523800755368
We will be in room 1215 at 3:15 today presenting on our experience with @Apple DEP and @JAMFSoftware   #herewegolakers,Positive,0.6704757993442375
#AAPL:Pacific Crest's Apple Analyst Reiterates Selling Some Shares...http://t.co/zj974XddLN,Negative,0.5273253763483101
"Pacific Crest's Apple Analyst Reiterates Selling Some Shares $AAPL #aapl
http://t.co/WMosfzhzZi",Negative,0.5273253763483101
"#AppleLawSuit Depends on exactly what @Apple did to hold back/beat their competition. There are fair game competitive tactics &amp; unfair 1s
YK",Positive,0.7247046484336228
"#AAPL:
    Audio: Auto sales due; Apple lawsuit heads to court...http://t.co/Kvb1L61oLN",Negative,0.6352539879462682
Apple's PT raised by Canaccord Genuity to $135.00. buy rating. http://t.co/Nh2vs5lzoE $AAPL #AAPL,Negative,0.512407695977792
Apple's PT raised by Canaccord Genuity to $135.00. buy rating. http://t.co/Tb5dmDEjeA $AAPL #AAPL,Negative,0.512407695977792
"IPhone6 has too many issues,  why tf is the earphone plug in not working @apple u better fix this shit for free.",Negative,0.6651060412196558
"Cheap Chromebooks teach Apple a lesson: Price matters $AAPL #aapl
http://t.co/GUC5yr4cMf",Positive,0.7499686862882338
"@mcmillanstu @D1PZ... But trying to get launch info ahead of time from telco marketing teams was a nightmare - thanks @apple!
#EcomChat",Positive,0.8083171579556417
Benzinga's Top #PreMarket Losers http://t.co/vfUSrHxQX0 #AAPL #GOLD #NEM #News #NVAX #PreMarket #Markets,Positive,0.7523333004809655
Dear @apple replace my phone my battery sucks,Negative,0.9265479834809947
#Apple heads to trial over iTunes update #AAPL http://t.co/BevWxGyCVk,Negative,0.5334622787757037
From beyond the grave! RT @GMA: Jurors set 2 hear fr star witness at @Apple trial: Steve Jobs. http://t.co/kehRY5VYAS http://t.co/KgvFdBtF7S,Positive,0.6577691802242156
.@Apple heads to trial over digital music claims $APPL #tech,Positive,0.7023023118169924
"Fantastic service today @Apple store Touchwood - thanks to all, &amp; esp Zach for sorting my battery problem so quickly &amp; efficiently.",Positive,0.8070181059250441
"Here's why Apple dropped $AAPL #aapl
http://t.co/QOa336kFYs",Positive,0.5121266737578285
"APPLE Intraday Comments - Pre-Opening - PREMIUM USERS  #aapl #Stockaction #trading #Stocks #MKt
http://t.co/G0TeDLCB9z",Positive,0.5154593675237964
@losskitty @Apple its always like that with new products from apple,Positive,0.6892327291893209
RT @laurrynk: Dear @apple replace my phone my battery sucks,Negative,0.9265479834809947
"@ThisDueeMarco @Apple thats annoying, they never get stuff right the first time.",Negative,0.5663845507600284
@jimcramer What is going on with #aapl....,Positive,0.5627148002829504
"Apple Lower as Analyst Sees Risk of Sharp Production Cuts for iPhone 6 Plus in Q1 $AAPL #aapl
http://t.co/SqEtCeOJPQ",Negative,0.6859243055214121
"RT @JPDesloges: Apple Lower as Analyst Sees Risk of Sharp Production Cuts for iPhone 6 Plus in Q1 $AAPL #aapl
http://t.co/SqEtCeOJPQ",Negative,0.6859243055214121
RT @laurrynk: Dear @apple replace my phone my battery sucks,Negative,0.9265479834809947
TheStreet:  #Apple Gets Price Target Boost on Back of Strong #iPhone Demand #aapl http://t.co/f2qTGIBDDq,Positive,0.6151116719170253
#AAPL MT @FortuneMagazine Can Apple clear name in ebooks drama? Eddy Cue says he'd do it again- but take better notes http://t.co/xCYyyJtK05,Positive,0.7430930056244088
@Apple with now dual core technology http://t.co/sq1VoVV5tf,Positive,0.6362882146795084
Pacific Crest's #Apple Analyst Reiterates Selling Some Shares - Forbes #aapl http://t.co/4WRGdhxi0G,Positive,0.5509580564677751
Every student deserves a chance @apple #connected #txed,Negative,0.5789705288737048
I'm surprised there isn't more talk about what looked like a flash crash in #AAPL yesterday. Biggest range in years and largely ignored,Negative,0.6068092997565842
I'm surprised there isn't more talk about what looked like a flash crash in #AAPL yesterday. Biggest range in years and largely ignored,Negative,0.6068092997565842
A lack of equal access to technology places students and minorities at a disadvantage.  Education is the great equalizer @apple #txed,Positive,0.7229945325383051
@JustinPulitzer Looking for $105-$109... #AAPL,Positive,0.593212224306968
RT @RatingsNetwork: Apple's PT raised by Canaccord Genuity to $135.00. buy rating. http://t.co/Nh2vs5lzoE $AAPL #AAPL,Negative,0.512407695977792
"APPLE - Fibonacci Technicals Levels - Intraday - Pre-Opening $AAPL #aapl 
http://t.co/lFF61YGu4B",Negative,0.5557220947943715
"Realmac Software Launches 'Typed', a Markdown Writing App Featuring a Minimal Interface [Mac Blog] http://t.co/3Hq47gIlE6 #AAPL",Positive,0.5730967356774129
@MazeOnPace @Apple Product Line competes with itself. iPhone6+ vs. iPad. Who needs an iPad any longer!?,Negative,0.702426627467728
#AAPL:'Fast Money' Recap: Energy Companies Ebb and Flow With Oil Prices...http://t.co/qRwLlGcLk6,Negative,0.5168773862503759
Enjoying the introductions at the @apple #connected launch event.  Some amazing #edtech leaders in the room.  #txed,Positive,0.8253831468169165
"Got A New Phone. @Apple 
#Iphone6Plus http://t.co/VRrOnfpUkG",Positive,0.6746077532387837
3 More #AppleWatch Details Exposed #aapl http://t.co/PEvFaMKC8O,Positive,0.5654915024324406
#AAPL $AAPL daily....wedge... http://t.co/RSkkgmJshZ,Positive,0.5672379339051172
U.S. Government Attempts 'Hail Mary' to Get #Apple To Unlock #iPhones #aapl http://t.co/EzUsCC5ZgI,Positive,0.7030124563762425
"APPLE - Fibonacci Technicals Levels - Intraday  Update - $AAPL #aapl 
http://t.co/PEN0LjAJIR",Negative,0.5555549526062871
#CNBC will make you poor  #CL just got slammed like #AAPL yesterday.yesterday. Pisini  Please put on your clown shoes when you report,Negative,0.7971988822178165
Here's Why #Apple Won't Be A Trillion Dollar Company According To Billionaire VC Jim Breyer #aapl http://t.co/2TQVM5v4yB,Negative,0.5577947562373826
Chromebooks Overtake Apple's iPads in U.S. Education Market http://t.co/iR8WRGXO2x @apple @googlechrome #chromebooks #ipad,Positive,0.7234354166353907
Apple Inc. is doomed. $AAPL dropped by 1.54%! Currently priced at 113.3. http://t.co/K6PKMj3Sbf #AAPL,Negative,0.5004920409947229
Imagine a world without cracked #iPhone screens! @Apple Patents Drop Protection Mechanism http://t.co/cOorkE2pbx http://t.co/D9qtmhDMmR,Negative,0.6512372819781149
.@Apple #HealthKit first movers featured at @mHealthsummit | Mobiquity's own @snyder4g also panelist @mhealth14 http://t.co/mrLT6wCnPE,Positive,0.7644055653378078
#AAPL:How to Remove Apple Pay Credit Cards Remotely From http://t.co/JPD3HwdeeE...http://t.co/7XGBbp7cjW,Negative,0.5574859365181539
.@Apple wants you to stop taking vertical photos: http://t.co/Aw5nUQmzZk via @OutsideMagazine,Negative,0.6623694134146629
10 best Steve Jobs emails #apple #stevejobs #AAPL http://t.co/7PJHEvkUbh,Positive,0.7916932309577938
"Apple Is Reportedly Planning A 12-Inch iPad That Will Be Like Microsoft's Surface $AAPL #aapl
http://t.co/ahKJeeKqdi",Positive,0.7508415784586491
"@Apple [#Apple] #Patents An #iPhone Drop Protection Mechanism That Changes Device .... (#Tuesday, 2 #December) http://t.co/WvSAiPpSW5",Negative,0.5993417892497048
Props for @apple iTC App Review Team for reviewing metadata rejected resubmission in just 2 hours! Thanks!,Positive,0.8551251499498574
Apple bears get paid as put contracts double amid drop http://t.co/KdnL4Uc3Yz #News #AAPL #Applebears #Appleoptions #Apple #iPhone #News,Negative,0.6052833389163872
@apple yall some hoes,Positive,0.6644990983919413
What's at the core of @Apple's new #iOS7? Excellent updates for your phone's #mobilesecurity. #McAfee - http://t.co/pVo68ZVdq4,Positive,0.703522975441298
Thanks @apple for 'Keep Newer' when transferring files from a local hard drive to a server.,Negative,0.5348739107864074
Does @apple store in Georgetown sell refurb'd iPads? Or just new? Are refurbs only available online?,Negative,0.6280920089247328
"APPLE - Fibonacci Technicals Levels - Intraday  Update - $AAPL #aapl 
http://t.co/KfNPj9P8HI",Negative,0.5555549526062871
Apple Flash Crash: What You Need to Know #AAPL http://t.co/2PBThSFeEE,Negative,0.7702081135440866
Why Estimates Of A 1 Trillion Market Cap For #Apple Are Still Far-Fetched: Fundamental And Algorithmic Analysis #aapl http://t.co/TTydGD71Wc,Negative,0.5496050184357046
"@capitolization @Apple I believe they are only online, but you may be able to 'ship to store'.",Negative,0.5810416408597905
Did you notice that @Apple apps now say 'Get' instead of 'Free'? This change was due to alleged misleading labeling. http://t.co/In8SIkR1Qp,Negative,0.5674536415646839
"APPLE Intraday Comments - Updated RANGE - PREMIUM USERS  #aapl #Stockaction #trading #Stocks #MKt
http://t.co/G0TeDLCB9z",Positive,0.573069605851099
"#AAPL Market Cap Passes $700 Billion, Tablet Sales Slump and More  http://t.co/gWDMiYag9o",Positive,0.7077962097692871
@drewbsaunders Thanks. Also interestingly @apple isn't Apple.,Positive,0.7142753689245324
@shortyawards @Apple it is very confusing u wonder if it means u are going to get a bill later for Ur download please use free if it's free,Positive,0.8111373914036613
Elgato Launches Thunderbolt 2 Dock with 4K Resolution Support [Mac Blog] http://t.co/Sofxp2HvlB #AAPL,Positive,0.7123365152607396
"The @Sony #e-paper FES #watch is the coolest piece of #wearable #tech yet, sorry @Apple http://t.co/542RSJsmkf by @luchanglu via @bustle",Negative,0.6828332465644935
Finally gave up on return of @Apple 17' MacBook Pro model. My 15' Retina is 'out for delivery'. They'll probably announce one next month ;-),Positive,0.587514458656852
"APPLE Intraday Comments - Updated NEW RANGE  - PREMIUM USERS  #aapl #Stockaction #trading #Stocks #MKt
http://t.co/G0TeDLCB9z",Positive,0.695495741192622
"Apple  Loses Ground to Google  In Education Tablet Sales $AAPL #aapl
http://t.co/Ap0c3ehZLe",Positive,0.7139402196905411
Apple Computer Inc (AAPL) rated Buy with price target $135 by Canaccord Genuity http://t.co/sMH4vteeHP #AAPL,Negative,0.6021606757213009
@apple What do I need to do if my mac has been really slow lately ?,Negative,0.8865970892978525
"APPLE - Fibonacci Technicals Levels - Intraday  Update - $AAPL #aapl 
http://t.co/72PLry6Yds",Negative,0.5555549526062871
RT @tra_hall: Enjoying the introductions at the @apple #connected launch event.  Some amazing #edtech leaders in the room.  #txed,Positive,0.8253831468169165
$AAPL #AAPL green right now. Hope it stays.,Negative,0.5633619887146653
RT @GregSherry Customer Service Successes &amp; Fails @Apple &amp; @SouthwestAir   examples http://t.co/jG7jp6L7zD @dkusnetzky #custserv #cx #cem,Positive,0.600947897010348
Sprint Offering to Halve Wireless Bills for Customers Switching From AT&amp;T or Verizon [iOS Blog] http://t.co/Chvmx9EHiy #AAPL,Negative,0.6297292774036165
"Affluent Apple Users Out-Spend Android Users But What Do The Numbers Really Mean? $AAPL #aapl
http://t.co/O0lUu7TmEY",Negative,0.6190240659392325
"New meaning to Soviet jokes 'whatever we produce, it turns out as tank': #Russia seeks #Kalashnikov to rival @Apple http://t.co/bD0C0WGD5y",Positive,0.7488297319546272
Your stupid as shit upgrade has ruined the god damned IDE @apple,Negative,0.9258409862638873
"You pieces of shit @apple! 
God damnit man!",Negative,0.7707299854951859
"Hey @apple, how come I can't make Genius Bar appointments online anymore?",Negative,0.7589695628089148
Have Apple's iPad Sales Peaked? #AAPL http://t.co/zDUTviV8ys,Positive,0.6797702110572554
"What happened? RT @Khaleel You pieces of shit @apple! 
God damnit man!",Negative,0.8806570659087621
"Apple Gets Price Target Boost on Back of Strong iPhone Demand $AAPL #aapl
http://t.co/ciGlB3SYfl",Negative,0.5742853641902296
#AAPL:6 Reasons Apple Could Have Fallen 6% Yesterday...http://t.co/rVJREH9IjF,Positive,0.530827652999432
@Apple Pay = Compuserve | BTC = the internet,Negative,0.521891596605771
"#Apple lower following cautious Pac Crest, Deutsche notes #AAPL #CRUS http://t.co/QeSxIwzUIK",Positive,0.6377645050481512
Awesome! @Apple invented peanut-butter-sandwich technology for phones. http://t.co/DPZpoqZTHX,Positive,0.7595154331227434
"APPLE - Fibonacci Technicals Levels - Intraday  Update - $AAPL #aapl 
http://t.co/EyE2GtZ2g5",Negative,0.5555549526062871
Lol fuck you. I'm still not buying a new one. @Apple http://t.co/XHqOVbNfZK,Negative,0.636009603738457
"AAPL 'buy' reiterated,  target raised to $135 by Canaccord Genuity $AAPL Brief explanation here:  https://t.co/qS1o6LkvgN #AAPL",Negative,0.512407695977792
#AAPL:Canaccord ups Apple price target to $135 a share...http://t.co/5C0Ea1oLSZ,Positive,0.6149782604376818
"Economic temperature spiking, or terrorist attack?  Either way, how you're not all in... via @zerohedge #AAPL http://t.co/AFxp5Z0mbb",Positive,0.5665545763860633
@apple has caused me so much pain today,Negative,0.8274684634852322
"#As @Apple [#Apple] still struggles to #meet #iPhone6 demand, #Canaccord raises price .... (#Tuesday, 2 #December) http://t.co/orhJ2UnkM4",Negative,0.6931107664772257
Not cool @Apple ... not cool. You just bait-and-switched me into paying for an upgrade to server after a 'free' upgd. to 10.10.1?,Positive,0.7847305849523991
Steve Wozniak to Star in an Upcoming Reality TV Show Focusing on Futuristic Tech [Mac Blog] http://t.co/88VJAjePI4 #AAPL,Positive,0.7146451418880656
iPhone Shortages Not Helping RadioShack as Consumer Sales Plummet http://t.co/UVre2GM1oh #AAPL,Negative,0.5511990448599058
#SteveJobs will be a crucial witness against #Apple in an #iPod antitrust suit via @BGR #aapl  http://t.co/BBH9g0TUyM,Positive,0.6059896236918478
"TheStreet:  #Android Phones to Dominate Through 2018, While #iOS Phone Revenue Will Dazzle #goog #aapl  http://t.co/bsqSkPFF8O",Negative,0.6924285003095406
TheStreet:  #Apple Gets Price Target Boost on Back of Strong #iPhone Demand #aapl  http://t.co/f2qTGIBDDq,Positive,0.6151116719170253
RT @jopocop: TheStreet:  #Apple Gets Price Target Boost on Back of Strong #iPhone Demand #aapl  http://t.co/f2qTGIBDDq,Positive,0.6151116719170253
#Apple Should Fight New Court Case Over #SteveJobs' DRM Decision - Forbes #aapl http://t.co/hmht2MBHIo,Positive,0.6239896907175675
"All computers are susceptible to Adware, and don't believe that @Apple computers are immune! See this post from Apple
http://t.co/ADWlfrzsm0",Negative,0.5004786658692049
6 Reasons #Apple Could Have Fallen 6% Yesterday - Forbes #aapl  http://t.co/8v2qhZG65Z,Positive,0.5870713141837578
@APPLE CAN YALL PLEASE SEND ME MY FUCKIN PHONE,Negative,0.5052145800420832
Anyone know how to fix this? #xcode @apple no simulators... tried complete reinstall #ios http://t.co/Nu9YyqioHU,Negative,0.7903760326483205
"Apple Bears Get Paid as Put Contracts Double Amid Drop $AAPL #aapl
http://t.co/xDr3Sve7gm",Negative,0.6052833389163872
http://t.co/7iyWkaiMss @apple Early Adoption Issues?? for #ApplePay #blackfriday #Tokenization http://t.co/vHYcIVSIxw,Negative,0.8000008412201407
CNBCTV:  #Apple fighting monopoly allegations #aapl http://t.co/mPsHU4yKTB,Negative,0.5972265877466807
CNBCTV:  #iPhone growth peaked? #aapl  http://t.co/iTlGPv7oaR,Positive,0.5672379339051172
CNBCTV:  Analyst worries about #iPhone growth #aapl http://t.co/2cA2SfAShg,Positive,0.8591452469086555
CNBCTV:  #Cramer: #AppleWatch a dazzler #aapl  http://t.co/NN0MSAa9s4,Positive,0.5672379339051172
CNBCTV:  #Cramer: Trading #Apple suckers game #aapl http://t.co/cPmnQXDwit,Positive,0.6458309216176041
CNBCTV: #Apple heads to trial #aapl http://t.co/d0AFg0lQIY,Positive,0.6256721441482386
"RT @JPDesloges: Apple Bears Get Paid as Put Contracts Double Amid Drop $AAPL #aapl
http://t.co/xDr3Sve7gm",Negative,0.6052833389163872
"@Archimage @Apple seen a bunch of people tweeting about. Search Twitter, then dev forums. I don't remember solution.",Positive,0.6259158608785332
".@Apple's iAd #programmatic #advertising is a sign of the times, but it doesn't match the company's innovative rep: http://t.co/L19oQPW8uZ",Negative,0.688227848380083
This is huge! My ISP @WintekNOC is peering directly with @Apple @Netflix @google &amp; others. Getting 6ms ping response! http://t.co/tIgLoVQoQs,Positive,0.5993532384189263
@apple make SD cards so we can add memory to our iPhone because we all know you won't allow SD cards until you profit from it,Negative,0.6200581426456808
"WOAH! 7% Cashback from @Apple store for #CyberMonday deals at http://t.co/fNROGTo4qO. #Ipads, #Iphones, #Mac and MORE.",Negative,0.5123636703727211
"All computers are susceptible to Adware, and don't believe that @Apple computers are immune! See this post from... http://t.co/tM2wLSlZgR",Positive,0.538607424931058
"APPLE Intraday Comments - NEW RANGE - PREMIUM USERS  #aapl #Stockaction #trading #Stocks #MKt
http://t.co/G0TeDLCB9z",Positive,0.671279739480304
"6 Reasons Apple Could Have Fallen 6% Yesterday $AAPL #aapl
http://t.co/BhJftcy3fN",Positive,0.530827652999432
"@Apple [#Apple] #Patents An #iPhone Drop Protection Mechanism That Changes Device .... (#Tuesday, 2 #December) http://t.co/WpnlcmBcSB",Negative,0.5993417892497048
Google Chromecast Leapfrogs Apple TV as the Aging Media Player Loses Ground to Rivals http://t.co/14UHvYCP6B #AAPL,Positive,0.5091362146518528
"Apple MacBook (å£949.86)
http://t.co/f5IHhOnzHM
@office_nerd @apple
#tech http://t.co/dWX2Q7sS6F",Negative,0.5247298069423776
my phone keeps fucking freezing @apple,Negative,0.7745448215224047
"RT @ace_kit_uk: Apple MacBook (å£949.86)
http://t.co/f5IHhOnzHM
@office_nerd @apple
#tech http://t.co/dWX2Q7sS6F",Negative,0.5247298069423776
"RT @ace_kit_uk: Apple MacBook (å£949.86)
http://t.co/f5IHhOnzHM
@office_nerd @apple
#tech http://t.co/dWX2Q7sS6F",Negative,0.5247298069423776
#gorgeous lighting @apple #GrandCentralStation http://t.co/iegTpffKhX,Positive,0.5672379339051172
When you can't hear people through your headphones thank you @Apple for the headphones and @god,Negative,0.6081552560950938
@Apple new patent has its #iPhone's doing mid air tricks to avoid breaking http://t.co/VWzWp2rY4e #Technology #Apple #patent #Tech,Positive,0.5226210078464721
I've been considering suing @apple for putting that shitty U2 album on my phone,Negative,0.6369582402542535
. @Apple patents drop-proof mechanism. Breaks laws of physics with anti-gravity. http://t.co/hRgrwfQFRD via @tomshardware #getagoodcase,Positive,0.5352552755875642
@MacRumors @kellyhodgkins I believe it I bought an @amazon Fire TV for $69 @Apple You've lost another customer,Negative,0.6507490991311509
"Apple goes to trial over $1 billion digital music lawsuit in California $AAPL #aapl
http://t.co/jAxLSipoQF",Positive,0.5152587395740568
RT @unstanningzarry: my phone keeps fucking freezing @apple,Negative,0.7745448215224047
Worth reading: #design comparison of @Google and @Apple's map apps: http://t.co/7vGUivRy0C #UX,Positive,0.5688924099579326
@ohiloveariana damn I wish I could get u an iPhone so we could imessage but I don't have enough money dAMN DAMM DAMN @apple,Negative,0.9759961473764429
"Morgan Stanley Sells Apple Inc., but AAPL Stock Still a Buy http://t.co/9tZVa6tPsV #AAPL",Negative,0.7303298944421543
Late Apple Inc. Co-Founder Steve Jobs 'Testifies' In iTunes Case http://t.co/UmRfdsVfZO #AAPL,Negative,0.5548700216850062
"@SparkingAri @Apple ikr! but u dont need to,bc i'll hopefully buy one on christmas if my grades are 17/20",Positive,0.5549414438106823
RT @SparkingAri: @ohiloveariana damn I wish I could get u an iPhone so we could imessage but I don't have enough money dAMN DAMM DAMN @apple,Negative,0.9759961473764429
"#AAPL:Android Phones to Dominate Through 2018, While iOS Phone Revenue Will ...http://t.co/b9VdeyRXTc",Negative,0.6924285003095406
Holiday weekend @apple v #android who came out on top? http://t.co/WEpQ4CunCr http://t.co/pNX4QKuymh,Positive,0.5691469580978645
@apple need to sort this b*llshit out with safari in Yosemite! 'Safari can not find server' #apple #macbook #YosemiteProblems #Yosemite,Negative,0.7284808622301423
"Apple: Canaccord, Merrill Up Targets on iPhone Cycle; Mostly Priced into the Stock, Says Pac Crest $AAPL #aapl
http://t.co/aCM2UjwbFc",Negative,0.60053622610868
"Which are the most popular stocks in each state -- besides #AAPL, that is? Find out: http://t.co/h958iiGDZb http://t.co/2ERPELhroC",Positive,0.6263417796447014
.@Apple faces $1B lawsuit over iPod allegations: http://t.co/UAVE47ez8w #legal #tech #lawsuit,Negative,0.7279800332829256
#AAPL:Here's Why Apple Won't Be A Trillion Dollar Company According To Billi...http://t.co/k2qlUBT8Bz,Negative,0.6380168257222718
@Apple gets patent to prevent cracked screens by rotating #iPhones as they fall: http://t.co/u23MhIOGjj http://t.co/0KR2KnuNQT #Apple,Negative,0.5890802872940486
@tim_cook Not happy with @Apple @AppStore Backwards compatibility should be a given.  It is for my other apps why not Aperture?? Money Grab?,Negative,0.5463482024451478
"RT @ace_kit_uk: Apple MacBook (å£949.86)
http://t.co/f5IHhOnzHM
@office_nerd @apple
#tech http://t.co/dWX2Q7sS6F",Negative,0.5247298069423776
Why isn't @Apple on Twitter? http://t.co/J37ja6MrpE,Negative,0.6956146635263893
@ggwpapple higher ups can link that link back to your @apple.com email address,Positive,0.5628332697298764
Hey @apple: Love ya but #AppleCare low-fi hold music is awful. Would prefer to hear tips on using apple gear.  Better use of my hold time.,Positive,0.8129874976263707
MacBook Pro 13   Non-retina First Startup: http://t.co/9l6RK2OLq2 via @youtube @apple #macbook #macbookpro #startup #hipster,Positive,0.5128225760845161
MacBook Pro 13in Unboxing: http://t.co/F3IM9YbpxF via @youtube @apple #macbook #macbookpro #startup #hipster #unboxing,Negative,0.5623560058022271
iPad Mini Unboxing!: http://t.co/GnLy8W75nA via @youtube @apple #ipadmini #ipad #macbook #macbookpro #startup #hipster #unboxing,Positive,0.6115462413160782
iPad Mini First Time Startup!: http://t.co/vGHN798zzs via @youtube @apple #ipadmini #ipad #macbook #macbookpro #startup #hipster #unbox,Positive,0.6666886700502316
"Apple's iPhone 6 may face patent dispute from Chinese vendor with look-alike device $AAPL #aapl
http://t.co/djF7KJjtPG",Negative,0.6641424633467834
Eddy Cue Speaks About iBooks Price-Fixing Case: 'We Feel We Have to Fight for the Truth' http://t.co/EQ7bKRe8K4 #AAPL,Positive,0.5050040267053694
Russia Could Ban Apple Inc. iPhone For Lawmakers [REPORT] http://t.co/AVW6r4P2C8 #AAPL,Negative,0.6558355138939082
"As a die hard @Apple customer, I must say I am truly displeased with the customer service I was given yesterday. #badservice #Apple",Negative,0.6852322929938162
I would like an @Apple rep to reach out to me and resolve the issue @tim_cook,Positive,0.6186459463436386
$AAPL has 4 analyst ratings in the last 7 days and 100% are positive. Median target: $137.5 (19% upside). https://t.co/ogs2AlQqHu #AAPL,Positive,0.7171266137122545
"RT @ace_kit_uk: Apple MacBook (å£949.86)
http://t.co/f5IHhOnzHM
@office_nerd @apple
#tech http://t.co/dWX2Q7sS6F",Negative,0.5247298069423776
@ace_kit_uk @office_nerd @Apple Is this deal still available?,Negative,0.7062321121993749
CNBCTV:  #Apple arguably most innovative company in world: Pro #aapl http://t.co/xWVD3zCkHu,Positive,0.6209090219848575
"@TheMancBear @ace_kit_uk @Apple Hi Craig!  Yes, this offer is still available. Please visit us online http://t.co/Sx9TwALiru to purchase.",Positive,0.5120518357416839
CNBCTV:  Day 1: #Apple's antitrust trial #aapl http://t.co/FQRoudZyOw,Positive,0.6149972853386197
#AAPL I think it will be valued at 140-145s at next year.Death of Steve Jobs damaged #Samsung more than Apple +,Positive,0.6574473868395518
"EU: Nice iPhone ya got there. Pity if something were to happen to it.
http://t.co/vpn1gWZi2r @Apple @applenws @iPhone_News",Negative,0.7196102051217177
#AAPL:Apple heads to trial with Steve Jobs as a witness...http://t.co/qq3XcPJPTk,Positive,0.644472144966985
BloombergTV:  #SteveJobs Testimony to Play Key Role in #iPod Trial http://t.co/vVRrZZMUdL #aapl,Positive,0.5625914235636655
RT @jopocop: BloombergTV:  #SteveJobs Testimony to Play Key Role in #iPod Trial http://t.co/vVRrZZMUdL #aapl,Positive,0.5625914235636655
"Deutsche Bank Sees Risk Of Apple iPhone's 'Sharp Production Cuts' $AAPL #aapl
http://t.co/QHLVaGZjkU",Negative,0.746384792854633
"#VerrÌ_cktes #GerÌ_cht: #iPhone6s zum @Apple [#Apple] Watch. (#Tuesday, 2 #December) http://t.co/bCjwU8zA0R",Positive,0.6223333097570437
@Google #Chromecast Leapfrogs @Apple #TV as the Aging Media Player Loses Ground to Rivals http://t.co/ukS4uyDEki,Negative,0.6018458104630582
@Apple gets patent to prevent cracked screens by rotating iPhones as they fall http://t.co/TmvY6OmQVN @tim_maliyil http://t.co/bQuuvuPfeR,Negative,0.5890802872940486
@apple plz kill Verizon soooo I don't have weird apps and passcodes and synchronized locations on everything,Negative,0.8452069530794685
RT @Elmetifi: #AAPL I think it will be valued at 140-145s at next year.Death of Steve Jobs damaged #Samsung more than Apple +,Positive,0.6574473868395518
Strikes me as somewhat stupid that @Apple have sent me a brand new iPhone without the latest software on. So I can't restore my old stuff.,Negative,0.8247795663921851
@apple really needs to do something about these bullshit cords,Negative,0.7456548779127541
Back from the Dead: Old iPods Drag Apple to Court http://t.co/8CqmzYqeGT #AAPL #SteveJobs,Negative,0.8139803262393307
"Up 169%, Is #Apple Supplier #Skyworks Still A Buy? #SWKS  #AAPL #BRCM #MU #QCOM #VTI http://t.co/YcxoMNmHqo",Negative,0.7868573776073577
5 gorgeous #iPhone #apps with surprising designs and amazing visuals | BGR #aapl http://t.co/6UkoSYokMn,Positive,0.940801875896296
#AAPL:Stripe banks $70m in fundraising round...http://t.co/qjMIbqgCak,Positive,0.5042068630414799
RT @IDSA: Legendary @Apple designer @SusanKare gives young designers 2 simple rules to follow. http://t.co/m5zs57VXdL via @FastCoDesign,Positive,0.8323815591717701
@Apple ??? My iPhone 3 which has been sitting quietly for a year in a protective case just split open at the back http://t.co/PyoHjiuG03,Negative,0.7725925463469733
"@NCRcorporation Silver Merchants Prefer #Bitcoin to @Apple #ApplePay http://t.co/fHQcL7Tz1K 
#Payments
#Retail
#Banking",Positive,0.5939506360934854
"Yes @apple, now is a perfect time to lock my screen and install a software update without asking. #not",Positive,0.5910479783892664
"Me too. MT @MsNarcissistic As a die hard @Apple customer, I am truly displeased with the customer service I was given yesterday. #badservice",Negative,0.7130542198922725
"Chinese phone vendor claims Apple's iPhone 6 looks too similar $AAPL #aapl
http://t.co/tcrnEA6YjX",Negative,0.6833737064326263
@SamJam Agreed--have to give props to @Apple for battery life on new iPhones. It's SO good. #TL_Chat,Positive,0.8076495573491669
#Winter can be scary but you can stay safe #Winnipeg with our free @Apple app http://t.co/wYJVGqW6qT,Positive,0.65058744001997
"APPLE - Fibonacci Technicals Levels - Intraday  Update - $AAPL #aapl 
http://t.co/0RzUiWcD9n",Negative,0.5555549526062871
"RT @JPDesloges: APPLE - Fibonacci Technicals Levels - Intraday  Update - $AAPL #aapl 
http://t.co/0RzUiWcD9n",Negative,0.5555549526062871
@apple I hate the microphone shit on the imessage please take it the fuck off,Negative,0.9126548159090626
A4: Sounds like I need to upgrade to the @Apple iPhone 6+. Although my spacious purse holds many items! @TommyHilfiger @StoreysTL #TL_Chat,Negative,0.7644375523203121
#Apple Patents Method to Make #iPhones Fall Like a Cat #aapl http://t.co/ZrkJVUqK2E,Positive,0.6890364497376339
#AAPL:Apple Should Fight The New Court Case Over Steve Jobs' DRM Decision...http://t.co/Se3yRHrAv1,Positive,0.645401999292883
#Apple in the Dock: $1 Billion Antitrust Claim Casts #SteveJobs as Conspirator #aapl http://t.co/qZaTiTlR26,Positive,0.585801047863705
#Apple Bears Get Paid as Put Contracts Double Amid Drop #aapl http://t.co/rMBM5mg5EJ,Negative,0.5661787919635655
"@SJSpencee @Apple Hell yeah Steve, stick it to the man!",Positive,0.5612243831478451
"Dear @Apple, I've been an Apple user for over 20 years and can't remember a bug like this current Safari on. #fixit! http://t.co/6AlSsd6igw",Negative,0.752035487950604
"Dear @Apple.

Kindly fuck off with your .m4a format.

Regards,
Music Listeners Everywhere.",Negative,0.654836034676834
"If @BlackBerry were like @Apple, 10.3.1 would have been released already. BB is not playing catch up, they have time to assure it's perfect.",Positive,0.7694179682625055
A6: Speaking of wearables! The new @Fitbit ChargeHR &amp; an @Apple iPhone 6. I want to eat latkes and run in place. #TL_Chat @TravlandLeisure,Positive,0.5743258129132464
@LittleWordBites @Apple @TommyHilfiger Sounds like we'd travel well together then! #TL_Chat,Positive,0.6991470881200108
@LittleWordBites @TravlandLeisure @Apple  &gt; A5: chipping in here- I am inspired by the iPhone 6+~ takes incredible photos! Pin sharp!,Positive,0.6248990575108322
Was pleased to meet a fellow tweep at @apple #connectED event!  A fellow #tbcoach practitioner @wyokari it was great to meet IRL #txed,Positive,0.7860735066534276
Our buddies @ArccosGolf are at eye level in the @apple store #startups @ctnext @StamfordiCenter #nice http://t.co/r3j9yZ5G8u,Negative,0.7604758388520104
"Apple Watch on Track for February 2015 Release, Testing Underway [Rumour]  $AAPL #aapl
http://t.co/vjOWVvDFx5",Positive,0.7920063049919092
@UberFacts i can think of 100 reasons not to if your on a 4s. Fuck @apple,Positive,0.5618823469378905
"RT @JPDesloges: Apple Watch on Track for February 2015 Release, Testing Underway [Rumour]  $AAPL #aapl
http://t.co/vjOWVvDFx5",Positive,0.7920063049919092
RT @ppropp: Our buddies @ArccosGolf are at eye level in the @apple store #startups @ctnext @StamfordiCenter #nice http://t.co/r3j9yZ5G8u,Negative,0.7604758388520104
"@midnight Its unfollow unlike Tuesday? How many can you unlike #unfollow? #SocialCleanUpTuesdayMaybe @Charter or @Apple #AntiDrama @FoxNews",Positive,0.5384100373058012
@TomAdler @shortyawards @Apple I agree.  'Get' does not explicitly imply free.,Positive,0.8794139585423013
@sometimesboring also wtf @apple i dont even live in kirkby,Negative,0.7743265840573075
"The #innovation sector has the largest multiplier effect when it comes to jobs! @Apple employs 13,000, while creating 70,000 indirect jobs!",Negative,0.5182557465946351
"Morgan Stanley Sells Apple Inc., but AAPL Stock Still a Buy $AAPL #aapl
http://t.co/w6zGbxeEs0",Negative,0.7303298944421543
There's a movie in my iTunes Match / iCloud that I can't remove. Actually it's a trailer. Very annoying @Apple.,Negative,0.7771765879392186
Silver finish: The #AppleWatch places second before it's even out http://t.co/lAEe2Uy4QD via @macworld #aapl,Positive,0.5752137639072514
Siri be on that bull shit telling me it's not gonna rain and shit da fuck I pay for her for @apple,Negative,0.8331901269578935
@Apple Give me a job so I never have to suffer through Windows OS for personal nor work use,Negative,0.7131669760076522
#Nasdaq100 #recent #market #exit #4: Sold $AAPL long for a 10.49% #gain in 20 days. #AAPL #forex #trading #stocks,Negative,0.871535713492792
.@Google Unseats @Apple In U.S. Classrooms As #Chromebooks Beat #iPads,Positive,0.6297669637797857
"@macmall is the @united of shopping. you have paid, but you may or not receive your goods (or flight). @apple far better at #custserv",Positive,0.6180629633655876
waiting on my #iPod - Bubblews http://t.co/un1LzQKrL0 via @apple #apple,Positive,0.5099060034262498
Changing words that aren't even misspelled like where do they REALLY do that at???? I would really like to know. @apple,Negative,0.5127470414054379
Russia Could Ban #Apple Inc. iPhone For Lawmakers [REPORT] http://t.co/WrAI7vkuz2 #aapl,Negative,0.622409484543385
There is a lot more that goes into building a brand.  You don't becom @apple just by picking a good name. @itsAventum_ @TheAphotic,Positive,0.6043994792053553
#Apple Inc. Short Interest Down Significantly In November http://t.co/6ReutKybS2 #aapl,Positive,0.6390308824978851
Don't worry @bentkraus. you can crash anything. Not even @Apple can stop you,Positive,0.5924872799819959
.@apple MacMail on OS X #Yosemite is really giving me a hard time. Is there an alternative email program out there? #YosemiteProblems,Negative,0.7167901481053413
"Russian lawmaker thinks the iPhone is stealing state secrets $AAPL #aapl
http://t.co/ixxTdEtliT",Negative,0.7180560015564688
"APPLE - Fibonacci Technicals Levels - LAST Intraday  Update - $AAPL #aapl 
http://t.co/9tLzXOlfzG",Negative,0.6750661966455849
"RT @JPDesloges: APPLE - Fibonacci Technicals Levels - LAST Intraday  Update - $AAPL #aapl 
http://t.co/9tLzXOlfzG",Negative,0.6750661966455849
Autocorrect changes actual words to other words but when I spell an actual word wrong it doesn't correct it? Fuck yall niggas @apple,Negative,0.5483038274474661
macbook love today @apple,Positive,0.8109631276276108
@Jon_Favreau movie 'chef' so original &amp; well executed. Reminded me of the days Steve Jobs dreaming up @apple and then created the #iPhone,Positive,0.7796258804514193
"@Apple [#Apple] #Patents An #iPhone Drop Protection Mechanism That Changes Device .... (#Tuesday, 2 #December) http://t.co/W5X6P2CgAw",Negative,0.5993417892497048
"APPLE Intraday Comments - LAST Update - PREMIUM USERS  #aapl #Stockaction #trading #Stocks #MKt
http://t.co/G0TeDLCB9z",Negative,0.6081074359293868
What Happened To Apple Inc?   http://t.co/FJEXI3oP0U  #aapl #apple @MoneyPress http://t.co/wXKmmTMArW,Negative,0.821054145638576
what the hell is this 5gbs of 'other' data on my phone @Apple?????????,Negative,0.6516914661261257
"if I tweet about NANDOS my phone puts it in caps, I like the iPhone six, it knows my favourite restaurant. good phone GG @apple",Positive,0.7700006701181966
"Apple:Dec 2 Trading Daily Profit $3.34/sh, Weekly Profits of $13.37/sh  #aapl #Stockaction #trading #Stocks #MKt  
http://t.co/ISJv7tZk0l",Positive,0.6750104141078102
"Technology Sector Update for 12/02/2014: NTLS, #AAPL, TMUS, S: #Nasdaq: is set to go to trial Tuesday regardin... http://t.co/yurC0DokBu",Positive,0.5491331751725378
Wells Fargo Continues Promoting Apple Pay With New Advertisement http://t.co/5XarM27WRi #AAPL,Positive,0.6399578416129686
Let's not forget that press effects stock @Apple to Defend Against iPod Antitrust Suit http://t.co/pqJ0bKIMb8,Positive,0.616799252365459
FoxBusTV:  Is it time to start buying #Apple? | http://t.co/RmhvTdnPaY #aapl,Positive,0.6849116246001413
How in the heck isn't there a taco emoji? @apple,Negative,0.6238953569263701
#AAPL:Steve Jobs emails featured in Apple iPod U.S. antitrust trial...http://t.co/KUKwAblVTp,Positive,0.5050947939646337
"Trade $AAPL #FREE Nightly Updates are #posted here on #Twitter, or you can visit the #Trade #AAPL FREE #website here http://t.co/U4TKeApbxF",Positive,0.6880863740034503
".@Sony named 'most-desired brand' during #BlackFriday &amp; #CyberMonday, beating #tech rival @Apple: http://t.co/4YN6pUtLKK via @TheDrum",Positive,0.7736863410596561
Strategic steps towards Full-Time #Trading http://t.co/JH7BMS1Kgb  #stocks #futures #forex #trader #es  #baba #aapl #gpro #fb #eem #eSignal,Negative,0.5082889297578038
Results of our' #Mobility PilotHouse program. @ATT  @Cisco @Apple see which had the most loyal customers. http://t.co/FAyv72N0xt,Negative,0.5053430244310944
"@optionmonster IMHO, #oil is going lower, no reason not to, no bottom here. Also, BTW #AAPL is going $200. @CNBCClosingBell #boldstatement",Positive,0.7094592988316842
RT @NewsMintApp: #AAPL:Steve Jobs emails featured in Apple iPod U.S. antitrust trial...http://t.co/KUKwAblVTp,Positive,0.5050947939646337
@Google Beating @Apple in U.S. Education Market Amid iPad Slowdown http://t.co/KTsLbYeNTa #neo,Positive,0.7234354166353907
@SonyUK see not even have the courtesy to reply as I said should have stayed with @apple much better customer service from them,Negative,0.5073382800620874
@TIME: Steve Jobs to testify in @Apple trial from beyond the grave http://t.co/pPab0v8hUn,Positive,0.6129965873571198
2 simple rules for young designers from legendary @Apple designer Susan Kare via @FastCoDesign http://t.co/NLzn2m5FjG,Positive,0.6951456104053965
"sold to you on both counts RT @ualdrivr: @optionmonster IMHO, #oil is going lower,  no bottom here. Also, BTW #AAPL is going $200",Negative,0.5049727900509987
5 Companies Growing Faster Than Apple Inc. http://t.co/QsoC8dir60 #AAPL,Negative,0.5384189963383835
#AAPL:Apple co-founder The Woz going into reality TV...http://t.co/N4TcQdV5MV,Negative,0.6367191261579885
"Apple Inc. price at close, December 02, 2014, is 114.63. #apple #AAPL",Negative,0.640707625649337
2/ At its announcement @samsung supporters criticized #AAPL for 'following' Samsung into the large screen game.,Positive,0.5074119245492564
We're out here taking Bluetooth calling to a whole new level where you at @Microsoft @Apple @BillGates http://t.co/YWVxCWwnww,Negative,0.5050124242001087
"3/ Looking at it now, especially with @samsung's declining sales, it looks more like #AAPL just decided it wanted Samsung's piece of the pie",Negative,0.5467545049170983
Thank you @Apple for fixing the #Swift sourcekit crashes in #XCode :). Life is better now! http://t.co/NbRWTTcZ35,Positive,0.7725863851891289
Where da fuck is this middle finger emoji @apple so I can ignore my Niggaz shit talk wit a single sign,Negative,0.5635362347095287
So cool! Apple Patents iPhone Drop Protection Mechanism That Changes Device Angle In Freefall #aapl #AppleWatch http://t.co/Yck87DOCeQ,Negative,0.5634067865223931
Sign of utterly broken wifi driver: my @apple Air sitting on my lap I'm desperate enough to read my email on my Android phone,Negative,0.7514836403819775
@Apple @ibmbizanalytics MobileFirst enterprise collaboration online. Game changer? #doclens http://t.co/FsOvxCiit5 http://t.co/qwCUhsq57u,Positive,0.5968190909343475
Hands-On With Elgato Smart Power and Mophie Powerstation Plus External Batteries [iOS Blog] http://t.co/ixtMoOjRpI #AAPL,Positive,0.7287523759278229
#AAPL moving towards the #IoT and more connectivity in your everyday life. RT @businessinsider: THE FUTURE OF APPLE http://t.co/ZiKLflrHpm,Positive,0.6185354646090766
Who knows someone that works or has worked @apple in Cupertino? #bayarea #techies,Positive,0.727631004870494
@Apple #ipad #innovation  let us maintain what we enjoyed when we were young http://t.co/Tpt3k2GBAS via @HuffPostTech http://t.co/Tpt3k2GBAS,Positive,0.7318108105686513
@renoxalex @Apple so sick @tacobell is petitioning for one,Negative,0.9675373949064687
@apple need to come out with new emojis. Perhaps one that is a @Raptors claw,Positive,0.687793257317467
Apple Releases Final Cut Pro 10.1.4 and Xcode 6.1.1 [Mac Blog] http://t.co/LjOSIwSpy7 #AAPL,Negative,0.6676890043694318
Apple Inc. iPhone 6 May Infringe On Chinese Company's Patent http://t.co/fcCrpUvyRi #AAPL,Negative,0.6864624972133183
Apple Inc heads to trial over digital music claims http://t.co/ojTt06NJ5r #AAPL,Positive,0.6162434773369669
Chinese smartphone maker claims #Apple copied iPhone 6 design - http://t.co/iUzewX1JuE #AAPL #Android,Negative,0.635439156226157
contact @Apple RT @mrstiffanyanne anybody that sold an iPhone before? i have questions &amp; can't find them on Google!!!,Negative,0.8509976308218234
"@apple goes red for aids awareness #ProductRED #fuckaids 
http://t.co/NVJbsh3duW
for every like i get this month a will donate a quarter",Positive,0.5535478886729375
WHY DO I HAVE 5 GROUP MESSAGES WITH THE SAME PEOPLE. @apple,Positive,0.5324435166142454
RT @Laura_Kate8: WHY DO I HAVE 5 GROUP MESSAGES WITH THE SAME PEOPLE. @apple,Positive,0.5324435166142454
RT @Laura_Kate8: WHY DO I HAVE 5 GROUP MESSAGES WITH THE SAME PEOPLE. @apple,Positive,0.5324435166142454
RT @Laura_Kate8: WHY DO I HAVE 5 GROUP MESSAGES WITH THE SAME PEOPLE. @apple,Positive,0.5324435166142454
Is @apple the most searched for company and @google the most searched on platform?,Positive,0.5675105445051519
I love my #iphone6 @apple #MobilePhone http://t.co/5AJVSQXGDn http://t.co/kLwBBWIp0o,Positive,0.9711467460915083
I'm learning all about Apple at @Influenster! @Apple http://t.co/CKyptDnrtg,Positive,0.5506556499382195
#AAPL:Is it time to start buying Apple?...http://t.co/5nulnjlbaG,Positive,0.6192456079869824
"Apple Continues War on Notification Center Widgets, Asks 'Drafts' to Remove Note Creation Feature http://t.co/QJgIklUDVh #AAPL",Positive,0.6151331918719203
I'm learning all about iPod Touch at @Influenster! @Apple http://t.co/TuI7LSgBJw,Positive,0.5494941369523758
#Apple Inc. #AAPL News Analysis: Did Apple Inc (AAPL) CEO Steve Jobs Consider Himself Above The Law? http://t.co/ZF0v7k2N7H,Positive,0.5800147144036791
"#VerrÌ_cktes #GerÌ_cht: #iPhone6s zum @Apple [#Apple] Watch. (#Tuesday, 2 #December) http://t.co/PGCaSLAnZa",Positive,0.6223333097570437
@Apple gets patent 2prevent cracked screens by rotating falling #iPhones  http://t.co/HncqAOrFKR via @mashable #bigdocc,Negative,0.6669454251273198
RT @Laura_Kate8: WHY DO I HAVE 5 GROUP MESSAGES WITH THE SAME PEOPLE. @apple,Positive,0.5324435166142454
@GriffinNW @Apple @tacobell I love you @tacobell!,Positive,0.9711467460915083
"@Apple if I dismiss a call when it comes in, I did not 'miss' that call. Can't the notification accurately reflect my action?",Negative,0.9257347520800351
@jengolbeck @Apple agreed,Positive,0.6049874257769488
IM SICK OF YOUR FUCKING SHIT @apple,Negative,0.9680665320533739
"@jengolbeck @Apple introducing iGlove, an Apple product allowing one to single-handedly operate an iPhone 6.",Negative,0.5639491747771086
@Apple sets its own timetable (rather than chasing the #competition) by focusing on #customerexperience  http://t.co/bfU8MSx7On #cx #cem,Negative,0.636885226917443
"Today's Show On Demand features @LawyerPeteSchulte on #PoliceBodyCameras; @Apple opening in #Toledo, &amp; Hot 5 at 5! http://t.co/rKHubWeRjX",Positive,0.7748030575484597
#AAPL:One Thing Everyone Is Getting Wrong When It Comes To The Apple Televis...http://t.co/ELXD0efhIV,Negative,0.7378436262030659
#AAPL: Steve Jobs to Be Star Witness in #Apple iPod Lawsuit: Steve Jobs e1294712990453 #AAPL: Steve Jobs to Be... http://t.co/4wdMnluzjK,Positive,0.6896656160571657
Mozilla Planning to Release Firefox iOS App in the Future http://t.co/HbOYDOwDn8 #AAPL,Positive,0.8223128648959299
@renoxalex @Apple or hang loose ???,Positive,0.8112526662172745
@Landonboyd93 @renoxalex @Apple wheres the lava lamp emoji?,Negative,0.7627638163677758
"Ok, @apple, @sprint if you're going to sell each other's stuff, provide each other with visibility into each other's order systems.",Positive,0.5907867702123137
I had the Facebook app but my dumbass deleted it and now I can't redownload cause it says I need iOS7 suck my fucking ass @apple,Negative,0.9369853111095374
"New HA Blog Post &gt;&gt;&gt; Final #AAPL #PutCallRatios for Tuesday, December 2, 2014:  http://t.co/1dqxA6K4g8",Negative,0.5244840198317684
"#mkt Final #AAPL #PutCallRatios for Tuesday, December 2, 2014:  http://t.co/XXKx7FgtOU",Negative,0.7260014225643636
"Final #AAPL #PutCallRatios for Tuesday, December 2, 2014 http://t.co/OQfBuhpYMZ via Hamzei  $$",Negative,0.6995958117508518
@DelenaNian4eva_ @Apple chill?,Positive,0.6926500982949925
"RT @HamzeiAnalytics: New HA Blog Post &gt;&gt;&gt; Final #AAPL #PutCallRatios for Tuesday, December 2, 2014:  http://t.co/1dqxA6K4g8",Negative,0.5244840198317684
Amazon (AMZN) Ecosystem: The Biggest Threat to #AAPL Stock: amzn Amazon (AMZN) Ecosystem: The Biggest Threat t... http://t.co/A0j0C8TbyW,Positive,0.713160819554285
"IVV, #AAPL, XOM, MSFT: ETF Inflow Alert: #Nasdaq: Among the largest underlying components of IVV, in #trading ... http://t.co/RmmeH7uGZm",Positive,0.5672379339051172
@apple get cha shit together and fix my phone !!!,Negative,0.6634859052014663
@TheWeldingRoom @Apple @Monster @redbull You need to try the Ultra Red Monster!,Negative,0.5512723662887655
@caseypieper @TheWeldingRoom @Apple @Monster @redbull I heard Monster was the hebrew devil. lol,Positive,0.5354282719006952
@Shampeau @TheWeldingRoom @Apple @Monster @redbull No holds bar huh?,Positive,0.5777667560197471
RT @Shampeau: @caseypieper @TheWeldingRoom @Apple @Monster @redbull I heard Monster was the hebrew devil. lol,Positive,0.5354282719006952
"#AAPL:After-hours buzz: Apple, Bob Evans Farms &amp; more...http://t.co/PHVzSFanso",Positive,0.6328407528049075
"@Shampeau @caseypieper @Apple @Monster @redbull 
Ultra Red? ok, I have some research to do... I've seen the coffee, white, blue",Positive,0.67199237697621
@iirwanks ICK YO @apple Autocorrect RUSE,Positive,0.5672379339051172
Ok I muted the groupchat but I still get notifications uhm @apple what the hell,Negative,0.816704689227369
@iambrozie @Apple Will it give me Edward Scissorhands length fingers? Because then I might be able to use this!,Positive,0.5853796319659752
"Sitting here waiting for more than half hour for my 'appt' @Apple , watching 'geniuses' talk crap about their customers in the open, nice...",Positive,0.5290296836397849
Loving my #carplay unit in my Honda Fit!  Works great.  I just hope more apps make it to CarPlay!  Come on @Apple!!,Positive,0.9110602614757027
iPhones Of The Future Could Save Themselves When You Drop Them http://t.co/tiubfsLZgS #aapl #smhq,Positive,0.549554916791516
It would be nice if I could type more than one sentence without my computer freezing up @Apple @Microsoft @Word @Internet @Everyone,Negative,0.5624150421182434
"Final #AAPL #PutCallRatios for Tuesday, December 2, 2014 http://t.co/g0NOwucGoG",Negative,0.7260014225643636
@apple-dee-ap Early Signs of Liver Damage &amp; How to Strengthen Your Liver http://t.co/miSpGaBjaO,Positive,0.6432212600954327
"Yo @Apple wtf is wrong with you people? Make it easier to delete contacts already, gosh damn it!!!",Negative,0.8707279060203252
@Apple why does the clock disappear in Siri? It's super annoying when you want to set an alarm and suddenly you can't see the time.,Negative,0.8900515146146536
Dear @Apple I would like an #iMac with touch screen more than a watch,Positive,0.6410862400900184
my dad called now my musics arent playing jesus christ @apple problematic,Positive,0.5899229937140589
fuck you fuck you so much i hate you @apple,Negative,0.9272088565655444
"#AAPL:In emails, Jobs determined to keep iPod Apple-only...http://t.co/Ox0P6tIhrs",Positive,0.5267254644108321
L.A. School District Officially Ends $1.3 Billion iPad Initiative in the Midst of an FBI Investigation http://t.co/ny9oaj6gXr #AAPL,Positive,0.5883733606956307
Will I become immune to bugs like @apple? @WomenOfHistory: You become like the 5 people you spend most of your time with. #choosewisely,Positive,0.6871830333346926
well imessage doesn't work thanks @apple,Negative,0.5080761267830851
Next year my goal is to be #Apple free. Tired of their BS. @Apple @iTunesSupport,Positive,0.6109177843187654
"@jengolbeck @Apple Yep, the only jump I'd make from my 5 now is to 5S. At least good deals on 5S now with 6 out.",Positive,0.8546292520234097
@anneohirsch @Apple My 5S was great - just had a cracked screen &amp; a dying battery. I'm thinking about trading the 6 in for a new 5S :(,Negative,0.506602108505578
@Apple patents active fall protection system that shifts iPhones in midair http://t.co/UmVw5NeoJC,Positive,0.5481660781199363
. @Apple is the Most Innovative Company of 2014 http://t.co/h4gqjPyluF via @TechCocktail #innovation,Positive,0.5603378048227757
Also I've had my iPhone 6 for two days and it's already broken shout out to @apple,Negative,0.8376821658414395
"Uh, is @Apple making fun of French people (and being rude) in their new iPhone 6 'call from anywhere' ad?! That's how it seemed to me.",Negative,0.5361966136307211
One Thing Everyone Is Getting Wrong When It Comes To The #Apple Television #aapl http://t.co/S72WXZ4dcq http://t.co/boch9Dbt3Q,Negative,0.7187847329457355
THE FUTURE OF #APPLE #aapl http://t.co/0MO7dUeyh6 http://t.co/txHppUeWp7,Positive,0.8317718777614164
I am feeling creatively stifled by the current emoji selection @apple,Negative,0.7081555493823193
@apple fuck you bitches my phones abrick and stuck on the apple logo,Negative,0.799803147065392
We know Raul is just going to LOVE his brand new art supplies!  Thank you @SarahInThisCity @Apple!,Positive,0.9179027048343125
"AAPL 'buy' reiterated,  target raised to $130 by Bank of America Merrill Lynch $AAPL Brief explanation here:  https://t.co/349ckZlF0v #AAPL",Negative,0.7178419508628755
"Forget #Apple, Here Are Better #Tech Stocks to Buy | The Motley Fool #aapl http://t.co/drJdIvOtxu",Positive,0.596599335516357
"Stock #Market Today Moving on WMT, #AAPL, and Uber News: Money Morning: The company reported more than 1.5 bil... http://t.co/BQ7JGdBO7k",Negative,0.6886961969456129
"Morgan Stanley Sells #Apple Inc., but #AAPL Stock Still a Buy: #aapl stock news Morgan Stanley Sells Apple Inc... http://t.co/Q20LTF26Uz",Negative,0.6812148407127856
One good thing about waiting in the @Apple Store for my 'appointment' is that I cleared up the backlog of emails from my inbox,Positive,0.6207554110620698
Product Hunters: The Functional (And Whimsical) Keyboards for #iOS8 - Forbes #aapl http://t.co/yUGBzFHsNB,Positive,0.7283635635988814
"Move Aside #Apple and #Google, #Alibaba is Entering the Connected Car Space - Forbes #baba #goog #aapl http://t.co/gOSQlrWvtl",Negative,0.5430221989001569
iMessage isn't working thanks @apple,Negative,0.548025890193113
@kaitlynpearle @Apple get android,Positive,0.5263779193628875
@nickruz4 @Apple I can't I just got a new phone /;,Negative,0.6372353391969126
No at typo changing my words. Get it together @apple,Positive,0.7025378849778935
$AAPL has 17 analyst ratings in the last 30 days and 94% are positive. Median target: $130 (13% upside). https://t.co/Qpwsx61EZ8 #AAPL,Positive,0.6447615375817254
"Hey @apple could you make an iPhone charger that lasts more than a month? Sincerely, a broke high school student who wants her phone charged",Negative,0.7378096247365873
fuck apple for allowing ppl to access the camera when the phone is locked fuck you fuck you @apple,Negative,0.829675450413003
"Myths vs. Reality-Full Time #Trading http://t.co/JH7BMS1Kgb  #stocks
#futures #forex #trader #es #aapl #gpro #eSignal http://t.co/YV1kNhuLR1",Positive,0.6826772236869519
"why don't we have an ape emoji on iphones? or a middle finger? it's almost 2015, step it up @apple.",Negative,0.7252186809371356
@apple I am beginning to think your products are crap,Negative,0.6507606971023214
my iphone 6 FINALLY came after almost 3 weeks don't think I'll forget this @apple,Negative,0.7083177051921795
"#AAPL:In Emails, Steve Jobs Determined to Keep iPod Apple-Only...http://t.co/ZV2NPesHCw",Positive,0.6158052661126414
You need to send me my IPhone before I cancel @tmobile @apple,Negative,0.7567423428827258
This is the 6th charger I've had to buy for my mac and they gave me the wrong one @apple #applesuport Fix this wrongdoing give me a free one,Negative,0.6613921805953739
FUCK @apple,Negative,0.7304149368746512
Liberals should protest corporate greed and throw away all their nifty @apple products. #ShutItDown #DCFerguson,Negative,0.7336209566932355
Watch Steve Wozniak use #iPhone6 to magically unlock a hotel room #woz @apple http://t.co/xvEO1boalW,Positive,0.7520070786702886
DEAR APPLE THIS IS THE WORSE SERVICE EVER @apple http://t.co/JHPs71DF0W,Negative,0.8195473369105075
"@Apple [#Apple] #iPhone7 Release Date Speculations Indicate Sept 2015 Launch, #Apple .... (#Wednesday, 3 #December) http://t.co/anRecOyKuD",Positive,0.6557237762620169
"Since all the software updates, my iPhone, iPad and iPod touch will not charge and are royally fucked up @Apple",Negative,0.7671428083964402
s/o @apple for this really great charger that works so well! #not,Positive,0.7489208156818761
Cheeky @apple...  Very cheeky.... No dice though... You can't own 'App Store' it's a description not a product - http://t.co/8L7VeRuzfs,Negative,0.7737441294347305
"@apple should buy @nintendo and @sega. They'd get emulation, characters, game content/portfolios, brand recognition, and developer contacts.",Positive,0.6457992490868008
"#bug @apple #ios #spotlight #search search for twitter app, selecting search the web results are for input BEA #6Plus http://t.co/zasjFA6s4K",Positive,0.6151008918472571
#AAPL #iOS8 RT @BenedictEvans Browser share http://t.co/s9SVPYSpjn,Positive,0.7204441425036107
@apple get your shit together with group chats on ios8,Negative,0.5075599048468324
"@dangainor @Apple But then how could they post to Twitter (NASDAQ: TWTR), Instagram (NASDAQ: FB) or Shutterfly (NASDAQ: SFLY)? #ShutItDown",Positive,0.6984134163183651
#Russia is selling its banned #SteveJobs #tribute #statue | @CultofMac http://t.co/RPsHWCAr3s #Apple #AAPL #iPhone #memorial #bastards,Positive,0.5509580564677751
"FUCK MY FUCKING PHONE ITS FUCKING TRIPPING IM FUCKING TIRED OF THIS FUCKING BULLSHIT 

IM HOLDING YOU RESPONSIBLE @apple",Negative,0.8363054793392526
. @apple why is my computer so slow,Negative,0.7150046558900929
RT @mkschuster: . @apple why is my computer so slow,Negative,0.7150046558900929
"Really need tap-to-tweet back, @apple",Negative,0.7308278213454088
"#PeterHewer @Apple iPhone 6 claimed to copy a Chinese smartphone design. Ouch

http://t.co/G8IgaodgPN",Negative,0.8517212217410266
Love @apple #iphone5 but I need to upgrade soon http://t.co/KkQNsU8QUt http://t.co/vQezbjOPxA,Positive,0.6635394115724205
@mochasucks @renoxalex @Apple that's what I'm saying!!!!,Positive,0.8177423877189757
@Landonboyd93 @mochasucks @renoxalex @Apple what about a penis emoji? I'm sick of implying that my dick looks like an eggplant.,Negative,0.8471102758698155
Love my @apple #macbookpro. Best ever http://t.co/NW0L3w5B7F http://t.co/hau6j9Y489,Positive,0.9160130795494403
@Apple there isn't a puke emoji I'm pissed fix it fat,Negative,0.9003839483015685
@RoamingWithRuth @Apple pretty cute guys,Positive,0.9343048816643683
I have 170 pictures and my storage is full @apple get it together,Positive,0.6185557235083574
RT @Breyythatsmee: I have 170 pictures and my storage is full @apple get it together,Positive,0.6185557235083574
Why #AAPL Stock Had a Mini-Flash Crash: Money Morning: Nothing the analysts suggested would make a widely held... http://t.co/IhMonRcEKX,Negative,0.6588940319545666
#Apple's Success Has Made It Part Of The 'Payola Scheme': #Apple Inc. (NASDAQ: #AAPL) recently reached a new m... http://t.co/rIsKLh5CqO,Positive,0.8126717166974446
That would be brilliant! It's sad @Apple doesn't allow Mozilla's better engine @OpenSourceAgent #opensource,Negative,0.8473542285268414
APPLES EARBUDS ARE SO FUCKING WEAK THEY LITERALLY CANNOT WITHSTAND ANY GOD DAMN DAMAGE I HAVE WASTED SO MUCH MONEY FUCK @Apple,Negative,0.937080996869466
Why is Tom automatically capitalized and tommy isn't?? @apple you need to fix this. #autocorrectprobs,Negative,0.8281679585797136
We should be able to name group texts. That would be great @Apple,Positive,0.6577042623763268
@apple @microsoft @stevejobs @BillGates  common somebody http://t.co/9z0qeiBtlc,Negative,0.5603153857401844
why is it so difficult to qualify for a #geniusbar appointment at @Apple these days? #unneccessary,Negative,0.6357178531710524
Do i have to go to @Apple if idr the code? -_-,Positive,0.7044881947057763
"After-hours buzz: #AAPL, BOBE &amp; more: Check out which companies are making headlines after the bell Tuesday http://t.co/Fa69PY1BjP",Positive,0.7990368018041267
Even #Microsoft agrees #iPhone6 is mind blowing. #AAPL #design #product #innovation #mobile http://t.co/4bFUF4NRij,Positive,0.6508370882009334
. @support @dickc how can anyone logjn &amp; reorder my tweets? I have 2step auth don't share passwords &amp; @apple said I've no malware @pmarca,Positive,0.5991031724320479
god dammit fuck you @apple,Negative,0.7583374782803468
RT @yungbaaz: god dammit fuck you @apple,Negative,0.7583374782803468
@Apple do something you cunt @BarackObama,Positive,0.6141608021389111
fuck you @apple @iphone,Negative,0.7304149368746512
The U.S. government accepts donations to reduce the national #debt #fact @BillGates @Oprah @realDonaldTrump @WarrenBuffett @apple @google,Positive,0.5075816225504842
PRINCIPLED TRUTHS: Eddy Cue Talks to Fortune as Apple Appeals E-Book Price-Fixing Judgment. #AAPL http://t.co/Y7JDYN0mlR,Negative,0.5557220947943715
PRINCIPLED TRUTHS: Eddy Cue Talks to Fortune as Apple Appeals E-Book Price-Fixing Judgment. #AAPL... http://t.co/1AMKTIeKys,Negative,0.5557220947943715
I could punch whoever came up with the new @apple commercials. #makeitstop #ahhhhhhh,Positive,0.6954504929267851
@apple fuck you,Negative,0.7304149368746512
#AAPL:The Tell: Apple patents way to save iPhone from dropping and breaking...http://t.co/KG3JlIuGYL,Negative,0.6989639296304576
"hey @apple can I catch a fucking maverick of a wave on an iPhone?
didn't think so. #SurfsUpSamsung",Positive,0.5408807705917665
.@apple there needs to be a finger gun emoji PRONTO.,Negative,0.7917369064468546
10 best Steve Jobs emails http://t.co/51iykzcBYa #apple @apple,Positive,0.7916932309577938
"Dear @Apple, please fix your AWDL issues.. https://t.co/rAy5olfZyt",Negative,0.7815673839110442
"are u #android or #ios? $aapl #samsung #aapl #ApplePay #apple #GoodMore
#GivingTuesday
#StonerSports
#3YearsOf5SOS
#FlashvsArrow
#stocks",Positive,0.5672379339051172
Apple Inc. Goes To Trial on Anti-Trust Charges Today http://t.co/ZgCPIf0w5T #AAPL,Negative,0.590433474205162
@Apple What english is this? What do you mean? http://t.co/pZB18o3kVJ,Negative,0.5626587137261654
"Apple MacBook (å£949.86)
http://t.co/f5IHhOnzHM
@office_nerd @apple
#tech http://t.co/0cuTGtm7fF",Negative,0.5247298069423776
@migreyes @dhh thank @apple.,Positive,0.9621727191066098
Can #iPad conquer the enterprise? Only if @Apple has the guts to license #iOS: http://t.co/0mWOJkycsc,Positive,0.6274007361488776
@apple really need to up their battery game. Because ain't no one got time to charge their phones #furstrated #annoyed #charging,Negative,0.7855050912957369
yea let me just pay 600 dollars for phone so it dies at 30% fix your shit @apple,Negative,0.7763642955966596
@FaZeNikan @Apple Wrong @ Homie,Negative,0.8587937245617463
@FaZeNikan @Apple haha switch to @Android,Positive,0.7684909787849835
@FaZeNikan @Apple did u overheat it,Positive,0.5672379339051172
RT @RyansConcepts: @FaZeNikan @Apple Wrong @ Homie,Negative,0.8587937245617463
RT @FaZeNikan: yea let me just pay 600 dollars for phone so it dies at 30% fix your shit @apple,Negative,0.7763642955966596
@FaZeNikan @Apple I had the same thing. Bought an iPhone 5 when it came out and had to replace the battery after a month or two.,Negative,0.6071120899518252
"@FaZeNikan @Apple lol iPhone,weak. Get on that Lumia level bruh",Positive,0.592444984604952
Great FCP X update from @apple today. That will do nicely! #video # editing,Positive,0.8616633911013062
RT @FaZeNikan: yea let me just pay 600 dollars for phone so it dies at 30% fix your shit @apple,Negative,0.7763642955966596
Great piece from @howardlake on @apple &amp; the new #RED #app store - profits from exclusive content go to @GlobalFund: http://t.co/FfOBuzQ7VI,Positive,0.8294415501029702
still can't merge multiple apple-id's @apple #fail http://t.co/5BNAihk58p,Negative,0.8800699092569755
# Dyslexic iPhone 6 Users rejoice! Thanks to @apple and 'voice text' hard to spell words are a thing of the past! http://t.co/wjJfLYZme3,Positive,0.6070129888984283
@FaZeNikan @Apple @applenws @AppStore i know my iphone  dies at like 20%,Negative,0.6534142721833527
Realised the reason @apple make huge phones is because they f**ked Safari up by not allowing us to hide the address bar,Negative,0.5969400563231839
still can't merge multiple apple-id's @apple #fail http://t.co/CDvtUjnqgu,Negative,0.8800699092569755
Intel And Inevitability - http://t.co/gIZLUhRphw #AAPL #INTC #MCHP,Positive,0.5672379339051172
why is there no black heart emoji @apple,Positive,0.7322639040141634
Steve Jobs emails featured in Apple iPod US antitrust trial http://t.co/UNEs9ioHtF #AAPL,Positive,0.5050947939646337
"Trade $AAPL #FREE Nightly Updates are #posted here on #Twitter, or you can visit the #Trade #AAPL FREE #website here http://t.co/U4TKeApbxF",Positive,0.6880863740034503
The rumoured @oppo R8207 looks very similar to a certain @Apple #iPhone6 http://t.co/eSUoXuE4lr,Positive,0.515736612550769
The rumoured @oppo R8207 looks very similar to a certain @Apple #iPhone6 http://t.co/nJKstb1rJf,Positive,0.515736612550769
@Apple @appleios rolled out #WebGL to #iOS8 3 months ago and just overtook @google @Android in WebGL support levels.,Positive,0.7328960134963355
RT @Stuff_SG: The rumoured @oppo R8207 looks very similar to a certain @Apple #iPhone6 http://t.co/nJKstb1rJf,Positive,0.515736612550769
OH MY GOD. DONT PLAY WITH ME. FORREAL. @Apple,Negative,0.6156720524008465
@Apple TV fades away in #streaming video player market http://t.co/nmqcdKFnUL,Positive,0.502169947972483
"@Apple patents active fall protection system that shifts #iPhone in midair http://t.co/76QWGA6ml7 #Technology
#FYI",Positive,0.5481660781199363
#AAPL:Don't Confuse Morgan Stanley Decreasing Apple's Weighting By 1% With B...http://t.co/5jWelm30vM,Negative,0.8661625065672041
RT @pyalot: @Apple @appleios rolled out #WebGL to #iOS8 3 months ago and just overtook @google @Android in WebGL support levels.,Positive,0.7328960134963355
@FaZeNikan @Apple restart it or wait till next Apple update happens to me,Negative,0.6259019711852891
". @apple diag and support suck a lot! It says 'cannot connect server, try again', then 'ticket not found' #disgusting http://t.co/ARyYbxOdox",Negative,0.6704927006140837
"http://t.co/D2TeKpbQyw
@Apple Default search engine",Positive,0.5092443670984197
"GTAT Creditors Want to Question Apple's Jeff Williams $AAPL #aapl
http://t.co/FlFWmJ5LkH",Negative,0.5693082564606649
"Brilliant Tech! No more broken screens in #festivals, @Apple via @techcrunch http://t.co/o6HfU1n1il http://t.co/2ocWnFeyNe",Negative,0.6553984562944759
"UPDATE 2-Steve Jobs emails featured in Apple iPod U.S. antitrust trial $AAPL #aapl
http://t.co/ZIlhjZvY61",Negative,0.6019108374829991
"'A lot of times, people don't know what they want, until you show it to them.' - Steve Jobs #AAPL #Apple",Negative,0.661652801504926
I've sent my computer out to @apple twice for repairs in the last month and each time it comes back with a new problem Something isn't right,Negative,0.6437052796869667
WHY? WHY HAVE YOU PUT GAY STUFF IN MY FUCKING IPHONE @apple http://t.co/r7BrJShrXK,Negative,0.7369677607101304
.@apple why do your computers like to crash on dead week before finals?,Negative,0.788484251281089
@sashametro Its the iupdate process that is so incensing. what rubbish. Hopefully @apple will be irrelevant again soon.,Negative,0.6079810876415163
@Apple fix your apps.... If I click play it ain't playin'..... So it ain't really a play button is it?,Negative,0.6852166096961307
I'm going to press the play button!! Wait no I'm not :( @apple fix your apps http://t.co/eteewIIjrO,Negative,0.6341445046872332
It's just dawned on me that I've probably spent more on replacing frayed / non functioning Iphone cables than I've spent on iPhones @apple,Negative,0.7747616328641312
@mayhembcn iUpdate is new since I needed a DUNS two years ago (web form + phone call) - ironic for an @apple req that it only supports IE8+,Positive,0.5174978397999714
"Apple Bears Get Fat Payout From Stock Swoon; the 60-Second Plunge $AAPL #aapl
http://t.co/RffvQbdl7Z",Negative,0.6928216180517119
@GMONEYizME @Apple how so true; making sales off their accessories!,Positive,0.7152884813513979
'@GMONEYizME: I've probably spent more on replacing non functioning Iphone cables than I've spent on iPhones @apple' - #SwitchToLumia,Negative,0.7747616328641312
"L.A. school district halts iPad contract as FBI seizes documents $AAPL #aapl
http://t.co/BTJokQnriy",Negative,0.6484513827617073
"Great coverage @EPro of @comscore 's Cyber Monday data, but show me the top items by store, like this for @apple http://t.co/rfZnOaCG7c",Positive,0.6314873439913576
@Siri @Apple @SteveJobs @alarmthatdidntgooff this is disrespectful,Positive,0.5672379339051172
"Apple's iOS devices accounted for 78% of record setting Cyber Monday mobile sales $AAPL #aapl
http://t.co/7ixmkG9cb4",Positive,0.5536542752757878
"@Apple have patented an #iPhone drop protection mechanism. Is the is end of #crackedscreens?
http://t.co/Tea3fu5wfX http://t.co/v4J11CPyYy",Negative,0.7736800610870497
You're probably reading this on an iPhone built by the largest company around #AAPL They broke more records http://t.co/GpCQIgWMXm #impress,Negative,0.6558241709421255
How is 'never' interpreted as 'ask me again annoyingly soon' when iOS apps ask to be rated?  @apple tell your devs never means NEVER,Positive,0.5298834463604725
"Apple's iPhone Crushes Samsung's Galaxy by More than 6 to1 in Japan $AAPL #aapl
http://t.co/6hDOWuO2uV",Negative,0.7220707522605307
"@Apple [#Apple] #sales soar after launch of #iPhone6. (#Wednesday, 3 #December) http://t.co/QrV3LxeVgm",Positive,0.6243917013903332
"As Apple still struggles to meet iPhone 6 demand, Canaccord raises price target to $135  $AAPL #aapl
http://t.co/IrZI8Q8F9r",Negative,0.7143256331219485
"@CadeRageous Thx RT .@Apple Own 2600 digital languages (IP) = NEW #internet Leader,10% of cost of #DIY .@googlenexus http://t.co/sQv0FmaPGO",Positive,0.8443257249906949
So got the new #iphone6 and growing to love it. A bit bulky coming from the iphone5 but nice feel thanks @apple now waiting for #applewatch,Positive,0.8689602331354356
"RT @JPDesloges: GTAT Creditors Want to Question Apple's Jeff Williams $AAPL #aapl
http://t.co/FlFWmJ5LkH",Negative,0.5693082564606649
"SP500 Technology Bull% Index: The Apple Experiment ?  $SPY, $SPX, $ES_F, $XLK, $AAPL #aapl  http://t.co/RjnT7rnbBi",Positive,0.6021448407110286
"Technical Observation of the Day: Tested the 20 DMA on Apple $AAPL #aapl
http://t.co/6EJ6Mbv44f",Negative,0.5184643524110941
Apple's PT raised by JMP Securities to $150.00. outperform rating. http://t.co/omCdSCu85d $AAPL #AAPL,Positive,0.5672379339051172
Apple's PT raised by JMP Securities to $150.00. outperform rating. http://t.co/XWaeIU03vr $AAPL #AAPL,Positive,0.5672379339051172
"In emails, Jobs determined to keep iPod Apple-only  $AAPL #aapl
http://t.co/JwK4grA7Zq",Positive,0.5267254644108321
"APPLE Intraday Comments - Pre-Opening - PREMIUM USERS  #aapl #Stockaction #trading #Stocks #MKt
http://t.co/G0TeDLCB9z",Positive,0.5154593675237964
We love cocktails here at @Apple Jacks and we want to share some of our favourite cocktails with you! Pop in... http://t.co/jC4EkbSTn3,Positive,0.8371845369571485
"@Apple working on making next phone drop in the safest way all the time...like a cat
http://t.co/dQBmgZydoY",Negative,0.5635175979074641
#Apple's Recent Pullback A Buy Opportunity #AAPL http://t.co/YEAmT2V5qf,Positive,0.604240228341192
#Apple's Eddy Cue Talks About Price-Fixing On E-Books: He'd 'Do It Again' #aapl http://t.co/yHMmbvye9f,Positive,0.5672379339051172
"In a Bay Area Courtroom, Lawyers Hit Replay on @Apple History, via @nytimes #antitrust @itunes #ipod  http://t.co/tsQ9dUrK6B",Negative,0.6828658769948389
#SteveJobs' Emails Show How He Wanted To Smear Competitors As ' #Hackers' #aapl http://t.co/BYJ0ZR62AV,Negative,0.597692594398739
@Apple Stop liking man.,Negative,0.5984692055177907
"Why Even Apple Is Surprised by the Enormous Demand for the iPhone 6 $AAPL #aapl
http://t.co/rwGf20VByx",Negative,0.6295679290459407
"APPLE - Fibonacci Technicals Levels - Intraday - Pre-Opening $AAPL #aapl 
http://t.co/ueCSTwoPcp",Negative,0.5557220947943715
YO I DIDNT TOUCH MY PHONE AT ALL AND RIGHT WHEN I DISCONNECTED IT FROM THE CHARGER IT WENT DOWN 3% @apple WE ARE GONNA SCRAP RIGHT NOW,Negative,0.7618506739642814
TheStreet:  Why Even #Apple Is Surprised by the Enormous Demand for the #iPhone6. #aapl http://t.co/lIicDmSVsj,Positive,0.6060774420025612
Steve Jobs' Snarky Testimony Takes Center Stage in iPod Class-Action Lawsuit Opening http://t.co/Nxet3fEO5Q #AAPL,Positive,0.6192225526988853
#JimCramer you used the same logic to explain #TOL earnings during the paek in housing..Its a retailer..#AAPL just like #AMZN  not tech.,Positive,0.531156201579984
RT @ConsumerFeed: Apple's PT raised by JMP Securities to $150.00. outperform rating. http://t.co/XWaeIU03vr $AAPL #AAPL,Positive,0.5672379339051172
BLOCK TRADE detected in #AAPL,Positive,0.5143322102389286
#iPhone6S Rumors Point To A CuriousåÊEarly 2015 Release - Forbes #aapl http://t.co/YGHgLCjbfK,Positive,0.67631100235193
"APPLE Intraday Comments - Updated RANGE - PREMIUM USERS  #aapl #Stockaction #trading #Stocks #MKt
http://t.co/G0TeDLCB9z",Positive,0.573069605851099
Go Apple! Looks like a little squeeze again :) #aapl $stocks,Negative,0.6125758564899662
Is apple fairly valued at $115? #aapl #ios #AppleWatch #ApplePay #apple #iPhone6 #iPhone6Plus #stocks #finance #stocks #trading #samsung,Negative,0.5557220947943715
@apple #iPhones Of The Future Could Save Themselves When You Drop Them http://t.co/CNl4d6nlsp,Positive,0.549554916791516
Butterfingers and @Apple do mix: @#applinsider: patents active fall protection system that shifts iPhones in midair http://t.co/qM52Rml6c9,Positive,0.6141731679408646
#ApplePay Partner #Stripe Valued at $3.5 Billion in Funding #aapl http://t.co/5KRh8CJDMB,Positive,0.5672379339051172
"APPLE - Fibonacci Technicals Levels - Intraday  Update - $AAPL #aapl 
http://t.co/fGN0TdxhyM",Negative,0.5555549526062871
"RT @JPDesloges: APPLE - Fibonacci Technicals Levels - Intraday  Update - $AAPL #aapl 
http://t.co/fGN0TdxhyM",Negative,0.5555549526062871
"My 17' MacBook Pro boots with pink vertical stripes, a gray screen, then shutting down and repeating...help @apple http://t.co/xZ4Wb3dm73",Negative,0.5057388096700159
@jakeflem @Apple what year is it?,Positive,0.5260191229429168
"APPLE - Fibonacci Technicals Levels - Intraday  Update - $AAPL #aapl 
http://t.co/27JnTFmO0i",Negative,0.5555549526062871
@jakeflem @Apple Try booting while holding Command R and see if you can do a disk repair,Positive,0.5655442533813431
GOSH DARNIT @Apple I DONT KNOW WHAT THE CLOUD IS,Negative,0.8212821768473852
#AAPL:Apple's Eddy Cue Talks About Price-Fixing On E-Books: He'd 'Do It Agai...http://t.co/mSC8uepzPn,Positive,0.5672379339051172
"@jakeflem @Apple I had to get my logic board completely replaced, if it's under warranty they'll do it for free - make sure to back up b4",Positive,0.799665493334053
"Big Spending by Consumers on Cyber Monday

#CyberMonday, #PayPal, #Apple, #AAPL, #eBay, #WalMart, #WMT, #Sales,... http://t.co/pB6WltjTzZ",Positive,0.5653130609471663
"Allowing @Apple final creative authority, @Chase will debut the first spot featuring #ApplePay this week. http://t.co/lnve19yw7G",Positive,0.5551638092550097
"Apple CEO Tim Cook Talks Technology With Senator Orrin Hatch During Washington, D.C. Trip http://t.co/Nzd3IIMIBV #AAPL",Positive,0.7928742991083466
@jakeflem @Apple We've previously had to deal with this issue it's really annoying. Try to reset the NVRAM http://t.co/EoIAf3wO5f,Positive,0.5159130736970655
tell ur update to stop capitalizing everything @apple,Negative,0.5312721869472223
@SSComposer @Apple seems to ignore any key presses like command r and is just doing its own thing.,Negative,0.5969903525889482
#AAPL now moves a point faster the a New York driver changes lanes.,Positive,0.7129385144947107
@briannaUrie @Apple Their autocorrect is so shit too,Negative,0.7489880028092263
"@jakeflem @Apple But it won't fix the problem for good, could back and you might have to change the logic board, check with  Apple Genius :(",Positive,0.631941631317797
"#Kantar: @Apple [#Apple] On Track For 'Record Quarter' As #iPhone6 Sales Bump Up Its .... (#Wednesday, 3 #December) http://t.co/HDmGr8fwYA",Positive,0.7729275438622545
@SaifBinS3eed @Apple get the cloud to butt extension on your web browser,Positive,0.5107586598815411
"APPLE - Fibonacci Technicals Levels - Intraday  Update - $AAPL #aapl 
http://t.co/rFeLByukN6",Negative,0.5555549526062871
http://t.co/N87ZYWyaKQ #YotaPhone2 is the future of cell phones. @apple and @samsung should be scared.,Negative,0.651837407257439
CNBCTV:  #Cramer: #Apple has no real competition #aapl http://t.co/8cYgzEZQPN,Positive,0.6330443367506747
CNBCTV:  #Chromecast beats #AppleTV #aapl http://t.co/uX3vYSzHhu,Positive,0.6189276650899682
"APPLE Intraday Comments - Updated RANGE , - PREMIUM USERS  #aapl #Stockaction #trading #Stocks #MKt
http://t.co/G0TeDLCB9z",Positive,0.573069605851099
"Opinions of 20K doctors on #Fitbit &amp; @Apple's #HealthKit
http://t.co/wkLwORDA0Q
@KarthikPMO @MMA_4U @vr_ias @AMANet @AIMAIndia
#HealthCare",Negative,0.6371020356404615
@umo_games @Apple thanks for the tip! Seemed to do something but still pretty much the same. :(,Positive,0.7859942311244101
@jokigenki @Apple I think it's like 2011? Can't look right now.,Negative,0.6803151964256096
"Trademark Confusion: Apple's App Store Trademark was rejected in Australia, approved in Europe  Canada  $AAPL #aapl
http://t.co/m1Wt4QFYD1",Negative,0.5089053297573447
"Lowkey, Yosemite trash af I cant use my logic express 9 anymore @Apple yall irritating the fuck outta me - Sincerely a disgruntled person",Negative,0.882668752287692
@jimcramer Tks for setting the record straight for @apple investors!!!,Positive,0.7254789443604035
@jakeflem @Apple Yes It seems to fix it good the first time and then as time passes it deterioates until you have to change logic board,Positive,0.6830321294094186
@jakeflem @Apple  Sorry that you're going through that hope you get this fix it was a real pain for us too  but Apple care cover it for free,Negative,0.5229170600224926
@alzaabi741 @Apple I wish I could man.. I wish I could..,Negative,0.9335624222485148
They gotta DO something '@_iRapeCouches: @SydneyA @Apple SO TRASH my computer keeps freezing &amp; being dumb af after i upgraded to Yosemite,Negative,0.6082467110803728
@_LanaCarine_ @Apple doesn't have a twitter @Applebees this is your problem now,Negative,0.6590709039570903
RT @thehill: Justice Department cites 18th century federal law to get @Apple to unlock iPhones: http://t.co/Eth0QpAIom,Negative,0.6264845397159011
@umo_games @Apple yeah no AppleCare here haha.,Positive,0.9019297381388389
transpartent resin infused #composite structures by @apple http://t.co/10yd6g3wK7,Positive,0.5672379339051172
"Huge iPhone 6 Sales Push iOS market Share Up Worldwide: Report $AAPL #aapl
http://t.co/Ogook0fGLQ",Positive,0.5922031396609728
"APPLE - Fibonacci Technicals Levels - Intraday  Update - $AAPL #aapl 
http://t.co/Yv3QE2BGxD",Negative,0.5555549526062871
Anti-trust expert Peter Carstensen of @WisconsinLaw can discuss @Apple #antitrust case in California federal court http://t.co/LClHnQMOKf,Negative,0.5667618961623195
"#Samsung Sale Puts Spotlight On The Buyer, #Corning #GLW  #AAPL #SSNLF http://t.co/oFQx1Go5eL",Positive,0.6108434661580507
"Taking Apple's Lead, Amazon Gets Physical - News - Harvard Business School http://t.co/UensGejRaJ @HBS @Apple",Positive,0.503743129295015
Rumors Surface for #Apple #iPhone6S and #iPhone7 in 2015 #aapl http://t.co/Qinl78BI0D,Positive,0.5672379339051172
@Apple s new patent against broken screens http://t.co/l2KQQhV8dp  @TechCrunch #tech #iphone #business #innovation http://t.co/LVMNZPg36F,Negative,0.8068364477828681
@carlquintanilla @CNBC  Where would we be..if only #AAPL was in the Dow. sarc..,Positive,0.5561240371946412
Steve Job's Deposition in #iPod Lawsuit Could Cost @Apple $1 Billion http://t.co/7vDXwvxKpe #MusicBiz #MusicIndustry #Apple,Positive,0.6273876388110959
@Apple s new patent against broken screens http://t.co/LSwPdLt8UD  @TechCrunch #tech #iphone #business #innovation,Negative,0.8068364477828681
7 awesome paid #iPhone and #iPad apps that are free for a limited time via @BGR #aapl http://t.co/AAAkSIIgP0,Positive,0.71796940021403
@wdtuts @baxleyglass does because one belongs to @Apple and the other to @Ang and the third is from @Adobe via #employeediscount.,Positive,0.6022054353331997
"#VerrÌ_cktes #GerÌ_cht: #iPhone6s zum @Apple [#Apple] Watch. (#Wednesday, 3 #December) http://t.co/scANaAuNPe",Positive,0.6223333097570437
Did anyone update their Yosemite? My macbook is running like shit. @apple #apple,Negative,0.6045253872329528
RT @hypebot: Steve Job's Deposition in #iPod Lawsuit Could Cost @Apple $1 Billion http://t.co/7vDXwvxKpe #MusicBiz #MusicIndustry #Apple,Positive,0.6273876388110959
"Kantar: iPhone 6 helps Apple gain share over Android, iPhone 5c outselling iPhone 6 Plus in US $AAPL #aapl
http://t.co/YLL678kOkn",Negative,0.6011187278113097
"@jakeflem @Apple That sucks, don't know what it cost in dollars but for us that was å£400 :(",Negative,0.9335527490696555
#Google #Chromecast Surpasses #Apple TV In U.S. Sales http://t.co/dgebBbU5vq #aapl #amazon #amazonfiretv #amzn #appletv,Positive,0.6797702110572554
RT @KirkYuhnke: What do you think? Want an @Apple #Watch? http://t.co/7HjDjQ1iAb,Negative,0.8378675384407834
#AAPL:Google tops Apple...//feeds.foxbusiness.com/~r/foxbusiness/video/~3/-DbuiO5m0_M/,Positive,0.8249633421847483
"@jakeflem @Apple take it in. that's a faulty graphics card which was recalled. had exact prob, they replaced mine (for free) out of warranty",Positive,0.6630875890855654
MacBook Pro 13   Non-retina First Startup: http://t.co/9l6RK2OLq2 via @youtube @apple #macbook #macbookpro #startup #hipster,Positive,0.5128225760845161
MacBook Pro 13in Unboxing: http://t.co/F3IM9YbpxF via @youtube @apple #macbook #macbookpro #startup #hipster #unboxing,Negative,0.5623560058022271
iPad Mini Unboxing!: http://t.co/GnLy8W75nA via @youtube @apple #ipadmini #ipad #macbook #macbookpro #startup #hipster #unboxing,Positive,0.6115462413160782
iPad Mini First Time Startup!: http://t.co/vGHN798zzs via @youtube @apple #ipadmini #ipad #macbook #macbookpro #startup #hipster #unbox,Positive,0.6666886700502316
.@Apple patents new reflex drop technology for #Mobile devices|learn how this could come in handy #MobileDose http://t.co/BSGtvfPc5B,Positive,0.5984674130752053
"@sethlouey @Apple iOS updates bricked Trish's phone too, seems like the Apple is getting a bit rotten",Negative,0.7095181974172102
UPDATE: #Intel #INTC Led Group Said to Back Plan That Would Limit #Qualcomm #QCOM Licensing Fees #AAPL #HPQ  http://t.co/sDjnCTSVCH,Positive,0.5545040080028446
What's at the core of @Apple's new #iOS7? Excellent updates for your phone's #mobilesecurity. #McAfee - http://t.co/pVo68ZVdq4,Positive,0.703522975441298
@jakeflem @Apple Some info for you: http://t.co/J79FnVB94e http://t.co/m3pclPVgGK http://t.co/J72WyhXxx1 Hope it helps. #PinkScreenOfDeath,Positive,0.7864806802647225
"FBI investigates iPad school programme $AAPL #aapl
http://t.co/s5ymu0u1Rb",Negative,0.6237715596143322
"APPLE - Fibonacci Technicals Levels - Intraday  Update - $AAPL #aapl 
http://t.co/FrmecK7f8q",Negative,0.5555549526062871
"Hoping @Firefox does not cave! @Apple should allow other browser engines! #OpenUp
Could Soon Come To iOS TechCrunch  http://t.co/WGnY6XOarD",Positive,0.522005929151108
#AAPL:5 companies growing faster than Apple...//rss.cnn.com/~r/rss/money_latest/~3/n1Ps4CmqWL4/index.html,Positive,0.5190834278882475
@buzz I sit home every Friday night waiting for an invitation to join an @Apple dev team.  (looks at his phone)   They'll call me one day.,Positive,0.6276296269168594
why isn't there a dreidel emoji @apple,Negative,0.8292340334240513
Bluetooth 4.2 to Bring Direct Internet Connectivity and Increased Speed http://t.co/w0hEGLfBpi #AAPL,Positive,0.6058689674883455
"Guys at @Apple, is this serious? #Yosemite full of stupid and ugly bugs. Feeling #sad. (cc @tim_cook,@therealjonyive) http://t.co/42Mjc3SsJE",Negative,0.9363755766389306
#iPhone6 #Plus Grabs 41% of U.S. #Phablet Sales #aapl http://t.co/BiTmwU5e4F,Positive,0.6797702110572554
It's important that Apple not become the developer for the world. We need people to invent their own stuff.' - Tim Cook CEO of @Apple,Positive,0.6968727349419034
Can't believe @Apple said melted keys on Mac Pro is not under warranty for a machine less than a year old. Asking for å£500 to repair.,Negative,0.6831151399637166
"Huge iPhone 6 sales put Apple on course for record quarter $AAPL #aapl
http://t.co/2VIMb7QieI",Positive,0.6219070623750504
BLOCK TRADE detected in #AAPL,Positive,0.5143322102389286
CNBCTV:  #Apple takes the stand #aapl http://t.co/WNSSTkAAmM,Positive,0.785134908703616
"Check out @Mercedes Benz For @Apple #iPad 2 &amp; 3 Tan Leather Case 9' Device, Beige. #MercedesBenz http://t.co/OSIY3SJrkF via @eBay",Positive,0.8083201444856495
Hey @apple are you even thinking about fixing your wifi issues? #YosemiteProblems,Positive,0.5099159502948744
@GregBurke85 Just wait until @Apple Inquisition feels like @Apple Origins...,Negative,0.6898505075026881
"@ggheorghiu, @mhmcquiston's solution is offering an integration suite, something like @apple's approach",Positive,0.7640623869897517
.@Samsungtweets adds some heavyhitting #digitalhealth partners to rival @Apple via @mobihealthnews http://t.co/2vBZ9L8UX5,Positive,0.556903593355219
"If you listen to @apple, you'd think the only way to keep your brain sharp is thru certain apps they provide/sell. Uh...reading, muhfugs",Positive,0.5676093736290707
"The customer service from @apple  is the BEST. In for years having and enjoying their products, I have ZERO complains. Thanks #apple",Positive,0.7779580585986786
#New #foldable #Macbook #Pro falling on your laptop creates @Apple s latest innovation http://t.co/mHSuJO73X6,Negative,0.7217030003549387
where is kenneth @apple,Positive,0.5672379339051172
// when i have gone through 6 iphone chargers in the past montht hank s @apple,Negative,0.9066971900728957
RT @hypebot: Steve Job's Deposition in #iPod Lawsuit Could Cost @Apple $1 Billion http://t.co/7vDXwvxKpe #MusicBiz #MusicIndustry #Apple,Positive,0.6273876388110959
In the trickle of information @Apple has released on HealthKit @vincekuraitis note 'going braid' strategy #hcub2014 http://t.co/QvEz8C6572,Positive,0.563724553098866
"Pegraton may Gain Orders for 50% of the 2015 4.7' iPhone 6S $AAPL #aapl
http://t.co/jjvkpoa01X",Negative,0.6149885955583326
RT @HamzeiAnalytics: BLOCK TRADE detected in #AAPL,Positive,0.5143322102389286
"APPLE - Fibonacci Technicals Levels - Intraday  Update - $AAPL #aapl 
http://t.co/pBiVbGNMN2",Negative,0.5555549526062871
@umo_games @Apple thanks for the info. Genius was able to get the computer booted by forcing the discreet video card on boot,Positive,0.6924286654654165
RT @drycomposites: transpartent resin infused #composite structures by @apple http://t.co/10yd6g3wK7,Positive,0.5672379339051172
Every new iPhone or update spellcheck suppress my greatness more and more...stop trying to tell me what to type @apple!!!,Negative,0.649236613910582
you know why Mac users were so happy to get TurdBolt? because @apple eschewed eSATA since its inception. nut kicks to DEAD Steve.,Negative,0.5234636134708597
.@Apple CEO @tim_cook visits @WhiteHouse http://t.co/O5dYvVi0I1 by @JMHattem,Positive,0.5672379339051172
"Los Angeles Unified School District Reportedly Suspends iPad Purchases Following FBI Raid $AAPL #aapl
http://t.co/rbXXWU16f0",Positive,0.5300620316554858
"More expensive @Apple products failing after less than 18 months.  No warranty, no recourse. Why is it we buy this junk again?",Negative,0.7538481134758019
"@thehill @Apple @tim_cook @WhiteHouse @jmhattem Obviously part of the left's multi-talented, super-successful gays in business agenda.",Positive,0.7940487049025285
Matthew Neville @Apple on the Shifting Role of #Customs Compliance at Global #Customs Compliance Forum http://t.co/72uILUUNjS #trade,Positive,0.6029957327901981
@leiahemilyy @Apple really???,Negative,0.6681087261509568
RT @thehill: .@Apple CEO @tim_cook visits @WhiteHouse http://t.co/O5dYvVi0I1 by @JMHattem,Positive,0.5672379339051172
$AAPL has 4 analyst ratings in the last 7 days and 100% are positive. Median target: $137.5 (19% upside).  https://t.co/ogs2AlQqHu #AAPL,Positive,0.7171266137122545
RT @thehill: .@Apple CEO @tim_cook visits @WhiteHouse http://t.co/O5dYvVi0I1 by @JMHattem,Positive,0.5672379339051172
RT @thehill: .@Apple CEO @tim_cook visits @WhiteHouse http://t.co/O5dYvVi0I1 by @JMHattem,Positive,0.5672379339051172
@BadAdmiral_ @nanexllc  Bob Pisini can explain this as excellent portfolio management vs #AAPL's flash crash..,Positive,0.6066464050866682
"Photo: CafÌ© Mac @Apple: check, Shady Groove @Google: check. For not being a techie, I seem to frequent... http://t.co/RpFTxGAr5L",Positive,0.6275201214614179
RT @thehill: .@Apple CEO @tim_cook visits @WhiteHouse http://t.co/O5dYvVi0I1 by @JMHattem,Positive,0.5672379339051172
Got to hear about the new patent by apple ... and that's a quite innovative idea.... @apple.  The mobile screen will never break in future,Positive,0.5955297479895604
@jakeflem @Apple Yeay! Glad it all worked out for you :),Positive,0.8839640410505948
Apple Price-Target Rises to $140 http://t.co/qhDMdyRIBi #Apple #AAPL,Positive,0.6494417595081468
@Apple pls let me know when yr sorti out problems wi ipadmini its freezing slow http://t.co/Ou8SsWA6jT,Negative,0.6252428153007805
Loved the discussion about @prcelines come back. @hblodget called it second to @apple turnaround #BI_IGNITION2014,Positive,0.5255431437818994
"The oddly uplifting story of the Apple co-founder who sold his stake for $800 
$AAPL #aapl
http://t.co/CiZbVR05PJ",Negative,0.6880120184131863
@umo_games @Apple ended up getting a new computer anyhow (work computer) Here's how you can switch between vid cards http://t.co/kuISePVc0o,Positive,0.6344504277991257
Whoever downgrades from a iphone 6 to a 5S obviously doesn't understand the extra 20% battery life. Every morning my 5S is dead. @apple,Negative,0.7705673396372141
@Shagale @apple why'd you do this to us?!,Positive,0.5672379339051172
"If @apple made tape dispensers and staplers, I would be all set! http://t.co/7Te2eBic10",Positive,0.6584138900607708
@Apple granted patent for tech that shifts iPhone's center-mass during fall to prevent damage to screen http://t.co/E310yYWXBi #USPTO,Negative,0.5791808415720516
@HeadxCreeps @Apple fuck you apple,Negative,0.7211860305108182
@bonerforesst @HeadxCreeps @Apple bought this maybe two weeks ago and it's already started lol. http://t.co/BZGCdtmHEA,Negative,0.5058363819007143
.@Google Trumps @Apple In Streaming Media Sales http://t.co/obPlpnWhXW @mp_gavin,Positive,0.6143109486447115
.@Google Trumps @Apple In Streaming Media Sales http://t.co/3DWuvAILFr,Positive,0.6143109486447115
This new phone sucks I can't make it stand up or on its side I can't wait for the iPhone 7 @apple fix this you dingles,Negative,0.7266174975246205
Idk if it's my phone or WHAT ! Ip6 ain't shit but problems. @apple fix this shit !!,Negative,0.9317969018909878
"The iPhone 6 May Have A Longer Upgrade Cycle - If So, Expect Unit Sales To Fall $AAPL #aapl
http://t.co/eP1ZksHNqJ",Negative,0.5235440269882377
RT @thehill: .@Apple CEO @tim_cook visits @WhiteHouse http://t.co/O5dYvVi0I1 by @JMHattem,Positive,0.5672379339051172
waiting a week for a DUNS number is preventing me from being able to build and release a client's iOS app. @apple why do you hate me so?,Negative,0.7404381507943784
Pegatron May Handle More Than Half of 'iPhone 6s' Orders in 2015 [iOS Blog] http://t.co/MV4Qyd77o3 #AAPL,Negative,0.5703430191170658
"last month ip cable this month earpiece, give me a break @apple",Negative,0.5069998793990912
Is It Time to Buy the Dip in Apple Inc. Stock? http://t.co/yDiX7wZOLP #AAPL,Negative,0.524920650357305
"More Evidence That Apple, Inc. Needs to Refresh Apple TV http://t.co/thn87b3iTb #AAPL",Negative,0.6887217379200341
@Apple sometimes I have to restart my phone to make Siri do speak selection and it's annoying #fixit,Positive,0.5842063355711599
@Apple is always the '#talk of the #town'. #CrescentGate,Positive,0.6018282613465809
#AAPL:Apple back in court with $1 billion on the line...http://t.co/MdUQi14XQK,Negative,0.7616577375162683
Not sure if I want the 6 or the 6 plus @apple #iphone6 #iphone6plus #iphone http://t.co/BxjgPUDtc6 http://t.co/WPag3BqwKp,Negative,0.5991544098839331
"Companies i admire : @3QDigital @vaynermedia @apple. It must rocks to work there, because mainly of their boss and their culture.",Negative,0.6184907455192595
"Is It Time to Buy the Dip in Apple Inc. Stock? $AAPL #aapl
http://t.co/mzLzxlhEsl",Negative,0.524920650357305
Is It Time to Buy the Dip in #Apple Inc. Stock? | The Motley Fool #aapl http://t.co/bVdhycYaUE,Positive,0.5584268879258443
"More Evidence That #Apple, Inc. Needs to Refresh #AppleTV | The Motley Fool #aapl http://t.co/UGec9C70Mr",Negative,0.6320264900911188
dear @apple Karen wins for best customer service ever. she waited on hold for 12 minutes to help me while I waited on hold w/ my bank,Negative,0.6557557526654266
@ABillaut @VaynerMedia @Apple Thanks so much!,Positive,0.893084490489875
"Why isn't there a vomiting emoji yet, @apple http://t.co/iqxtSXmUCK",Negative,0.8288584373730028
@Cyrus_T_Virus @Apple good god lmao. burn daytona to the ground,Positive,0.6826875059851368
Julian Robertson Still Bullish On Apple Inc. http://t.co/TZR1tF5Gv6 #AAPL,Negative,0.79200761478833
#New #foldable #Macbook #Pro falling on your laptop creates @Apple s lateståÊinnovation http://t.co/4z1FkmbKKX,Negative,0.7464337874866374
"Apple's iPhone Gained Significant Share In The US, Japan, Germany And Great Britain http://t.co/m6e1RP7g6C via @forbes #AAPL #iPhone6",Positive,0.6910384673765744
"@Apple @tim_cook question,
Will Passbook ever do anything?",Positive,0.7130825854557522
Why did @apple send me a new computer today and it is broken... #whyamihavingtomakegeniusbarappointmentsalready,Negative,0.7439129088953889
"OK, utterly rediculous! Takes 2 hrs to do a simple thing like syncing a ringtone? Itunes Accessability is horific! Again! Rediculous! @Apple",Positive,0.6527597386672662
A Lawsuit Asks Whether #Apple Used #iTunes For Price-Fixing #aapl http://t.co/UqL1ffo0pc,Negative,0.7102353359732398
"Apple hints at work on VR gaming &amp; user interfaces for future products, Oculus and Leap experts wanted $AAPL #aapl
http://t.co/hNnaxWneMA",Negative,0.5272059906194759
RT @SaifBinS3eed: This new phone sucks I can't make it stand up or on its side I can't wait for the iPhone 7 @apple fix this you dingles,Negative,0.7266174975246205
Goodbye graphics problems. Thank you @apple for such great customer service. http://t.co/XVB8utXOU3,Negative,0.5407534986201608
Goodbye graphics problems. Thank you @apple for such great customer service. http://t.co/uvohriZKYE,Negative,0.5407534986201608
#Apple dominates mobile online shopping at 78 percent in US #aapl http://t.co/1fqoPIhObO,Positive,0.6404666458678295
#Jobs Said #Apple Took Pains to Protect Record Contracts #SteveJobs #aapl http://t.co/5PlKs2LRTT,Negative,0.5569306667194696
Hey @Apple I think u need a new product: iPster,Positive,0.6526750775546031
RT @ppropp: Our buddies @ArccosGolf are at eye level in the @apple store #startups @ctnext @StamfordiCenter #nice http://t.co/r3j9yZ5G8u,Negative,0.7604758388520104
@whereiscooldude @Apple I kind of thought that before hand,Positive,0.5647660108015008
"All in the wrist: Devs embrace future of Apple Watch apps $AAPL #aapl
http://t.co/fUKLqn6J0G",Positive,0.5392431399129256
"APPLE - Fibonacci Technicals Levels - Intraday  Update - $AAPL #aapl 
http://t.co/bDEayGr5IG",Negative,0.5555549526062871
@BestBuySupport Now I'm being told because it was an @Apple product the price can't be overrided. Must pay full price then call back for an,Negative,0.6906249785084008
"@Cyrus_T_Virus @Apple same, really",Negative,0.6681087261509568
"RT @Cyrus_T_Virus: Why isn't there a vomiting emoji yet, @apple http://t.co/iqxtSXmUCK",Negative,0.8288584373730028
"RT @JPDesloges: APPLE - Fibonacci Technicals Levels - Intraday  Update - $AAPL #aapl 
http://t.co/bDEayGr5IG",Negative,0.5555549526062871
My phone died on 23% @apple what the fuck is this,Negative,0.9571180213976918
"#AAPL:Apple's iPhone Gained Significant Share In The US, Japan, Germany And ...http://t.co/xY7bTzgSvy",Positive,0.5279658914108981
I just got my powerbeats2 back from repair. Shoutout to @Apple x @Beatsbydre,Negative,0.502056119549463
@sashametro @mayhembcn @apple happy to help..if u use kind words :). Using apple process is free and fast. http://t.co/qQGQokjaxE. DM with ?,Positive,0.8195075609316601
"Why Apple Failed to Make Sapphire iPhones $AAPL #aapl
http://t.co/lVWKvsxOGu",Negative,0.788664847532312
"Note to @apple, Mail STILL has trouble sending.  The last update didn't fix it.  Mail that doesn't send?  Not so useful.",Negative,0.8879573749844932
@jakeflem @Apple good we got a new shiny macs too so we will keep this handy!,Positive,0.8873956354220788
"Fucking goddamn stupid @apple @iTunes , ur too fucked up! #JustSayin #iTunes",Negative,0.9184338589510744
RT @evilhag_: why isn't there a dreidel emoji @apple,Negative,0.8292340334240513
my phone dropped and this happened?? @apple you wanna help me out http://t.co/O76sbWX03n,Negative,0.8627086472049312
@CHAYILTrading #ChartOfTheDay Apple #AAPL http://t.co/QRVLWmGw1Z,Negative,0.5557220947943715
#AAPL:Google the premier technology company?...//feeds.foxbusiness.com/~r/foxbusiness/video/~3/RiiHW-vgfLA/,Positive,0.788316692597284
"Dear @Amazon, if @Apple could do it, you can too! http://t.co/l9vbG8JXcL",Negative,0.5470132589603334
"Apple's iPhone Gained Significant Share In The US, Japan, Germany And Great Britain $AAPL #aapl
http://t.co/KOUGLOzPZ8",Positive,0.7059150611114813
RT @ColtonObrian: My phone died on 23% @apple what the fuck is this,Negative,0.9571180213976918
Activation of AirDrop on iOS 8.1.1 kills WiFi !! What have you done @Apple ???,Positive,0.6788271903793353
@GregBurke85 @Apple I can't wait for your technology analysis firm to go public with the stock symbol $RONG,Positive,0.7598372603209423
Jimmy Iovine to Apple: 'You Have a Hole in Music Right Now; Let Me Plug It' http://t.co/RwolD40zwI #AAPL,Positive,0.5233844267780806
How To Use #iOS8 Continuity | Know Your Mobile http://t.co/Bf2smNeBEe #aapl,Positive,0.6353416177544872
@apple  #ios8 #iphone6 #issues device with voicemail. 4 the phone being a phone it seems under developed. Ie:listen message and take a note!,Negative,0.6169985822949662
"Apple's iPhone 6 Plus Amazingly Captures 41% of the Phablet Market Right out of the Gate $AAPL #aapl
http://t.co/hv7jiOO6S0",Negative,0.5301880024970556
BloombergTV:  #iPod Trial: Consumers Had Other MP3 Options: Gauna http://t.co/yNfVXKsnda via @BloombergTV #aapl,Positive,0.556903593355219
Check out your local @Apple store &amp; pick up our Smart Thermometer this #flu season  http://t.co/ZDX6u4fodx #apple http://t.co/giFpyQcUWW,Positive,0.7137882375161482
"The iPhone 6 Plus Will Be Huge In China This Spring $AAPL #aapl
http://t.co/9n6hBzsuVJ",Negative,0.6630993853315795
"RT @JPDesloges: The iPhone 6 Plus Will Be Huge In China This Spring $AAPL #aapl
http://t.co/9n6hBzsuVJ",Negative,0.6630993853315795
"APPLE - Fibonacci Technicals Levels - LAST  Intraday  Update - $AAPL #aapl 
http://t.co/Eyv06mibko",Negative,0.6750661966455849
"RT @JPDesloges: APPLE - Fibonacci Technicals Levels - LAST  Intraday  Update - $AAPL #aapl 
http://t.co/Eyv06mibko",Negative,0.6750661966455849
Srsly - get it RT @kinsa Check out your local @Apple store &amp; pick up our Smart Thermometer this #flu season  http://t.co/e8PZ58JyeO  #apple,Positive,0.7038221131745928
@AppStore @apple When is the release for the new #infiniteflight update in the appstore? @flyingdevstudio says the Update is in your hands,Positive,0.562167583150278
@googlenexus Support said can't test NFC so can't assume my phone is not working. Keep saying can't DOES HELP. I'll go back to @Apple.,Negative,0.8361146865370741
.@tim_cook That rage when dealing @Apple Geniuses when they maintain 'it's not a known issue' when a simple google search shows it's a big 1,Positive,0.7610123455829438
CNBC TV:  Day 2: #Apple antitrust trial http://t.co/FjfBE4VQqI #aapl,Positive,0.6149972853386197
"Barclays Raises AAPL Price Target by 17% to $140 $AAPL #aapl
http://t.co/DGru02BTk4",Positive,0.7176929730386782
@Apple help! My Mac memory has been cleared and now it's asking for a password? It's not the old one and I can't get on it!,Negative,0.8304277602918125
"Steve Jobs: 'I don't know what the claims in the case are' $AAPL #aapl
http://t.co/5Ufd8p9qxs",Negative,0.5532571825647807
@apple happy new month,Positive,0.9019755163854211
@RedXPower @ChristmasCount yeah and don't make them into tablets @apple,Positive,0.5745183475573844
@RedXPower @ChristmasCount @Apple apples are meant to be healthy,Positive,0.7957431757100403
@RedXPower @ChristmasCount @Apple but these phones make people fat lol,Negative,0.5881818724399539
BLOCK TRADE detected in #AAPL,Positive,0.5143322102389286
"Apple:Dec 3 Trading Daily Profit $1.85/sh, Weekly Profits of $15.22/sh  #aapl #Stockaction #trading #Stocks #MKt  
http://t.co/az3SvKM4Id",Positive,0.6750104141078102
RT @thehill: Justice Department cites 18th century federal law to get @Apple to unlock iPhones: http://t.co/Eth0QpAIom,Negative,0.6264845397159011
#Siri never understands me. She just said she was 'new 2 my language' and didn't get me. I speak English without major accent. #Apple @Apple,Negative,0.6132542771331424
BLOCK TRADE detected in #AAPL,Positive,0.5143322102389286
RT @HamzeiAnalytics: BLOCK TRADE detected in #AAPL,Positive,0.5143322102389286
Thanks @lausd @apple and @pearson for the great leadership.Federal grand jury subpoenaed documents from L.A. Unified http://t.co/SgGqVMczlH,Positive,0.9550228038351344
#Google May Be the Big Winner in LAUSD's #IPad Scandal http://t.co/YVDioMcl4r via @BW #aapl,Positive,0.6225230921057039
"@BedBathBeyond you're selling this lightning cord, doesn't work. #AccessoryMayNotBeSupported @apple what's the deal? http://t.co/QvqDqbIlnL",Negative,0.7285434704394691
"Apple, Google, Amazon und Facebook #aapl #dax http://t.co/9jFgdmfSZa",Positive,0.7161805772558419
"my @apple badge finally works at my work site, just tore the guest sticker badge into many, many pieces ... feel like a new man!",Positive,0.5965547448206557
@BedBathBeyond I could of just gone to Canal Street for a knockoff #CmonMan And @apple Why must I pay $30 for a lightning cord?,Negative,0.792997767492424
please make a gold macbook @apple,Positive,0.6481283109903979
#AAPL:A Lawsuit Asks Whether Apple Used iTunes For Price-Fixing...http://t.co/0KxPhCf28K,Negative,0.771428676199872
Another lawsuit against @Apple - this one is about #iPod antitrust tactics in #iTunes http://t.co/QSA1R6soQe,Negative,0.619059360755015
@Apple to Pay $24 Million for Infringing on Ancient Pager #Patents http://t.co/L1Mn38VvmV Sure...why not. #intellectualproperty #IP #pgsIP,Positive,0.543691589734783
"Early Movers: ANF, TJX, TGT, LYV, SNE, #AAPL &amp; more: These are the stocks posting the largest moves before the bell. http://t.co/q67SfEyR8i",Positive,0.7695735112747145
@apple why can't i fnd netbot on app store !? help ASAP,Negative,0.7790714214290869
New Details On @Apple's Giant-Sized #iPad Might Have Just Leaked http://t.co/lYQuGhgn4D via @Inc,Positive,0.7371732159310385
"Apple Inc. price at close, December 03, 2014, is 115.95. #apple #AAPL",Negative,0.640707625649337
Wow. Yall needa step it up @Apple RT @heynyla: Music and snapchat at the same damn time. Thank you #Note4,Positive,0.71826448683771
You should be able to leave FaceTime video messages @apple,Negative,0.7548070060577761
#AAPL:Did Carl Icahn cause the private equity bubble?...http://t.co/07f6Mv7ZlD,Positive,0.5784220387756493
@sampepper can not believe that @apple are still with you given the nature of what u have been accused of.   disgusting.,Negative,0.6693340026113415
Why can't I hide the gray controller on the DVD player? What heck? @apple http://t.co/izCIqWbtFL,Negative,0.868346678175598
I'm learning all about Apple iPad Air 2 128GB Wi-Fi - Gold on @Influenster! @Apple,Positive,0.5020055856781698
"@pdbogen Yeah, it's not for everyone. I sold my soul to @Apple a while ago. Thanks for the link!",Positive,0.7167437865827003
@whereiscooldude @Cyrus_T_Virus @Apple wait no im okay here but yeah actually we should burn it down,Positive,0.7224462281296609
Here's How Jimmy Iovine Convinced #Apple To Buy #Beats #aapl http://t.co/9pgEhOTWFh http://t.co/o6g7TzpyJI,Positive,0.6411806445777023
13 Things You Didn't Know Your #iPhone6 Could Do #aapl http://t.co/RsPEXS5vuC http://t.co/2CfryTGVom,Positive,0.6325122032430619
The questions every #CIO should ask about @Apple #iWatch: http://t.co/1RSxT3CMlZ,Positive,0.7641889402059456
@apple @verizon where the fuck is my phone it shouldn't take this long.,Negative,0.7062547811365044
"Organizers,Twin Cities (@Apple Valley store) just released after detainment by police for peaceful protests. We Stand UP!
#walmartstrikers",Positive,0.6635817299511393
A new role requires new hardware! #thankful @carpages @apple  http://t.co/uNkrXOg2La,Positive,0.8690121630957123
"#AAPL:Apple Devices Clobber Androids On Cyber Monday, But The Underdog Is Ca...http://t.co/Bi4VneO4Kw",Negative,0.577967089513125
'#Howto import objective-C code into bridging header file - @Apigee SDK for @Apple's Swift http://t.co/e3i1kKa7xX' http://t.co/dkoOxiEGRy,Positive,0.7666496682013844
Apple CEO Tim Cook comes out as gay @Apple   http://t.co/euFQQpMjj6  Via @posh360_Net,Negative,0.5269272531734829
Great piece from @howardlake on @apple &amp; the new #RED #app store - profits from exclusive content go to @GlobalFund: http://t.co/XpOzPTnWSV,Positive,0.8294415501029702
@LIMFestival lolol. Stupid phone. Should say best and most varied. @apple sort this phone out. Apols.,Negative,0.6115861855683782
"Shockingly, iMessage on the desktop is fucked up again. Great work, @apple. Seriously, on point with network services as only you can do.",Negative,0.6163590798317453
"@Technical_Chart ust sayin', #AAPL is still the king....",Positive,0.5483620019933287
My office for today #RemoteSupport #TechLife @Apple http://t.co/IY0xAufNTP,Negative,0.636907594933568
@ForbesTech #AAPL was a fantastic investment...but what will be its future?  How will AAPL beat AAPL?,Positive,0.8949186323209603
"@Apple - What if I don't want my money going to Africa to fight AIDS?  We have problems here we need to fight.

#apple #africa @cnn #cnn",Negative,0.8444529620646528
"Early Movers: ANF, TJX, TGT, LYV, #AAPL &amp; more: These are the stocks posting the largest moves before the bell. http://t.co/Rwjm3lpzRN",Positive,0.7695735112747145
@apple update twitter for ipad pls or kys,Positive,0.5387701521737988
"#hshdsh via @blogs4bytes - #Ideas @Apple Bought, Borrowed, and Stole #infographic http://t.co/gal3ArDFj2",Positive,0.6488597815047853
"Apple Releases Safari 8.0.1, 7.1.1, and 6.2.1 http://t.co/sIOuKQbs1T #AAPL",Negative,0.651702215414875
Feed My Ego (Futter Mein Ego) iPhone 4/4S Tough Ca  COMPUTING &amp; COMMUNICATION  Melasdesign http://t.co/jbVgROMp3p @cafepress @iphone @apple,Negative,0.620377830764759
my laptop battery went straight from 60% to 3% @apple,Negative,0.5463061106646436
"Last yearI bought 'Superman' and 'Superman Returns' from @iTunes, now they aren't available for me to stream, and @apple has no real answer.",Negative,0.6247344847156214
I will definitely think carefully in the future about buying something from @itunes if @apple Support can't even tell me what's going wrong.,Negative,0.6807840350892514
RT @MediaPost: .@Google Trumps @Apple In Streaming Media Sales http://t.co/obPlpnWhXW @mp_gavin,Positive,0.6143109486447115
iPhone 6 and 6 Plus Shipping Times Improve to 3 to 5 Days for Many Models http://t.co/zEZPVPUWvR #AAPL,Negative,0.5172055899379677
Here's #Apple's Next Great Business http://t.co/L1IfhyexQA via @sai #aapl,Positive,0.8636250517996595
Is #Apple The Most Important Stock On Earth? - Apple Inc. #AAPL | Seeking Alpha http://t.co/XFdZNpJN6G,Positive,0.5109740880208512
aye shoot me a space grey 64gb iPhone 6 right quick @Apple @Verizon,Positive,0.5338305013850506
RT @dmcgroarty: RT @MetalBanker - Where do #iPhones come from? What's in your @Apple  #RareEarths http://t.co/KuMCbKMREV,Negative,0.5351068191028998
"#AAPL:DexCom CEO Terry Gregg Explains 50% YTD Stock Leap, Plans for 2015...http://t.co/bPYVaRmQkP",Negative,0.5840829676206516
#AAPL:Here's Apple's Next Great Business...http://t.co/AJx1WqhOLX,Positive,0.890593906091561
Is Apple The Most Important Stock On Earth? http://t.co/gXoZJYZdNy #AAPL,Positive,0.5109740880208512
THIS 16GB IS GOING TO KILL ME. IM THIS CLOSE TO TAKING A SHIT ON MY PHONE @Iphone @apple,Negative,0.7758058013610483
Pathetic @Apple display at @BestBuy: http://t.co/y8IFczGj8o,Positive,0.6577467252087402
Get 'Techy' with another shout out to @Schoology @GoogleDrive @HuluPlus #iPad @Apple @Google #Chromebook http://t.co/z3X2Jxbevr via @YouTube,Positive,0.5701902408553018
"But I'm beyond thankful for the help @Apple gave me today. Computer was defective and they replaced it, while I just payed the difference",Negative,0.6413756517583524
"New HA Blog Post &gt;&gt;&gt; Final #AAPL #PutCallRatios for Wednesday, December 3, 2014:  http://t.co/nHjKfKDd3s",Negative,0.5084531984243039
"#mkt Final #AAPL #PutCallRatios for Wednesday, December 3, 2014:  http://t.co/megrwaOUzd",Negative,0.7045680386894906
"Final #AAPL #PutCallRatios for Wednesday, December 3, 2014 http://t.co/SWYewrG7dr via Hamzei  $$",Negative,0.6799570929354011
Shipping Estimates for 27-Inch Retina iMac Improve to 1 to 2 Weeks [Mac Blog] http://t.co/hvY4RUrd5c #AAPL,Positive,0.5883796172032377
#AAPL:Google Donates 1 Million Dollars to New York Libraries for Free WiFi H...http://t.co/Jpmuji0wie,Positive,0.7311697005148503
Got new cases. :) @apple @applestore @citycreek #slc #citycreek #apple #applestore #red ... http://t.co/eiT3tsudcu http://t.co/BPaOYLImcR,Positive,0.749731080701404
if i fail poli sci because of this fucking laptop i'm suing @apple,Negative,0.8718034027448129
Got new cases. :) @apple @applestore @citycreek #slc #citycreek #apple #applestore #red #productred #aids #founda... http://t.co/Zfgt6VPJMz,Positive,0.749731080701404
"In world's first #AppleWatch hackathon, apps and challenges emerge http://t.co/3pkiaimuAP via @svbizjournal #aapl",Negative,0.5023203235097076
Wtf.. My phone is in do not disturb and I'm still getting notifications.. Fix this shit @Applebees @apple,Negative,0.8866579592213263
Currently on hold with @Apple in Cupertino to try to set up a Genius Bar appointment in Madrid #dontask,Positive,0.6653481954717559
First tweet from my new @apple #iPhone 6 Plus. #newtoy,Positive,0.8467588314872501
@fcbliam @apple fix this,Negative,0.5361417528911381
you just did too much you asshole. @apple get your shit together.,Negative,0.6468505103999148
So @apple wouldn't fix my phone and claims that I didn't tell them to screen was fucked.,Negative,0.8497997513457362
#AAPL:Did Carl Icahn cause a new private equity bubble?...http://t.co/07f6Mv7ZlD,Positive,0.6951870130479068
@sextsatan @Applebees @Apple APPLEBEES FAVED OMG,Negative,0.7643698712674236
@Apple iSchool? http://t.co/qpDxDpX3Qj #education @applenws,Positive,0.5672379339051172
"@Apple can we always have the setting 'when I use the app' for location for apps, instead of just always and never?",Negative,0.636389609848164
@apple y'all should put the apple symbol into the home button on yalls next device,Negative,0.5313600477047438
"#iPhone6 users complain to @Apple [#Apple] about front. (#Wednesday, 3 #December) http://t.co/PiCjZ3u6us",Positive,0.5357575216408754
"#VerrÌ_cktes #GerÌ_cht: #iPhone6s zum @Apple [#Apple] Watch. (#Wednesday, 3 #December) http://t.co/mSMQYRTUTO",Positive,0.6223333097570437
"How Competition Between Wireless Carriers Benefits Apple, Inc. http://t.co/9wBMngm62w #AAPL",Positive,0.5688567780790649
JMP raises Apple Inc price target to $150 on 'exceptionally strong' demand for ... http://t.co/SOmV4lx8Ao #AAPL,Positive,0.6154594441172309
"Final #AAPL #PutCallRatios for Wednesday, December 3, 2014 http://t.co/Lc6B7m7jut",Negative,0.7045680386894906
New post on my blog: Got new cases. :) @apple @applestore @citycreek #slc #citycreek #apple #applestore #red #pr... http://t.co/S4XRRXR8uq,Positive,0.84731018214068
Got new cases. :) @apple @applestore @citycreek #slc #citycreek #apple #applestore #red ... http://t.co/eiT3tsudcu http://t.co/U2w19NhHMU,Positive,0.749731080701404
@l0lvivivuvu @sextsatan @Apple And replied... #livingthedream ~ARI,Positive,0.6160658422399535
Check out our Founder @gernieb views on @Apple &amp; @facebook #EggFreezing benefits for female engineers: https://t.co/vHZ1RcNWru #WomenInTech,Positive,0.8113974741254252
.@IKEA Channels @Apple in a Hilarious Ad for Its New Catalog #Bookbook via #TIME #IKEA  http://t.co/tPg0iVquc6,Positive,0.9144107290338687
"Our FDA-cleared, smartphone-connected thermometer is now at @Apple stores! http://t.co/4mKeHdaDjk #holiday http://t.co/J0YH27c37Z",Negative,0.5018170721292599
RT @Applebees: @l0lvivivuvu @sextsatan @Apple And replied... #livingthedream ~ARI,Positive,0.6160658422399535
.@google Trumps @Apple In Streaming Media Sales http://t.co/c46Dr8M3gA,Positive,0.6143109486447115
Apple Secretly Deleted iPod Owners' Songs Downloaded From Competing Music Services http://t.co/glvCdIKMwG #AAPL,Negative,0.5481503055496713
"dear @apple, 

why oh why do I have to baby sit copying files in the POS Finder? it's not like copying files is hard. oh wait, it's you.",Negative,0.6453685031437448
Apple CEO Tim Cook comes out as gay @Apple   http://t.co/euFQQpMjj6  Via @posh360_Net,Negative,0.5269272531734829
@apple please get yourself together! I need my products to work!,Negative,0.6659319277192146
"dear @apple,

now it's MY fault that your POS Macbook airquotes PRO does not have fast ports. drop the PRO in the future. #toycomputer",Negative,0.648319877549988
"@apple Hi! A few days ago I purchase 2 ringtones and non of them appear on my phone or purchased, but they appear in my credit card",Negative,0.6976471224286223
@zoebread dps developments; welove #AAPL-E and that new #retina screen ohai,Positive,0.6243664756721993
@APPLE IF YOU DIDNT MAKE SUCH GOOD PRODUCTS I WOULD BOYCOTT YOU FOREVER,Negative,0.6460228501145711
"As the sun devils were making their 20-2 run on us, my phone called 4 people and hung up on them all on it's own. WTF! #iphoneissues @apple",Negative,0.6751091241742184
#Apple admits it deleted songs purchased through competing stores from iPods ... - http://t.co/5YDlxI8TJ5 #AAPL #RealNetworks,Negative,0.6024981726756728
@UNLVgirl @Apple gotta switch to that Android life #Galaxy,Positive,0.5262357536090301
"LUV @apple #iphone I've had pretty much all the iPhones. #3GS, #4 , #4s , #5c &amp;  #MobilePhone http://t.co/p1mlp2zlyK http://t.co/9MT4uQeXFT",Positive,0.7138094924787691
"Not happy @Apple have caused this to happen through a #osx system update, still on Mavericks @jetbrains http://t.co/Uyd4qUSZ7Z",Negative,0.6415449672802016
@apple @jetbrains It only happened once - perhaps because I had no network? This is and was my setting : http://t.co/LEdx3mI6Sn,Negative,0.7030102376277836
@Apple is becoming very petty about not allowing certain Apple Dev resources work in Chrome.,Negative,0.6691662634279455
@PaulYarns @beatsbydre @BeatsSupport @Apple I agree about apple. Their customer service is based on condescending employees treating,Negative,0.5091848555774757
@PaulYarns @beatsbydre @BeatsSupport @Apple customers as a captive audience.,Positive,0.5782821672112473
#Win a #New @Apple @iPad Mini 3 with an @iTunes Gift Card! http://t.co/5pZl2WA9sv,Positive,0.5711479028146781
Is there anything more maddening than notifications re-appearing with app upgrade? @Apple,Positive,0.548216554874115
Hey @apple let us get some Star Wars action on iTunes.,Positive,0.808303955849599
We need an eye rolling emoji pronto @apple,Negative,0.7643803052178697
RT @naugtae: We need an eye rolling emoji pronto @apple,Negative,0.7643803052178697
@Apple your chargers SUCK,Negative,0.878657424077206
more* fuck you @iphone @apple,Negative,0.7304149368746512
Aw yeah! monarchywpb sticker to ride with @Rhyot boommovement and @apple http://t.co/RGcHuCS95D,Positive,0.6428083618947378
#AAPL:Apple Inc. (AAPL) Falls For Week Because Of Monday Morning Drop...http://t.co/ut65KwzukC,Negative,0.5114285942643102
Apple Inc. CEO Donates $291K To Pennsylvania School District http://t.co/9gkKgWuASR #AAPL,Negative,0.641882596935673
@Apple runs the world..look around you,Positive,0.5702080414777936
New Questions In #Mobile  #GOOG #GOOGL #AAPL #AMZN #FB #SSNLF http://t.co/dxP3rq4UXd,Positive,0.7991722984052495
"@Apple patents system that changes the position of an iPhone mid-air
http://t.co/7S343PHPEb #Yay",Negative,0.6147146527080496
My fix for syncdefaultsd crashing every five minutes and losing preference settings: keep System Preferences open @Apple,Negative,0.7609906085992495
#ios8 upgrade creates #cutandpaste problems @apple not impressed. Anyone else ha,Negative,0.6518664809409624
"@iTunes @apple my music library wont sync new music etc, iTunes tells me sync completed, nothing new uploaded,how do I fix this? FRUSTRATING",Negative,0.6214919488888933
@apple fucking let everyone name the group chats their own things please and thanks,Positive,0.8693810940989911
@Apple honestly sucks,Negative,0.8260059051764541
.@andrewdmilam @WintekNOC @Apple @netflix @google You get 6ms ping. I get no connection. Thanks @comcast http://t.co/yRPSypXgGi,Positive,0.8544678704067056
"@Apple, Yosemite needs a lot more testing. Just hooked machine to Thunderbolt Display and was greeted with this. http://t.co/93qCPkJX9m",Positive,0.7393596000401026
Ironic that we're at a PR event (#mp15) talking about companies that don't need more people talking about them (@google @apple @facebook),Positive,0.5391125239512942
How do I only have 12.7 GB used if my phone is 16 GB? @Apple http://t.co/itSSqNqLIa,Negative,0.70583997501248
@apple make some better chargers fam or make them cheaper cuz rn this ain't getting the job done,Positive,0.5697067770044515
Has anyone figured out why @Apple iPhones randomly lose their contacts for a few hours for no reason? #wth,Negative,0.704887126432141
how can my phone die while plugged in wtf @apple,Negative,0.8276815694573318
Hey @apple @sprint I'm not a fan of your latest commercial!!,Positive,0.8020304793167206
how is 41 degrees nice weather @apple http://t.co/kcGV7iynpw,Positive,0.6567824968521158
@Apple accused of deleting songs from #iPods without users' knowledge http://t.co/hujK0yawTO,Positive,0.5301570868715142
@pwilke @google @Apple @facebook ughhhh can @uber just see itself out already.,Positive,0.5860630750065312
@Google Chrome Books OVERTAKE @Apple devices in the Education market! http://t.co/HOSTWl2Udg via @CNET,Positive,0.8171155527024612
"#AAPL:New, Far-Reaching Apple Patent Reveals Next iPhone May Demonstrate A C...http://t.co/Ce8dwGBHz0",Positive,0.5396321123358039
Alabama state representative to name anti-discrimination bill after Tim Cook - http://t.co/bliVMoBUTr #AAPL #Apple #TimCook,Positive,0.7096961896146885
@apple let me shake the phone to move the apps after double clicking the middle iPhone button please,Negative,0.7312078064554224
over 1 hour on hold with @apple customer service trying to figure their messup o http://t.co/E5gCvoJTPO,Negative,0.5420281539129663
@Apple why isn't there an otter emoji,Negative,0.8292340334240513
@Apple YH News Apple Patent Could Prevent Cracked iPhones: Apple was awarded a patent for a gravity-defying ha...  http://t.co/hNuWafq0sI,Negative,0.6612643080355158
Fuck you @apple,Negative,0.7304149368746512
RT @Shuevey: Fuck you @apple,Negative,0.7304149368746512
Type More Than 100 Words Per Minute With the New NinType Keyboard for iOS http://t.co/uxtAEk64ex #AAPL,Positive,0.7213600184510819
iPhone chargers can suck my ass @apple #disappointed,Negative,0.8626026152246882
"#Russia Could #Ban #Apple Inc. #iPhone For #Lawmakers | @ValueWalk http://t.co/QHgO1Ncbgr #AAPL #tech

For reverse #security reasons",Positive,0.6257413907437437
Aye forreal tho done w yo bs @Apple,Positive,0.6300101359406238
"@Apple, how does the word 'demographic' not have any synonyms attached in your dictionary application #incompetence",Positive,0.5892747911758016
"Trade #STOCK With AvaTrade - http://t.co/mZ8OQdAxpa
#FB #GOOG #AAPL",Positive,0.5590441069521825
Wtf @apple y'all shit be cheap. http://t.co/jeOimq3HNA,Negative,0.5689033215912771
#AAPL:Alabama anti-discrimination bill to be named after Apple's Tim Cook...http://t.co/tsfVyXVXeu,Positive,0.755924556719941
RT @WeeWiii: Wtf @apple y'all shit be cheap. http://t.co/jeOimq3HNA,Negative,0.5689033215912771
"#WIN A #DIGITAL MAKEOVER #GIVEAWAY ! $1000 @APPLE GC,#IPAD #MACBOOK AND MORE ! https://t.co/SInz9Zz4Ql #PIN",Positive,0.6480686495896525
@Apple need to hurry up and make a middle finger emoji,Negative,0.6562657096669899
iPhone battery life takes the piss sort it out @apple iphone #iphone #apple http://t.co/6f1QuV2DUt,Negative,0.648381872430343
#AAPL:Bloomberg Law: $1 Billion Antitrust Suit Against Apple (Audio)...http://t.co/GIa1f5wr47,Negative,0.5139223503074698
"Seriously wtf iPhone. It's been fucking up all day, now it won't let me set my alarm for my 9:30 lecture. Fkn @apple you can pay my tuition",Negative,0.911062976530851
'@JamesLoera: @mariah_reagan true.. Silly iPhone' @apple get your life together,Positive,0.6173469428119112
RT @mariah_reagan: '@JamesLoera: @mariah_reagan true.. Silly iPhone' @apple get your life together,Positive,0.6173469428119112
@apple u niggas really put this weak ass album n this gay ass artwork on my iPhone? Im bout to go buy my first Galaxy http://t.co/WzJfN9WKMs,Negative,0.623502920005315
Apple Inc. Fails App Store Trademark Appeal http://t.co/B2dCY6BilY #AAPL,Negative,0.5895373211009381
@Apple removed songs from iPods without telling customers http://t.co/C29jxFuNcJ,Negative,0.5042460344731214
@apple why is it that your iPhone's alarm fails to work sometimes?? I missed 3 bonus points from a class because of this. Sooooo annoyed,Negative,0.8180538480210677
Photo: Amazing customer service today @Apple. UTC store. I worked form the store for several hours on... http://t.co/9tLhm3p2z6,Negative,0.5740126030720734
.@Apple engineer makes printer from #Lego http://t.co/4071tVKZzB #makers http://t.co/nVboA5AD4n,Positive,0.5573455050872499
I'm so done with this piece of shit phone why doesn't it ever send me notifications when taylor tweets fuck u @apple,Negative,0.7484210768449328
"@brycehendersonn o wow @technology @stevejobs #GamerGate  @IGN  @Machinima @gameinformer @Apple #64megaherts 
got me there",Positive,0.6966783312495394
Amazing customer service today @Apple. UTC store. I worked form the store for several hours on #TBJApodcast while... http://t.co/yNS6oCmO8l,Negative,0.552689919197044
Loving the OS update for my Mac! #Yosemite @Apple,Positive,0.7907086225367773
RT @laur_va: .@Apple engineer makes printer from #Lego http://t.co/4071tVKZzB #makers http://t.co/nVboA5AD4n,Positive,0.5573455050872499
#AAPL 115.93. Dec1 #MiniFlash #Crash 6.4% in one crazy minute w/ 6.7M shares. $MS downgrade to Market Weight &amp; trim its stock from 4% to 3%,Positive,0.7291534686493925
where's a freaking gelato emoji when you one? (cc: @apple),Negative,0.7494898024727
"Oh @apple, how many Feedback Assistant messages do I have to send before you do anything about it?",Positive,0.6031117518461124
@agiletortoise Once again @apple is inconsistent with app rules to maintain their Plausible Deniability. Sorry to hear that Greg @draftsapp,Negative,0.8333412914402563
.@apple has a 40% market share of UK smartphone market - driven by the Iphone 6. Great that over a third of sales were made in Apple stores.,Positive,0.7626019990581092
#AAPL:Alabama Anti-Discrimination Bill To Be Named After Apple CEO Tim Cook...http://t.co/J6hGjmjBZD,Positive,0.7014857146336179
"#VerrÌ_cktes #GerÌ_cht: #iPhone6s zum @Apple [#Apple] Watch. (#Thursday, 4 #December) http://t.co/RZQ20daDNt",Positive,0.6223333097570437
"Apple: quarter 2014Q3 EPS is $1.42. Use it at #free App Donkey Stocks. #AAPL
https://t.co/8CBUgrEHZS",Positive,0.5661495618613696
I thought this shit was suppose to be gorilla glass @apple,Negative,0.6671518250763505
#AAPL:UPDATE 1-Alabama anti-discrimination bill to be named after Apple's Ti...http://t.co/8REaRTeOmU,Positive,0.608166613175381
"Your OSX built in @firefox #keylogger had been provided by @apple !!
https://t.co/ULMcDsEcin",Positive,0.5672379339051172
"RT @_coreDump: Your OSX built in @firefox #keylogger had been provided by @apple !!
https://t.co/ULMcDsEcin",Positive,0.5672379339051172
Great @apple attachment means we can watch @walkleys awards via @abciview via my @ipad @MikeCarlton01 @frankellyabc http://t.co/lGK2z6pI8F,Positive,0.7532748189492963
"#AAPL:Beacons hit stores ahead of holidays, but will they be a gift or a lum...http://t.co/sSdd7YRfJt",Positive,0.5491494089965931
"RT @_coreDump: Your OSX built in @firefox #keylogger had been provided by @apple !!
https://t.co/ULMcDsEcin",Positive,0.5672379339051172
iPhone 6 Plus Makes Up 41% of Large Phone Sales as iPhone 6 Leads iOS Devices [iOS Blog] http://t.co/H2U3zIpG82 #AAPL,Negative,0.6301805948077484
@DUNS4Apple @sashametro @Apple Your definition of 'easy' is warped. Thanks for the useless corporate speak.,Positive,0.9116761604529086
The rise of #Chromecast and the decline of @Apple TV in one chart http://t.co/n6GuPnnC7Y via @qz,Positive,0.5569700227859948
"11am and 20% battery. Die, @apple",Negative,0.7942177553010017
@EE Did that yesterday... again! Told the issue was with @Apple not @EE .This has just added to the worst 3 months of customer service ever!,Negative,0.7958467595092573
@stevewoz new @apple patent anti grqvity will reorient phone at 0g when a drop is. Detected to help protect saphire retina screen,Negative,0.6088193364847567
When is @apple going to stop producing these pieces of shit earphones? Its about time for earphones that dont tangle! http://t.co/qFSHqwc4Zj,Negative,0.7820555651685595
@stevewoz @apple this one got by me patent for apple anti gravity phone includes predictive programing. On drops http://t.co/eYM07DIqTY,Negative,0.6617747293957414
"Starbucks Launches 'Mobile Order &amp; Pay' for iPhone in Portland, National Rollout Coming in 2015 [iOS Blog] http://t.co/vrDXDYCPHa #AAPL",Positive,0.5309100973326611
#AAPL:'Fast Money' Recap: Which Stocks Are Struggling Despite the Rally?...http://t.co/HMNxXvNAOc,Negative,0.7527381793002174
Apple CEO Tim Cook comes out as gay @Apple   http://t.co/euFQQpMjj6  Via @posh360_Net,Negative,0.5269272531734829
"I'm happy now, thnx fags. @apple",Positive,0.9426744812924026
It's your battery that's dying. And long live Apple that will sell you a new battery for $50 or a new iPhone for $500 @prozacnation_ @apple,Negative,0.7760957520514125
Here's Apple's Next Great Business (AAPL) http://t.co/Crci4dHH39 #InvestWall #AAPL,Positive,0.890593906091561
Alabama anti-discrimination bill to be named after @Apple's @tim_cook via @ReutersBiz http://t.co/w3rgyNEQ6P,Positive,0.6240395518528076
thank you Mr Smug @apple @traffordcentre who told me I was at fault for lightening cable breaking. Err no just read the forums. #Crapcable,Negative,0.5031071816475774
"@wastwater1 l agree with you, they're about as robust as a chocolate fire guard @Apple @traffordcentre",Positive,0.7892423810996612
"@Apple [#Apple] #Pay FAQs: #When will Apple Pay launch in the #UK, #is Apple Pay secure .... (#Thursday, 4 #Dece... http://t.co/cur3Pu3n6H",Negative,0.5047386689696833
"@stevewoz @harveystahoe @apple Patent Number patent 8,903,519 http://t.co/OIxYpXmSlU",Positive,0.7386420231229293
"@edvones @Apple @traffordcentre 'But you see sir, its how you handle them' No its not if so robust why a wall full of them....#appleporkies",Positive,0.6715808239105254
@pill0w_talk well dey need one get on it @apple,Negative,0.5321839059159917
@smiIingbarakat @Apple YEAH APPLE UR SLACKIN,Positive,0.5156163205807619
@engadget @apple It happened to me.,Negative,0.8617444455283174
"Apple Devices Clobber Androids On Cyber Monday, But The Underdog Is Catching Up $AAPL #aapl
http://t.co/tTlm4APM8y",Negative,0.6150496697110956
"Apple Pay adds issuers L&amp;N Federal Credit Union, UW Credit Union and M&amp;T Bank $AAPL #aapl
http://t.co/JiyCLqNMxy",Negative,0.7419072300782745
Well thanks @apple for losing over 5000 of my songs off my classic and now every photo i had on my itouch was deleted. #greatcompany,Positive,0.582950993228809
"Apple 'deleted' rivals' music from iPods, court hears $AAPL #aapl
http://t.co/7xYurDyY7R",Negative,0.7568862062217091
"Apple Is Now Worth More Than The Entire Russian Stock Market $AAPL #AAPL #Apple
http://t.co/TOOPRWnyG8",Positive,0.6448344619294526
Day 338: my 1st iPod from 2005. Had stopped workin years ago!!! Just Came back to life!! Wtf @Apple http://t.co/oiqLRf4ke9,Negative,0.739212870633384
why does @Apple take so long to send you the password reset email #ipod #apple #soslow,Negative,0.5153214924797228
@wastwater1 make them poor to increase profits? #cynic @Apple @traffordcentre,Negative,0.9609499571240807
"Even MORE reason for @Apple to stop using benzene in its manufacturing.

http://t.co/NjdYqwfVAE",Positive,0.51102766225135
#Apple Is Now Worth More Than The Entire Russian Stock Market http://t.co/m3XCgggik7 via @bi_contributors #AAPL $AAPL,Positive,0.6877149852142281
"New products, 'innovative services' lead Barclays to hike Apple price target by 17% to $140  $AAPL #aapl
http://t.co/lQGXaDBG9c",Positive,0.7014423042237652
Walked into work and seen this . Who tf traded in a bent up ass iPhone. @apple yall needa fix this shit http://t.co/41AD2aQig3,Negative,0.7639405600164193
Almost want back to an android because why won't Apple have torrent?@apple,Negative,0.9294418593326802
"Thanks @apple for the heads up but I live in a frozen wasteland, not an arid desert. http://t.co/D39VbqfUaA",Positive,0.8903944147050544
"Kantar Worldpanel: iPhone sales in October were 'huge' $AAPL #aapl
http://t.co/g2sWiE0bJS",Positive,0.5485021976257188
@ProzacNation_ @Apple all my fault lmfao,Negative,0.6319078431855336
RT @MariaBartiromo: Apple breaks $700B market cap http://t.co/z7JcEFcGZD @Apple @OpeningBellFBN @FoxBusiness @MBlockRhino  #JohnSpallanzani,Positive,0.6214065177775999
"Apple iPhone 6, 6 Plus and Retina iMac ship times improve in time for holidays  $AAPL #aapl
http://t.co/4gCAZ9UiKW",Negative,0.533099589689937
"RT @JPDesloges: Apple iPhone 6, 6 Plus and Retina iMac ship times improve in time for holidays  $AAPL #aapl
http://t.co/4gCAZ9UiKW",Negative,0.533099589689937
JMP raises #Apple price target to $150 on 'exceptionally strong' demand for: Apple Insider: #AAPL: 115.93 (+1.... http://t.co/3lEGAxehrY,Positive,0.6154594441172309
"RT @aaaron: Insanely great news. @adroll teams up with @apple for iAds programmatic launch
http://t.co/l5flNuBtBa",Positive,0.7331460035170585
@Apple #CEO @Tim_Cook to be namesake of Alabama anti-discrimination bill http://t.co/S6q98V17mi,Negative,0.6039927640983744
@engadget why are apple users surprised? @apple tells them how to hold their phones what's on their phones &amp; what they can listen to #isheep,Positive,0.5176848050707195
"Why Apple  Is Poised to Have a Record-Breaking Holiday Season $AAPL #aapl
http://t.co/bTK0MWUBa6",Negative,0.6709003763431878
@Apple  you need to sort your phones out.,Negative,0.6672735922542232
"APPLE Intraday Comments - Pre-Opening - PREMIUM USERS  #aapl #Stockaction #trading #Stocks #MKt
http://t.co/G0TeDLCB9z",Positive,0.5154593675237964
"RT @JPDesloges: Why Apple  Is Poised to Have a Record-Breaking Holiday Season $AAPL #aapl
http://t.co/bTK0MWUBa6",Negative,0.6709003763431878
"@apple Why is your NYC Grand Central store so bad when it comes to service? 14th Street is much, much better...",Negative,0.7703127366717835
#OnThisDayinDigital @Apple signed a deal with China today in 2013 to finally sell #iPhones in the country http://t.co/fCoCUenGIn,Positive,0.5809304489645188
"Kantar: iPhone 6 helps Apple gain share over Android, iPhone 5c outselling iPhone 6 Plus in US $AAPL #aapl
http://t.co/L0Ofam7Pei",Negative,0.6011187278113097
"#iPhone6 sales success gives @Apple [#Apple] best ever UK market position. (#Thursday, 4 #December) http://t.co/HfvAuOzsoX",Positive,0.8654165449450769
Fuck you @Apple my phone has been searching for service for almost a complete day,Negative,0.6648448288312694
"APPLE - Fibonacci Technicals Levels - Intraday - Pre-Opening $AAPL #aapl 
http://t.co/lBcEqVS8e3",Negative,0.5557220947943715
"RT @BGPublic: Even MORE reason for @Apple to stop using benzene in its manufacturing.

http://t.co/NjdYqwfVAE",Positive,0.51102766225135
"You didn't imagine it. When #iPod users synced with #iTunes, @Apple #deleted any #songs bought elsewhere: http://t.co/biCRu3FKiJ",Negative,0.5654901281830611
@apple #greatservice thanks for helping me out. #sylvester,Positive,0.9088301080929453
I've been waiting 2 months for my iPhone 6+ what the fuck @Apple @ATT,Negative,0.7881233892672584
"Apple Details An Elaborate Transit Navigation System In Patent Applications $AAPL #aapl
http://t.co/O2kMFHrQlr",Negative,0.5036603230410799
"#iPhone6c release date, #rumours and #leaked images: #Will @Apple [#Apple] release a .... (#Thursday, 4 #December) http://t.co/BoA50OHs0b",Positive,0.6307185360751719
Refusal of @Apple's #TM application for APP STORE upheld by Australian federal court. Apple can appeal. @IPAustralia,Negative,0.7107520608935181
@Samsung is way better than @Apple,Positive,0.779709371925232
"APPLE - Fibonacci Technicals Levels - Intraday  Update - $AAPL #aapl 
http://t.co/k3CIjXdDHp",Negative,0.5555549526062871
BLOCK TRADE detected in #AAPL,Positive,0.5143322102389286
I truly feel @Apple #apple needs to do more with iTunes Match to make it worth it.,Negative,0.6637835926508923
Here's @Apple's next great #business! What will be Apple's primary source of revenue in 2015? http://t.co/Y6gvYZcYHp #service #company,Positive,0.8998494268491491
You can finally get your #iPhone6 or iPhone 6 #Plus from #Apple within a week via @BGR #aapl http://t.co/tVYIaxusDD,Positive,0.5298775407047315
Is this happening on your #iTunes account? @Apple is secretly deleting your non-iTunes music. http://t.co/zo2aMRYg9i,Positive,0.5478275499178678
"An Alabama anti-discrimination bill will have CEO Tim Cook as its namesake, though @Apple was initially hesitant: http://t.co/ZcBS2u5s5L",Positive,0.5557048437155445
#AAPL:After Years Of Losses Apple Is Finally Clawing Back Some Market Share ...http://t.co/cvBw4HDO9x,Positive,0.6941324541728584
"From afternoon tea to @Apple #iPadAir2, there is something for everyone with #touchpoint rewards. - Visit http://t.co/L9RG7TZj6y more info",Positive,0.7589635356450664
"Hey @apple, fuck you for thinking I want text messages to pop up on my computer, iPad and phone.. #ThisIsWhyPeopleGetMurdered",Negative,0.5133464617636827
"APPLE Intraday Comments - Updated RANGE - PREMIUM USERS  #aapl #Stockaction #trading #Stocks #MKt
http://t.co/G0TeDLCB9z",Positive,0.573069605851099
"If you offer @apple feedback on their messaging program, the webpage is from iChat (so like 2010): http://t.co/vw1DpEB4fH",Positive,0.6742624112812737
"APPLE - Fibonacci Technicals Levels - Intraday  Update - $AAPL #aapl 
http://t.co/Rtp4lPKX3A",Negative,0.5555549526062871
@apple you are loosing all the things that used to make you so much better to live with than windows,Positive,0.5876259800174182
"APPLE Intraday Comments - Updated. RANGE - PREMIUM USERS  #aapl #Stockaction #trading #Stocks #MKt
http://t.co/G0TeDLCB9z",Positive,0.573069605851099
I don't undestand how @SYFNews #CreditCare website doesn't work on @Apple prod-Had to request paper bills #WhatYearIsIt #poorcustomerservice,Negative,0.847953155701092
Apple Inc. Deleted Non-iTunes Music Off iPods http://t.co/UE6JaM5vc3 #AAPL,Negative,0.6546818375615027
#AAPL:Bloomberg Law Brief: Antitrust Suit Against Apple (Audio)...http://t.co/qgKEBmRDlO,Negative,0.5139223503074698
"Congrats @inderstweet RT @kinsa: FDA-cleared, smartphone-connected thermometer @Apple stores! http://t.co/OlZZ0naTwg http://t.co/o6PcIiJew4",Positive,0.8598727189383395
BLOCK TRADE detected in #AAPL,Positive,0.5143322102389286
@Apple's share of UK smartphone sales soared to 39.5% in the 3 months to October thanks to #iPhone6 launch,Positive,0.8954631514379447
"Apple Wants To Make Your Commute Much Easier, According To This New Patent $AAPL #aapl
http://t.co/FD6FCM2HQB",Negative,0.5639676499150059
Tim #Cook's $100 Billion 'Mistake' #aapl http://t.co/BkWq9RyDeb http://t.co/s77JNrg1n4,Positive,0.5761670047976455
"APPLE Intraday Comments - NEW RANGE - PREMIUM USERS  #aapl #Stockaction #trading #Stocks #MKt
http://t.co/G0TeDLCB9z",Positive,0.671279739480304
"#Apple Wants To Make Your Commute Much Easier, According To This New Patent #aapl http://t.co/fKMNHCmwJU http://t.co/wdqAzQowt3",Negative,0.5198363124653225
A Developer Perfectly Summed Up The Limitations Of The #AppleWatch #aapl http://t.co/I07lQ6uTQK http://t.co/mQ8lZOxO6a,Positive,0.5672379339051172
Here Are The Main Differences Between #Apple #CarPlay And #AndroidAuto #aapl #goog http://t.co/1tqUbuZK9R http://t.co/c9m05WejYx,Positive,0.5598553790104236
"APPLE - Fibonacci Technicals Levels - Intraday  Update - $AAPL #aapl 
http://t.co/8aXlUVShob",Negative,0.5555549526062871
why is there no salt shaker emoji @apple @tim_cook,Positive,0.5672379339051172
Details of the #Apple Inc. #iPadMini4 Revealed | The Motley Fool #aapl http://t.co/rDTJniTaUs,Positive,0.5833943839758872
okay so now the sound to my phone is messed up..I really think you're doing this on purpose @apple,Negative,0.5566172187581897
"How Competition Between #Wireless Carriers Benefits #Apple, Inc. | The Motley Fool #aapl http://t.co/mQe4NT0vXr",Positive,0.6555104912839393
What the hell is this @apple @WhatsApp #glitches http://t.co/iKuRl4iUOE,Negative,0.6119419793226331
Apple CEO Tim Cook comes out as gay @Apple   http://t.co/euFQQpMjj6  Via @posh360_Net,Negative,0.5269272531734829
"RT @ProzacNation_: 11am and 20% battery. Die, @apple",Negative,0.7942177553010017
@CNET @briantong can you guys look into IPhone 6 dropping Ringtones?.... I was told @Apple has been working on problem for 4 weeks now!,Negative,0.6447602988388368
#Apple Inc. To Have An 'Explosive' Quarter: JMP Analyst #aapl http://t.co/mqDNEmhHuQ,Positive,0.5672379339051172
How an SVN connection led to safer conditions for @apple's workforce http://t.co/c36k5fVoHQ @GreenAmerica @GlobalLabor1,Positive,0.5720077620581088
RT @SVNetwork: How an SVN connection led to safer conditions for @apple's workforce http://t.co/FhQk560G5y @GreenAmerica @GlobalLabor1,Positive,0.5720077620581088
Steve Wozniak Discusses Apple's Early Days and Working with Steve Jobs [Mac Blog] http://t.co/iPnD6LD5ur #AAPL,Positive,0.6300724653877482
"#AAPL:John Sculley Pans Apple Watch, Loves Apple Pay...http://t.co/QNM796RSlm",Positive,0.7159711155278848
"How Apple  Is Crushing Google  On Mobile Shopping  $AAPL #aapl
http://t.co/TjI0eSeSTo",Positive,0.727504634365848
"#iPhone6, #6 Plus trigger spike in @Apple [#Apple] sales worldwide. (#Thursday, 4 #December) http://t.co/L6axoBrifm",Positive,0.65074072344516
what are you talking about @Apple I back it up all the time http://t.co/6imGXmhwNJ,Positive,0.6646907780522329
"Steve #Wozniak on #Apple, the Computer Revolution, and Working With #SteveJobs - Businessweek #aapl http://t.co/DvUBLAZ9x4",Positive,0.5103645106936918
4-star analyst Alex Gauna from JMP Securities rated $AAPL w/a BUY. Alex has a 63% success rate http://t.co/PZn5w1YRtK #NASDAQ #stocks #AAPL,Positive,0.6957317352623664
$AAPL iPhone 6 manufacturing costs show huge profit potential #AAPL http://t.co/gAJnpGSUNW,Negative,0.5098288752344282
Sketchy Rumor Claims Apple Planning New 4-Inch iPhone for 2015 http://t.co/Qa4rJnGXPz #AAPL,Positive,0.6628524558264036
#AAPL:Beacons Hit Stores Ahead of Holidays...http://t.co/sSdd7YRfJt,Positive,0.549404661764768
"Trade $AAPL #FREE Nightly Updates are #posted here on #Twitter, or you can visit the #Trade #AAPL FREE #website here http://t.co/U4TKeApbxF",Positive,0.6880863740034503
RT @SVNetwork: How an SVN connection led to safer conditions for @apple's workforce http://t.co/c36k5fVoHQ @GreenAmerica @GlobalLabor1,Positive,0.5720077620581088
BLOCK TRADE detected in #AAPL,Positive,0.5143322102389286
"#AAPL RT @FortuneMagazine Alex Gauna flips his Apple bit, sets Street-high target of $150 http://t.co/rsHjD9BrHp",Positive,0.5664212448343381
That moment EVERYTIME when walk out of @Apple after purchase &amp; receipt is emailed &amp; think getting stopped or not #MiniHeartAttack @tim_cook,Negative,0.5487190968291118
My new MBP is freaking awesome @apple #apple #macbookpro #lovingit,Positive,0.8933308996080271
"#AAPL Shorting Apple @ 116 $. Love the company, love their products, everybody admires Apple, but the capitalization is way too wild.",Positive,0.8344834292155477
@zagkmerrick wtf @apple fix this,Negative,0.6876973634925352
@zagkmerrick @Apple thats not their twitter oh,Positive,0.7239804334423244
"TheStreet: #Cramer Says Buy mApple, as #Avago Tech's Earnings Hint at Big Demand #avgo #aapl http://t.co/iabVpFUIoc",Positive,0.5987523682317437
@zagkmerrick @Apple DO THEY EDN HAVE A TWITTER,Positive,0.686617244385263
@radbarakat @Apple i dOMT THINK SO,Positive,0.5822344444345584
@zagkmerrick @Apple WELL THEY SHOULD HAVE A TWITTER,Positive,0.7565354216066665
"APPLE - Fibonacci Technicals Levels - Intraday  Update - $AAPL #aapl 
http://t.co/IM3xtPkfh1",Negative,0.5555549526062871
@radbarakat @Apple aPPLE SUPPORT HAVE A TWITTER I THINK,Positive,0.6746428206573332
"Apple named 10th-most disruptive idea in the past 85 years by Businessweek $AAPL #aapl
http://t.co/SSgwEY3DvN",Negative,0.5062843174845832
http://t.co/VS8RO1tb5N The Amazon Enigma http://t.co/uWKngn3dEd #AAPL #AMZN #BABA #ecommerce #econsumerism #Financial #News,Positive,0.628120950332003
"RT @JPDesloges: Apple named 10th-most disruptive idea in the past 85 years by Businessweek $AAPL #aapl
http://t.co/SSgwEY3DvN",Negative,0.5062843174845832
The 19-Year-Old #WizKid Who Turned Down @Apple Has Nabbed Backing From A #Hollywood Star http://t.co/PoqfGOeVSU,Positive,0.6148648431730915
#PeroQueMorro !!!! 'Lawyers say #iPods deleted songs not purchased from @Apple' https://t.co/Q0klhG3VEx via @gigaom,Positive,0.5014086280481479
Is Apple The Most Important Stock On Earth?  http://t.co/fQ75jYND5P #aapl http://t.co/N0tnOVXLD4,Positive,0.5109740880208512
Is Apple The Most Important Stock On Earth?  http://t.co/pKWn6E56PU #aapl http://t.co/gKVmw9wjVD,Positive,0.5109740880208512
Is Apple The Most Important Stock On Earth?  http://t.co/YkyiwKnL5S #aapl http://t.co/eiAOHl8LL1,Positive,0.5109740880208512
Is Apple The Most Important Stock On Earth?  http://t.co/kPioMUUpGx #aapl http://t.co/9R0kdCqD5Q,Positive,0.5109740880208512
Is Apple The Most Important Stock On Earth?  http://t.co/xylQ5d5JN5 #aapl http://t.co/PwxjC5o8Q8,Positive,0.5109740880208512
Is Apple The Most Important Stock On Earth?  http://t.co/N8JY1XvAZd #aapl http://t.co/RL22AVq8fd,Positive,0.5109740880208512
Is Apple The Most Important Stock On Earth?  http://t.co/XNKMaRVF5t #aapl http://t.co/aRx1W8MS85,Positive,0.5109740880208512
Is Apple The Most Important Stock On Earth?  http://t.co/s5ple0Orww #aapl http://t.co/ZvW4vwZzww,Positive,0.5109740880208512
Is Apple The Most Important Stock On Earth?  http://t.co/I5DCA8DagG #aapl http://t.co/Qk9EPOOmhl,Positive,0.5109740880208512
Is Apple The Most Important Stock On Earth?  http://t.co/1X62rp5R8y #aapl http://t.co/3YtD8Iz62i,Positive,0.5109740880208512
The 19-Year-Old #WizKid Who Turned Down @Apple Has Nabbed Backing From A #Hollywood Star http://t.co/v1hm1Z5pXO,Positive,0.6148648431730915
"'@Forbes: While @Apple still dominates e-commerce, @Android devices are grabbing market share: http://t.co/Pto4CTvUTV'",Positive,0.5794694221296733
I could really kick @apple 's ass. This iPhone 6 battery sucks moldy dick on a Tuesday night ! Worst shit ever. Only last 4 fucking hours.,Negative,0.9524512499523258
Disgusted with @apple advertising for the iPad air. #falseadvertising #nono,Negative,0.6044440186789639
Square Launches iOS App for Food Delivery Service Caviar [iOS Blog] http://t.co/l9uaXkPbxU #AAPL,Positive,0.625566627350379
Done with this iPhone 6 plus Apple or sprint giving me my bread back. Trash ass phone full of fuck ups @sprint @apple,Negative,0.6494745135032398
RT @jgreerthaatruth: Done with this iPhone 6 plus Apple or sprint giving me my bread back. Trash ass phone full of fuck ups @sprint @apple,Negative,0.6494745135032398
"Unlikely supply-chain rumor suggests a 4-inch iPhone model next year $AAPL #aapl
http://t.co/4eIZN1SDeM",Negative,0.5499892079360865
Wouldn't be a bad idea to bring back the tap to tweet function guys @apple @twitter,Negative,0.5879506429985288
Details of the Apple Inc. iPad Mini 4 Revealed http://t.co/Qeun7yXwMP #AAPL,Positive,0.5428536200792724
RT @_JuGatti: Wouldn't be a bad idea to bring back the tap to tweet function guys @apple @twitter,Negative,0.5879506429985288
"@Apple ay cuhz step your shit up,have a good phone with a real charger ready by february or we outro",Negative,0.5738381463942042
An OSX update just bricked my MacBook Pro!. @apple fuck..,Negative,0.6833636823911895
#AAPL:A Developer Perfectly Summed Up The Limitations Of The Apple Watch...http://t.co/xv4HImX5ub,Positive,0.5021245671190908
.@Apple &amp; @Google At Work: The Enterprise Challenge - Julie M. Anderson via @InformationWeek http://t.co/HRhlCh1Qnh http://t.co/FebdhGw6Rq,Positive,0.55560558200823
"The CEO of @evernote warns wearables makers that tech needs productivity, not novelty like @apple Siri 

http://t.co/HdCtT4AlV1",Negative,0.6251313367478615
"The CEO of @evernote warns wearables makers that tech needs productivity, not novelty like @apple Siri 

http://t.co/6I3wMJ8M2t",Negative,0.6251313367478615
when this  iwatch finna drop fam @apple,Positive,0.5518937552391483
#AAPL:How Apple Inc (AAPL) Is Crushing Google Inc (GOOGL) On Mobile Shopping...http://t.co/XNxyWUPMM4,Positive,0.727504634365848
@MhDaDon @Apple next year,Positive,0.5636398498843639
"iPhone 6 Plus Captures 41% 'Phablet' Sales in the U.S. $AAPL #aapl
http://t.co/afedrJ4EPr",Negative,0.5268065448018229
1st quarter ? RT @Ms_BiAnCa_BiSa: @MhDaDon @Apple next year,Positive,0.6371851539820819
@MhDaDon @Apple I believe second or third my dear,Positive,0.6793671662767871
Free s/o @apple for this nice iPad,Positive,0.9618076807951533
"How many @Apple products does it take to write a paper? 

Photo credit: iPhone http://t.co/QBtDib92Lo",Negative,0.7533498948700078
hopefully before my bday RT @Ms_BiAnCa_BiSa: @MhDaDon @Apple I believe second or third my dear,Positive,0.6839505970623523
"@MhDaDon @Apple def gotta have it, I don't even like watches",Negative,0.7433888562655107
"that all black jawn getting scooped like ice cream RT @Ms_BiAnCa_BiSa: @MhDaDon @Apple def gotta have it, I don't even like watches",Positive,0.5123294725035489
"@nheagy @apple needs to stop auto arranging the home screen, and allow users to position apps wherever they want.",Negative,0.8430428407548576
@MhDaDon @Apple I haven't decided yet. I might get bourgeois about it,Negative,0.6049827924936413
Lol  RT @Ms_BiAnCa_BiSa: @MhDaDon @Apple I haven't decided yet. I might get bourgeois about it,Positive,0.5017050540091091
"APPLE Intraday Comments - Updated RANGE,. - PREMIUM USERS  #aapl #Stockaction #trading #Stocks #MKt
http://t.co/G0TeDLCB9z",Positive,0.573069605851099
"Lol fuck you @apple, if I'm going to pay you my left arm &amp; leg for a product.. make it last for more then a couple months #ShittyChargers",Negative,0.5939040220965406
I have no more storage left. Fuck you @apple,Negative,0.894674117077644
"If you would've invested $50,000 in 2005 in #AAPL stock you would have $1,315,066 today. #shucks",Negative,0.5658924856626615
@waywardhem @Apple I totally agree,Positive,0.6490271448162819
"Apple Announces 'Hour of Code' 2014 Campaign for Students, Offers Free Programming Workshops in December http://t.co/0OjMTXOS4a #AAPL",Positive,0.6581864133644567
Spotify Promotion Offers 3-Month Premium Subscription for $0.99 to New Customers [iOS Blog] http://t.co/acAsXHwD1O #AAPL,Positive,0.7537822970575753
"iPhone 6 makes iOS a success in the UK, but Android fights back in Japan $AAPL #aapl
http://t.co/LXuyPKVhd5",Negative,0.5734084458481137
"RT @JPDesloges: iPhone 6 makes iOS a success in the UK, but Android fights back in Japan $AAPL #aapl
http://t.co/LXuyPKVhd5",Negative,0.5734084458481137
Alabama anti-discrimination bill to be named after Apple's Tim Cook http://t.co/tnuYzI7QbT #AAPL,Positive,0.755924556719941
.@codeorg it looks like @Apple is offering a free course on one of their programs - is that the same thing you are seeing? #HourOfCode,Positive,0.75774750908809
"APPLE Intraday Comments - Updated . Range - PREMIUM USERS  #aapl #Stockaction #trading #Stocks #MKt
http://t.co/Fmpde8Ee9m",Positive,0.573069605851099
"Gotta love the Genius Bar @ @apple!! Thanks for your help Alex!! @ Apple Store, Suburban Square http://t.co/OLfpZ8m9qX",Positive,0.8621509265253261
#Apple Stores hosting Hour of Code programming workshops on December 11th - http://t.co/lDmfG6nQES #AAPL #Tokyo,Positive,0.5013668150569647
"#iPhone6, 6 #Plus trigger spike in #Apple sales worldwide - http://t.co/lrkncT9co7 via http://t.co/f80eEwYUkC #aapl",Positive,0.6487859179319078
@jmroubinek I wish @apple would do something similar! Its almost worth switching to samsung for it,Negative,0.7291907893134939
"In first-ever Apple Watch hackathon, apps and challenges emerge $AAPL #aapl
http://t.co/rmYFzMIE5K",Negative,0.6605597523209463
#AAPL:Apple executives to take stand in antitrust trial...http://t.co/mzzN6VfFI4,Positive,0.7059418985358673
@PCAudioLabs is in and @Apple is out at Emanon Records.  Apple was premium product. Now it is an average product with a premium price.,Positive,0.6705515981352796
CNBCTV:  #Apple top execs take stand #aapl http://t.co/IeWlOOLdER,Positive,0.843594744188934
@waywardhem @nheagy @apple I was thinking about this the other day. I wish it would come true.,Negative,0.7844798017604235
My iPAD is playing disgusting music and I cannot make it stop. HELP! @apple,Positive,0.7031024656215094
Nice job @Apple. Would you like your kid to sit on this? http://t.co/xXrnHodYyG,Positive,0.7225484208545428
"Basketball Game Day:

V Boys vs. Silver Valley 4:00 PM (@Apple Valley)

V JV/ V Girls vs. Noli  6:00 PM (Mac)",Positive,0.5138063660454276
iCloud Drive quirk: delete a folder with stuff...it reappears with same stuff.  #icloud @apple,Negative,0.6067516857845534
"#IPhone6Plus vs. Galaxy Note 4: #Has @Apple [#Apple] Really Snatched Away the #Phablet .... (#Thursday, 4 #Decem... http://t.co/WQQDA8FDVB",Negative,0.7019734386102865
Trapping Trademarks: The Case of Apple Inc. App Store http://t.co/QUNmEbwS48 #AAPL #Trademark,Negative,0.5631999838269951
"Apple Pay And Services Lead To Price Target Upgrade For Apple Inc.  $AAPL #aapl
http://t.co/Ot41TSjQlG",Negative,0.5680903988961467
#AAPL RT @TechCrunch Apple Stores Will Host Free Coding Workshops For Second Annual 'Hour of Code' http://t.co/KvyKzaScxp  by @drizzled,Positive,0.799716558870907
It took just one month for the #iPhone6Plus to become the king of #phablets... @Apple is king! #Jobspring #technews http://t.co/mAoSN8Hrrs,Positive,0.667870986235233
"APPLE - Fibonacci Technicals Levels - Intraday  Update - $AAPL #aapl 
http://t.co/T8DDKX3gJB",Negative,0.5555549526062871
.@Apple patents new tech that shifts #iphone's center of gravity during falls so it lands with minimal damages. http://t.co/Keq4BpXQDU,Positive,0.6848374779921007
Made a playlist on my @Apple  #iPod without adding the auto downloaded U2 album.. Put that playlist on shuffle..  Heard U2.,Positive,0.6891972948019028
"#AAPL:Should Apple, Amazon, or eBay Be Portfolio Picks for 2015?...http://t.co/aWn25MWjzG",Negative,0.5098802738649573
"Spent 6000 EUR at Apple. iPhone 6 camera no longer works.Told I got water in it,I did not. Unacceptable customer service @apple",Negative,0.8569105131933239
"RT @JPDesloges: Apple Pay And Services Lead To Price Target Upgrade For Apple Inc.  $AAPL #aapl
http://t.co/Ot41TSjQlG",Negative,0.5680903988961467
@apple I thought I was taking my selfie to a new level when I switched from the #htcone to #iPhone6Plus #disappointed http://t.co/2H1n5KwaX5,Negative,0.5253129539705328
"RT @slawfr: Spent 6000 EUR at Apple. iPhone 6 camera no longer works.Told I got water in it,I did not. Unacceptable customer service @apple",Negative,0.8569105131933239
Computer Science Education Week is coming! Check out some #coding opportunities that @apple will be helping put on. http://t.co/jI5hSZXUpR,Positive,0.5891935170401843
Looks like @apple could become a leader in CS education http://t.co/bEMaGRTR5i,Positive,0.5641943788081959
It took just one month for the #iPhone6 #Plus to become the king of #phablets http://t.co/Ige6PxbsIF via @BGR #aapl,Positive,0.6134016011853471
"New @apple problem. At airport. Boarding pass on phone. Held up to scanner at security, and my #ApplePay credit card takes over screen.",Negative,0.5506948970983638
Dear @Apple: I love my iPhone 6 Plus...A lot. It is a great achievement; But why is it the only iPhone I've had that reboots 3x/day? #Fail,Positive,0.6173487161036764
"Trade $AAPL #FREE Nightly Updates are #posted here on #Twitter, or you can visit the #Trade #AAPL FREE #website here http://t.co/U4TKeApbxF",Positive,0.6880863740034503
@Apple deleted users' non-#iTunes music and didn't tell them about it http://t.co/UyT2ePDlTw via @Appy_Geek #apple #music,Negative,0.7301950898609737
RT Different is Normal http://t.co/6cbUmYzRlm + #FrankCaliendo #IanSomerhalder #RyanDorsey #DanBilzerian #AAPL,Positive,0.783891829794122
iOS 8.1 has fucked my battery life on my iPhone 6. Really starting to wonder if @apple has any quality control anymore. Wish I was on 8.01,Negative,0.9216309658868213
#Apple: Kantar's Data Points To A Huge December Quarter #AAPL http://t.co/qwExnz70J1,Positive,0.5050010900702608
"what maketh thee of this pesky 'b' that appears at the end of people's text messages, @apple @tim_cook?",Negative,0.5190111563474372
"#VerrÌ_cktes #GerÌ_cht: #iPhone6s zum @Apple [#Apple] Watch. (#Thursday, 4 #December) http://t.co/w8KyZdoUtE",Positive,0.6223333097570437
@apple @nike #BlackDollarsMatter: An Open Letter to the Companies That Support #LGBTQ Marriage Equality/Civil Rights. http://t.co/F2uslRVbBc,Positive,0.5644711369602801
"Apple 'deleted' rivals' music from iPods, court hears - http://t.co/R8Rrb2IXmb @apple #Apple #ITunes #iPods http://t.co/bx2wiJokSX",Negative,0.7568862062217091
@alharding if only @apple had robots reviewing apps!,Negative,0.6960650421401359
"Apple mass transit system for Maps detailed in new patent $AAPL #aapl
http://t.co/YhwWoUBR3Q",Positive,0.6846323209544152
RT @huffpostgay: @Apple CEO Time Cook gets a unique honor in his home state of Alabama http://t.co/TDRfmjsV7L,Positive,0.6327270528945019
"Rumor Roundup: Crescentgate-gate $AAPL #aapl
http://t.co/iQOYgnD72G",Positive,0.5672379339051172
"RT @JPDesloges: Apple mass transit system for Maps detailed in new patent $AAPL #aapl
http://t.co/YhwWoUBR3Q",Positive,0.6846323209544152
"Apple iPod lawsuit will reveal unseen Steve Jobs video $AAPL #aapl
http://t.co/BFx9Zzaj2e",Positive,0.5360336771491302
MacBook Pro 13   Non-retina First Startup: http://t.co/9l6RK2OLq2 via @youtube @apple #macbook #macbookpro #startup #hipster,Positive,0.5128225760845161
MacBook Pro 13in Unboxing: http://t.co/F3IM9YbpxF via @youtube @apple #macbook #macbookpro #startup #hipster #unboxing,Negative,0.5623560058022271
"@daninicolexo Yo whatchoo meeeeean goreella glazz giirrl, daaam I ain'o monkee @Apple",Positive,0.5672379339051172
iPad Mini Unboxing!: http://t.co/GnLy8W75nA via @youtube @apple #ipadmini #ipad #macbook #macbookpro #startup #hipster #unboxing,Positive,0.6115462413160782
iPad Mini First Time Startup!: http://t.co/vGHN798zzs via @youtube @apple #ipadmini #ipad #macbook #macbookpro #startup #hipster #unbox,Positive,0.6666886700502316
"APPLE - Fibonacci Technicals Levels -LAST  Intraday  Update - $AAPL #aapl 
http://t.co/P66pCgDlij",Negative,0.6750661966455849
"RT @JPDesloges: APPLE - Fibonacci Technicals Levels -LAST  Intraday  Update - $AAPL #aapl 
http://t.co/P66pCgDlij",Negative,0.6750661966455849
Very displeased with the lack of #BDSM themed #Emojis. @Apple @Android,Negative,0.5291721573330044
second phone charger broke in two weeks @apple i hate you,Negative,0.9391945237800041
"No @macbook today,charger broken .help please @apple what can i do...",Negative,0.868263838630998
The @Apple iWatch: Changing the face of watches http://t.co/EtfTAT5K7x #applenews #iwatch #gadgets,Positive,0.5244643145163291
Hey @Apple can you fix Safari your querySelectorAll so jQuery unit tests pass?  https://t.co/aTZHzXWGu1 http://t.co/ggPgET4812,Negative,0.5837286889081801
"Get Ready for an Unbreakable #Apple #iPhone | InvestorPlace
#aapl http://t.co/YgLYZoqkO6",Positive,0.6363735384142233
"'An overarching conspiracy' @Apple, @google, @DisneyPixar, &amp; more accused of suppressing worker compensation. http://t.co/fGWyAxmasC",Positive,0.7748910684016921
my phone was on 19 percent and then it shut off okay @apple fuck you,Negative,0.662803907614591
"Studio at 45,000 ft.  One outlet,  4 computers.  @Apple we need the batteries of the future NoW!!!! http://t.co/astp9x6KET",Positive,0.6237907541110634
"RT @OneRepublic: Studio at 45,000 ft.  One outlet,  4 computers.  @Apple we need the batteries of the future NoW!!!! http://t.co/astp9x6KET",Positive,0.6237907541110634
"RT @OneRepublic: Studio at 45,000 ft.  One outlet,  4 computers.  @Apple we need the batteries of the future NoW!!!! http://t.co/astp9x6KET",Positive,0.6237907541110634
"RT @OneRepublic: Studio at 45,000 ft.  One outlet,  4 computers.  @Apple we need the batteries of the future NoW!!!! http://t.co/astp9x6KET",Positive,0.6237907541110634
"RT @OneRepublic: Studio at 45,000 ft.  One outlet,  4 computers.  @Apple we need the batteries of the future NoW!!!! http://t.co/astp9x6KET",Positive,0.6237907541110634
"RT @OneRepublic: Studio at 45,000 ft.  One outlet,  4 computers.  @Apple we need the batteries of the future NoW!!!! http://t.co/astp9x6KET",Positive,0.6237907541110634
"RT @OneRepublic: Studio at 45,000 ft.  One outlet,  4 computers.  @Apple we need the batteries of the future NoW!!!! http://t.co/astp9x6KET",Positive,0.6237907541110634
"RT @OneRepublic: Studio at 45,000 ft.  One outlet,  4 computers.  @Apple we need the batteries of the future NoW!!!! http://t.co/astp9x6KET",Positive,0.6237907541110634
"RT @OneRepublic: Studio at 45,000 ft.  One outlet,  4 computers.  @Apple we need the batteries of the future NoW!!!! http://t.co/astp9x6KET",Positive,0.6237907541110634
"RT @OneRepublic: Studio at 45,000 ft.  One outlet,  4 computers.  @Apple we need the batteries of the future NoW!!!! http://t.co/astp9x6KET",Positive,0.6237907541110634
"RT @OneRepublic: Studio at 45,000 ft.  One outlet,  4 computers.  @Apple we need the batteries of the future NoW!!!! http://t.co/astp9x6KET",Positive,0.6237907541110634
"RT @OneRepublic: Studio at 45,000 ft.  One outlet,  4 computers.  @Apple we need the batteries of the future NoW!!!! http://t.co/astp9x6KET",Positive,0.6237907541110634
"RT @OneRepublic: Studio at 45,000 ft.  One outlet,  4 computers.  @Apple we need the batteries of the future NoW!!!! http://t.co/astp9x6KET",Positive,0.6237907541110634
"RT @OneRepublic: Studio at 45,000 ft.  One outlet,  4 computers.  @Apple we need the batteries of the future NoW!!!! http://t.co/astp9x6KET",Positive,0.6237907541110634
"RT @OneRepublic: Studio at 45,000 ft.  One outlet,  4 computers.  @Apple we need the batteries of the future NoW!!!! http://t.co/astp9x6KET",Positive,0.6237907541110634
"RT @OneRepublic: Studio at 45,000 ft.  One outlet,  4 computers.  @Apple we need the batteries of the future NoW!!!! http://t.co/astp9x6KET",Positive,0.6237907541110634
"RT @OneRepublic: Studio at 45,000 ft.  One outlet,  4 computers.  @Apple we need the batteries of the future NoW!!!! http://t.co/astp9x6KET",Positive,0.6237907541110634
"RT @OneRepublic: Studio at 45,000 ft.  One outlet,  4 computers.  @Apple we need the batteries of the future NoW!!!! http://t.co/astp9x6KET",Positive,0.6237907541110634
"RT @OneRepublic: Studio at 45,000 ft.  One outlet,  4 computers.  @Apple we need the batteries of the future NoW!!!! http://t.co/astp9x6KET",Positive,0.6237907541110634
"RT @OneRepublic: Studio at 45,000 ft.  One outlet,  4 computers.  @Apple we need the batteries of the future NoW!!!! http://t.co/astp9x6KET",Positive,0.6237907541110634
"RT @OneRepublic: Studio at 45,000 ft.  One outlet,  4 computers.  @Apple we need the batteries of the future NoW!!!! http://t.co/astp9x6KET",Positive,0.6237907541110634
@OneRepublic @Apple 45000 feet keep flying,Positive,0.5953147167002832
"RT @OneRepublic: Studio at 45,000 ft.  One outlet,  4 computers.  @Apple we need the batteries of the future NoW!!!! http://t.co/astp9x6KET",Positive,0.6237907541110634
@OneRepublic @Apple Ooh my god,Positive,0.6951791401210895
@OneRepublic @Apple yeah guys,Positive,0.660809778815267
"RT @OneRepublic: Studio at 45,000 ft.  One outlet,  4 computers.  @Apple we need the batteries of the future NoW!!!! http://t.co/astp9x6KET",Positive,0.6237907541110634
"RT @OneRepublic: Studio at 45,000 ft.  One outlet,  4 computers.  @Apple we need the batteries of the future NoW!!!! http://t.co/astp9x6KET",Positive,0.6237907541110634
"RT @OneRepublic: Studio at 45,000 ft.  One outlet,  4 computers.  @Apple we need the batteries of the future NoW!!!! http://t.co/astp9x6KET",Positive,0.6237907541110634
"RT @OneRepublic: Studio at 45,000 ft.  One outlet,  4 computers.  @Apple we need the batteries of the future NoW!!!! http://t.co/astp9x6KET",Positive,0.6237907541110634
"RT @OneRepublic: Studio at 45,000 ft.  One outlet,  4 computers.  @Apple we need the batteries of the future NoW!!!! http://t.co/astp9x6KET",Positive,0.6237907541110634
"RT @OneRepublic: Studio at 45,000 ft.  One outlet,  4 computers.  @Apple we need the batteries of the future NoW!!!! http://t.co/astp9x6KET",Positive,0.6237907541110634
@OneRepublic @Apple I really miss you!,Negative,0.9395458544635432
"RT @OneRepublic: Studio at 45,000 ft.  One outlet,  4 computers.  @Apple we need the batteries of the future NoW!!!! http://t.co/astp9x6KET",Positive,0.6237907541110634
@OneRepublic @Apple Follow meeee,Positive,0.7750019281379296
"RT @OneRepublic: Studio at 45,000 ft.  One outlet,  4 computers.  @Apple we need the batteries of the future NoW!!!! http://t.co/astp9x6KET",Positive,0.6237907541110634
"RT @OneRepublic: Studio at 45,000 ft.  One outlet,  4 computers.  @Apple we need the batteries of the future NoW!!!! http://t.co/astp9x6KET",Positive,0.6237907541110634
"RT @OneRepublic: Studio at 45,000 ft.  One outlet,  4 computers.  @Apple we need the batteries of the future NoW!!!! http://t.co/astp9x6KET",Positive,0.6237907541110634
@OneRepublic @Apple Pleaseeeeeeeeee,Positive,0.5672379339051172
"RT @OneRepublic: Studio at 45,000 ft.  One outlet,  4 computers.  @Apple we need the batteries of the future NoW!!!! http://t.co/astp9x6KET",Positive,0.6237907541110634
"RT @OneRepublic: Studio at 45,000 ft.  One outlet,  4 computers.  @Apple we need the batteries of the future NoW!!!! http://t.co/astp9x6KET",Positive,0.6237907541110634
"RT @OneRepublic: Studio at 45,000 ft.  One outlet,  4 computers.  @Apple we need the batteries of the future NoW!!!! http://t.co/astp9x6KET",Positive,0.6237907541110634
@OneRepublic @Apple So amazing,Positive,0.9213807281801011
"RT @OneRepublic: Studio at 45,000 ft.  One outlet,  4 computers.  @Apple we need the batteries of the future NoW!!!! http://t.co/astp9x6KET",Positive,0.6237907541110634
"RT @OneRepublic: Studio at 45,000 ft.  One outlet,  4 computers.  @Apple we need the batteries of the future NoW!!!! http://t.co/astp9x6KET",Positive,0.6237907541110634
"RT @OneRepublic: Studio at 45,000 ft.  One outlet,  4 computers.  @Apple we need the batteries of the future NoW!!!! http://t.co/astp9x6KET",Positive,0.6237907541110634
"RT @Proto_Zsay: what maketh thee of this pesky 'b' that appears at the end of people's text messages, @apple @tim_cook?",Negative,0.5190111563474372
"RT @OneRepublic: Studio at 45,000 ft.  One outlet,  4 computers.  @Apple we need the batteries of the future NoW!!!! http://t.co/astp9x6KET",Positive,0.6237907541110634
"RT @OneRepublic: Studio at 45,000 ft.  One outlet,  4 computers.  @Apple we need the batteries of the future NoW!!!! http://t.co/astp9x6KET",Positive,0.6237907541110634
"RT @OneRepublic: Studio at 45,000 ft.  One outlet,  4 computers.  @Apple we need the batteries of the future NoW!!!! http://t.co/astp9x6KET",Positive,0.6237907541110634
"RT @OneRepublic: Studio at 45,000 ft.  One outlet,  4 computers.  @Apple we need the batteries of the future NoW!!!! http://t.co/astp9x6KET",Positive,0.6237907541110634
"APPLE Intraday Comments - LAST Update - PREMIUM USERS  #aapl #Stockaction #trading #Stocks #MKt
http://t.co/G0TeDLCB9z",Negative,0.6081074359293868
"@OneRepublic @Apple 40,000 feet keep flying :)",Positive,0.5953147167002832
"RT @OneRepublic: Studio at 45,000 ft.  One outlet,  4 computers.  @Apple we need the batteries of the future NoW!!!! http://t.co/astp9x6KET",Positive,0.6237907541110634
"RT @OneRepublic: Studio at 45,000 ft.  One outlet,  4 computers.  @Apple we need the batteries of the future NoW!!!! http://t.co/astp9x6KET",Positive,0.6237907541110634
"RT @OneRepublic: Studio at 45,000 ft.  One outlet,  4 computers.  @Apple we need the batteries of the future NoW!!!! http://t.co/astp9x6KET",Positive,0.6237907541110634
"@OneRepublic @Apple 45,000 feet keeeppppp flyinggggg",Positive,0.6128902309400589
"RT @OneRepublic: Studio at 45,000 ft.  One outlet,  4 computers.  @Apple we need the batteries of the future NoW!!!! http://t.co/astp9x6KET",Positive,0.6237907541110634
"RT @OneRepublic: Studio at 45,000 ft.  One outlet,  4 computers.  @Apple we need the batteries of the future NoW!!!! http://t.co/astp9x6KET",Positive,0.6237907541110634
"RT @OneRepublic: Studio at 45,000 ft.  One outlet,  4 computers.  @Apple we need the batteries of the future NoW!!!! http://t.co/astp9x6KET",Positive,0.6237907541110634
"RT @OneRepublic: Studio at 45,000 ft.  One outlet,  4 computers.  @Apple we need the batteries of the future NoW!!!! http://t.co/astp9x6KET",Positive,0.6237907541110634
"RT @OneRepublic: Studio at 45,000 ft.  One outlet,  4 computers.  @Apple we need the batteries of the future NoW!!!! http://t.co/astp9x6KET",Positive,0.6237907541110634
"RT @OneRepublic: Studio at 45,000 ft.  One outlet,  4 computers.  @Apple we need the batteries of the future NoW!!!! http://t.co/astp9x6KET",Positive,0.6237907541110634
"RT @OneRepublic: Studio at 45,000 ft.  One outlet,  4 computers.  @Apple we need the batteries of the future NoW!!!! http://t.co/astp9x6KET",Positive,0.6237907541110634
"RT @OneRepublic: Studio at 45,000 ft.  One outlet,  4 computers.  @Apple we need the batteries of the future NoW!!!! http://t.co/astp9x6KET",Positive,0.6237907541110634
"RT @OneRepublic: Studio at 45,000 ft.  One outlet,  4 computers.  @Apple we need the batteries of the future NoW!!!! http://t.co/astp9x6KET",Positive,0.6237907541110634
"RT @OneRepublic: Studio at 45,000 ft.  One outlet,  4 computers.  @Apple we need the batteries of the future NoW!!!! http://t.co/astp9x6KET",Positive,0.6237907541110634
"RT @OneRepublic: Studio at 45,000 ft.  One outlet,  4 computers.  @Apple we need the batteries of the future NoW!!!! http://t.co/astp9x6KET",Positive,0.6237907541110634
"RT @OneRepublic: Studio at 45,000 ft.  One outlet,  4 computers.  @Apple we need the batteries of the future NoW!!!! http://t.co/astp9x6KET",Positive,0.6237907541110634
@OneRepublic @Apple it's so crazy haha guys can you follow me? Please,Positive,0.9122880623585562
"RT @OneRepublic: Studio at 45,000 ft.  One outlet,  4 computers.  @Apple we need the batteries of the future NoW!!!! http://t.co/astp9x6KET",Positive,0.6237907541110634
"RT @OneRepublic: Studio at 45,000 ft.  One outlet,  4 computers.  @Apple we need the batteries of the future NoW!!!! http://t.co/astp9x6KET",Positive,0.6237907541110634
"RT @OneRepublic: Studio at 45,000 ft.  One outlet,  4 computers.  @Apple we need the batteries of the future NoW!!!! http://t.co/astp9x6KET",Positive,0.6237907541110634
"RT @OneRepublic: Studio at 45,000 ft.  One outlet,  4 computers.  @Apple we need the batteries of the future NoW!!!! http://t.co/astp9x6KET",Positive,0.6237907541110634
"RT @OneRepublic: Studio at 45,000 ft.  One outlet,  4 computers.  @Apple we need the batteries of the future NoW!!!! http://t.co/astp9x6KET",Positive,0.6237907541110634
"RT @OneRepublic: Studio at 45,000 ft.  One outlet,  4 computers.  @Apple we need the batteries of the future NoW!!!! http://t.co/astp9x6KET",Positive,0.6237907541110634
"RT @OneRepublic: Studio at 45,000 ft.  One outlet,  4 computers.  @Apple we need the batteries of the future NoW!!!! http://t.co/astp9x6KET",Positive,0.6237907541110634
"RT @OneRepublic: Studio at 45,000 ft.  One outlet,  4 computers.  @Apple we need the batteries of the future NoW!!!! http://t.co/astp9x6KET",Positive,0.6237907541110634
"RT @OneRepublic: Studio at 45,000 ft.  One outlet,  4 computers.  @Apple we need the batteries of the future NoW!!!! http://t.co/astp9x6KET",Positive,0.6237907541110634
"RT @OneRepublic: Studio at 45,000 ft.  One outlet,  4 computers.  @Apple we need the batteries of the future NoW!!!! http://t.co/astp9x6KET",Positive,0.6237907541110634
"RT @OneRepublic: Studio at 45,000 ft.  One outlet,  4 computers.  @Apple we need the batteries of the future NoW!!!! http://t.co/astp9x6KET",Positive,0.6237907541110634
"RT @OneRepublic: Studio at 45,000 ft.  One outlet,  4 computers.  @Apple we need the batteries of the future NoW!!!! http://t.co/astp9x6KET",Positive,0.6237907541110634
@OneRepublic @Apple Gosh. Is that all computer things doesn't make trouble to the flight ? I am worried.,Negative,0.8916592939446687
@OneRepublic @Apple FOLLOW ME PLS,Positive,0.7489938236824116
"RT @OneRepublic: Studio at 45,000 ft.  One outlet,  4 computers.  @Apple we need the batteries of the future NoW!!!! http://t.co/astp9x6KET",Positive,0.6237907541110634
"RT @OneRepublic: Studio at 45,000 ft.  One outlet,  4 computers.  @Apple we need the batteries of the future NoW!!!! http://t.co/astp9x6KET",Positive,0.6237907541110634
"RT @OneRepublic: Studio at 45,000 ft.  One outlet,  4 computers.  @Apple we need the batteries of the future NoW!!!! http://t.co/astp9x6KET",Positive,0.6237907541110634
"RT @OneRepublic: Studio at 45,000 ft.  One outlet,  4 computers.  @Apple we need the batteries of the future NoW!!!! http://t.co/astp9x6KET",Positive,0.6237907541110634
"RT @OneRepublic: Studio at 45,000 ft.  One outlet,  4 computers.  @Apple we need the batteries of the future NoW!!!! http://t.co/astp9x6KET",Positive,0.6237907541110634
"RT @OneRepublic: Studio at 45,000 ft.  One outlet,  4 computers.  @Apple we need the batteries of the future NoW!!!! http://t.co/astp9x6KET",Positive,0.6237907541110634
@OneRepublic @Apple Lmaoo! Someone needs to get on that quick!,Negative,0.6717477771927249
"RT @OneRepublic: Studio at 45,000 ft.  One outlet,  4 computers.  @Apple we need the batteries of the future NoW!!!! http://t.co/astp9x6KET",Positive,0.6237907541110634
@OneRepublic @Apple Ever consider @windows computers for recording music?,Positive,0.6550084351507883
"RT @OneRepublic: Studio at 45,000 ft.  One outlet,  4 computers.  @Apple we need the batteries of the future NoW!!!! http://t.co/astp9x6KET",Positive,0.6237907541110634
"'@OneRepublic: Studio at 45,000 ft.  One outlet,  4 computers.  @Apple we need the batteries of the future NoW!!!! http://t.co/HghoJ0kYWC'",Positive,0.6237907541110634
"RT @OneRepublic: Studio at 45,000 ft.  One outlet,  4 computers.  @Apple we need the batteries of the future NoW!!!! http://t.co/astp9x6KET",Positive,0.6237907541110634
"RT @OneRepublic: Studio at 45,000 ft.  One outlet,  4 computers.  @Apple we need the batteries of the future NoW!!!! http://t.co/astp9x6KET",Positive,0.6237907541110634
"RT @OneRepublic: Studio at 45,000 ft.  One outlet,  4 computers.  @Apple we need the batteries of the future NoW!!!! http://t.co/astp9x6KET",Positive,0.6237907541110634
"RT @OneRepublic: Studio at 45,000 ft.  One outlet,  4 computers.  @Apple we need the batteries of the future NoW!!!! http://t.co/astp9x6KET",Positive,0.6237907541110634
"RT @OneRepublic: Studio at 45,000 ft.  One outlet,  4 computers.  @Apple we need the batteries of the future NoW!!!! http://t.co/astp9x6KET",Positive,0.6237907541110634
"RT @OneRepublic: Studio at 45,000 ft.  One outlet,  4 computers.  @Apple we need the batteries of the future NoW!!!! http://t.co/astp9x6KET",Positive,0.6237907541110634
"RT @OneRepublic: Studio at 45,000 ft.  One outlet,  4 computers.  @Apple we need the batteries of the future NoW!!!! http://t.co/astp9x6KET",Positive,0.6237907541110634
@OneRepublic @Apple Pretty boys,Positive,0.8346841560925771
"RT @OneRepublic: Studio at 45,000 ft.  One outlet,  4 computers.  @Apple we need the batteries of the future NoW!!!! http://t.co/astp9x6KET",Positive,0.6237907541110634
"RT @OneRepublic: Studio at 45,000 ft.  One outlet,  4 computers.  @Apple we need the batteries of the future NoW!!!! http://t.co/astp9x6KET",Positive,0.6237907541110634
"RT @OneRepublic: Studio at 45,000 ft.  One outlet,  4 computers.  @Apple we need the batteries of the future NoW!!!! http://t.co/astp9x6KET",Positive,0.6237907541110634
"RT @OneRepublic: Studio at 45,000 ft.  One outlet,  4 computers.  @Apple we need the batteries of the future NoW!!!! http://t.co/astp9x6KET",Positive,0.6237907541110634
"@OneRepublic @Apple The plane is amazing! You look so cool. Yes, we all need this battery. Write me for this list. :)",Positive,0.778699248741932
"RT @OneRepublic: Studio at 45,000 ft.  One outlet,  4 computers.  @Apple we need the batteries of the future NoW!!!! http://t.co/astp9x6KET",Positive,0.6237907541110634
"RT @OneRepublic: Studio at 45,000 ft.  One outlet,  4 computers.  @Apple we need the batteries of the future NoW!!!! http://t.co/astp9x6KET",Positive,0.6237907541110634
@OneRepublic @Apple I bet you can get them at RadioShack lol,Positive,0.7143311611291601
"RT @OneRepublic: Studio at 45,000 ft.  One outlet,  4 computers.  @Apple we need the batteries of the future NoW!!!! http://t.co/astp9x6KET",Positive,0.6237907541110634
"RT @OneRepublic: Studio at 45,000 ft.  One outlet,  4 computers.  @Apple we need the batteries of the future NoW!!!! http://t.co/astp9x6KET",Positive,0.6237907541110634
"RT @OneRepublic: Studio at 45,000 ft.  One outlet,  4 computers.  @Apple we need the batteries of the future NoW!!!! http://t.co/astp9x6KET",Positive,0.6237907541110634
"@OneRepublic @Apple Look AT Brent, oH MY goD",Positive,0.8048373366102305
"RT @OneRepublic: Studio at 45,000 ft.  One outlet,  4 computers.  @Apple we need the batteries of the future NoW!!!! http://t.co/astp9x6KET",Positive,0.6237907541110634
"RT @OneRepublic: Studio at 45,000 ft.  One outlet,  4 computers.  @Apple we need the batteries of the future NoW!!!! http://t.co/astp9x6KET",Positive,0.6237907541110634
"RT @OneRepublic: Studio at 45,000 ft.  One outlet,  4 computers.  @Apple we need the batteries of the future NoW!!!! http://t.co/astp9x6KET",Positive,0.6237907541110634
"RT @OneRepublic: Studio at 45,000 ft.  One outlet,  4 computers.  @Apple we need the batteries of the future NoW!!!! http://t.co/astp9x6KET",Positive,0.6237907541110634
"RT @OneRepublic: Studio at 45,000 ft.  One outlet,  4 computers.  @Apple we need the batteries of the future NoW!!!! http://t.co/astp9x6KET",Positive,0.6237907541110634
"RT @OneRepublic: Studio at 45,000 ft.  One outlet,  4 computers.  @Apple we need the batteries of the future NoW!!!! http://t.co/astp9x6KET",Positive,0.6237907541110634
"RT @OneRepublic: Studio at 45,000 ft.  One outlet,  4 computers.  @Apple we need the batteries of the future NoW!!!! http://t.co/astp9x6KET",Positive,0.6237907541110634
@OneRepublic @Apple @JKsOnTheRadio legit thought that was you in this pic!,Negative,0.5050934306012658
@OneRepublic @Apple How cool that you're working on new music. Can't wait to hear it. But you're working hard. You need rest. :),Positive,0.7765426462877393
"RT @OneRepublic: Studio at 45,000 ft.  One outlet,  4 computers.  @Apple we need the batteries of the future NoW!!!! http://t.co/astp9x6KET",Positive,0.6237907541110634
"@OneRepublic @Apple Hahha All Apple Users have the Same Problem /

Low Batteries..",Negative,0.5015357890923297
@OneRepublic @Apple what the heck is playing on the computer across from brent,Positive,0.5553676328612782
"RT @OneRepublic: Studio at 45,000 ft.  One outlet,  4 computers.  @Apple we need the batteries of the future NoW!!!! http://t.co/astp9x6KET",Positive,0.6237907541110634
"RT @OneRepublic: Studio at 45,000 ft.  One outlet,  4 computers.  @Apple we need the batteries of the future NoW!!!! http://t.co/astp9x6KET",Positive,0.6237907541110634
"RT @OneRepublic: Studio at 45,000 ft.  One outlet,  4 computers.  @Apple we need the batteries of the future NoW!!!! http://t.co/astp9x6KET",Positive,0.6237907541110634
"RT @OneRepublic: Studio at 45,000 ft.  One outlet,  4 computers.  @Apple we need the batteries of the future NoW!!!! http://t.co/astp9x6KET",Positive,0.6237907541110634
"RT @OneRepublic: Studio at 45,000 ft.  One outlet,  4 computers.  @Apple we need the batteries of the future NoW!!!! http://t.co/astp9x6KET",Positive,0.6237907541110634
@OneRepublic @Apple Thanks for sharing pics. Awesome guys! :),Positive,0.9675886500267527
"RT @OneRepublic: Studio at 45,000 ft.  One outlet,  4 computers.  @Apple we need the batteries of the future NoW!!!! http://t.co/astp9x6KET",Positive,0.6237907541110634
"RT @OneRepublic: Studio at 45,000 ft.  One outlet,  4 computers.  @Apple we need the batteries of the future NoW!!!! http://t.co/astp9x6KET",Positive,0.6237907541110634
#AAPL:Apple's Former CEO Thinks The Apple Watch Will Flop - But He Loves App...http://t.co/hOfKSZ1DUD,Positive,0.7614441049070175
"RT @OneRepublic: Studio at 45,000 ft.  One outlet,  4 computers.  @Apple we need the batteries of the future NoW!!!! http://t.co/astp9x6KET",Positive,0.6237907541110634
"RT @OneRepublic: Studio at 45,000 ft.  One outlet,  4 computers.  @Apple we need the batteries of the future NoW!!!! http://t.co/astp9x6KET",Positive,0.6237907541110634
"RT @OneRepublic: Studio at 45,000 ft.  One outlet,  4 computers.  @Apple we need the batteries of the future NoW!!!! http://t.co/astp9x6KET",Positive,0.6237907541110634
"RT @OneRepublic: Studio at 45,000 ft.  One outlet,  4 computers.  @Apple we need the batteries of the future NoW!!!! http://t.co/astp9x6KET",Positive,0.6237907541110634
"RT @OneRepublic: Studio at 45,000 ft.  One outlet,  4 computers.  @Apple we need the batteries of the future NoW!!!! http://t.co/astp9x6KET",Positive,0.6237907541110634
"RT @OneRepublic: Studio at 45,000 ft.  One outlet,  4 computers.  @Apple we need the batteries of the future NoW!!!! http://t.co/astp9x6KET",Positive,0.6237907541110634
"RT @OneRepublic: Studio at 45,000 ft.  One outlet,  4 computers.  @Apple we need the batteries of the future NoW!!!! http://t.co/astp9x6KET",Positive,0.6237907541110634
@OneRepublic @Apple MY BABYYYSS,Positive,0.5672379339051172
@OneRepublic @Apple HOW THEY LOOK THIS IS SO CUTE,Positive,0.9536759016155187
@OneRepublic @Apple I WANNA HUG THEM SO MUCH,Negative,0.7633319970876329
"RT @OneRepublic: Studio at 45,000 ft.  One outlet,  4 computers.  @Apple we need the batteries of the future NoW!!!! http://t.co/astp9x6KET",Positive,0.6237907541110634
@OneRepublic @Apple THIS IS SO BEAUTIFUL,Positive,0.9235325871748723
"RT @OneRepublic: Studio at 45,000 ft.  One outlet,  4 computers.  @Apple we need the batteries of the future NoW!!!! http://t.co/astp9x6KET",Positive,0.6237907541110634
"RT @OneRepublic: Studio at 45,000 ft.  One outlet,  4 computers.  @Apple we need the batteries of the future NoW!!!! http://t.co/astp9x6KET",Positive,0.6237907541110634
@OneRepublic @Apple this is awesome! Can I join?,Positive,0.9181464471053198
"RT @OneRepublic: Studio at 45,000 ft.  One outlet,  4 computers.  @Apple we need the batteries of the future NoW!!!! http://t.co/astp9x6KET",Positive,0.6237907541110634
"RT @OneRepublic: Studio at 45,000 ft.  One outlet,  4 computers.  @Apple we need the batteries of the future NoW!!!! http://t.co/astp9x6KET",Positive,0.6237907541110634
"RT @OneRepublic: Studio at 45,000 ft.  One outlet,  4 computers.  @Apple we need the batteries of the future NoW!!!! http://t.co/astp9x6KET",Positive,0.6237907541110634
"RT @OneRepublic: Studio at 45,000 ft.  One outlet,  4 computers.  @Apple we need the batteries of the future NoW!!!! http://t.co/astp9x6KET",Positive,0.6237907541110634
"RT @OneRepublic: Studio at 45,000 ft.  One outlet,  4 computers.  @Apple we need the batteries of the future NoW!!!! http://t.co/astp9x6KET",Positive,0.6237907541110634
"RT @OneRepublic: Studio at 45,000 ft.  One outlet,  4 computers.  @Apple we need the batteries of the future NoW!!!! http://t.co/astp9x6KET",Positive,0.6237907541110634
"RT @OneRepublic: Studio at 45,000 ft.  One outlet,  4 computers.  @Apple we need the batteries of the future NoW!!!! http://t.co/astp9x6KET",Positive,0.6237907541110634
"RT @OneRepublic: Studio at 45,000 ft.  One outlet,  4 computers.  @Apple we need the batteries of the future NoW!!!! http://t.co/astp9x6KET",Positive,0.6237907541110634
This is why I moved over to @Apple... http://t.co/fAW3zsfzt7,Positive,0.5024263023714918
"Apple:Dec 4 Trading Daily Profit $1.57/sh, Weekly Profits of $16.79/sh  #aapl #Stockaction #trading #Stocks #MKt  
http://t.co/2LDyq7Iu5v",Positive,0.6750104141078102
Apple in Full Support of Naming Alabama Anti-Discrimination Bill After Tim Cook http://t.co/vRfbdhIOlu #AAPL,Positive,0.6410176483209747
"RT @OneRepublic: Studio at 45,000 ft.  One outlet,  4 computers.  @Apple we need the batteries of the future NoW!!!! http://t.co/astp9x6KET",Positive,0.6237907541110634
"RT @OneRepublic: Studio at 45,000 ft.  One outlet,  4 computers.  @Apple we need the batteries of the future NoW!!!! http://t.co/astp9x6KET",Positive,0.6237907541110634
"RT @OneRepublic: Studio at 45,000 ft.  One outlet,  4 computers.  @Apple we need the batteries of the future NoW!!!! http://t.co/astp9x6KET",Positive,0.6237907541110634
"RT @OneRepublic: Studio at 45,000 ft.  One outlet,  4 computers.  @Apple we need the batteries of the future NoW!!!! http://t.co/astp9x6KET",Positive,0.6237907541110634
"RT @OneRepublic: Studio at 45,000 ft.  One outlet,  4 computers.  @Apple we need the batteries of the future NoW!!!! http://t.co/astp9x6KET",Positive,0.6237907541110634
"RT @OneRepublic: Studio at 45,000 ft.  One outlet,  4 computers.  @Apple we need the batteries of the future NoW!!!! http://t.co/astp9x6KET",Positive,0.6237907541110634
"'@OneRepublic: Studio at 45,000 ft.  One outlet,  4 computers.  @Apple we need the batteries of the future NoW!!!! http://t.co/QjxG0DilPO'",Positive,0.6237907541110634
"RT @OneRepublic: Studio at 45,000 ft.  One outlet,  4 computers.  @Apple we need the batteries of the future NoW!!!! http://t.co/astp9x6KET",Positive,0.6237907541110634
"RT @OneRepublic: Studio at 45,000 ft.  One outlet,  4 computers.  @Apple we need the batteries of the future NoW!!!! http://t.co/astp9x6KET",Positive,0.6237907541110634
"RT @OneRepublic: Studio at 45,000 ft.  One outlet,  4 computers.  @Apple we need the batteries of the future NoW!!!! http://t.co/astp9x6KET",Positive,0.6237907541110634
"RT @OneRepublic: Studio at 45,000 ft.  One outlet,  4 computers.  @Apple we need the batteries of the future NoW!!!! http://t.co/astp9x6KET",Positive,0.6237907541110634
"RT @OneRepublic: Studio at 45,000 ft.  One outlet,  4 computers.  @Apple we need the batteries of the future NoW!!!! http://t.co/astp9x6KET",Positive,0.6237907541110634
"RT @OneRepublic: Studio at 45,000 ft.  One outlet,  4 computers.  @Apple we need the batteries of the future NoW!!!! http://t.co/astp9x6KET",Positive,0.6237907541110634
"RT @OneRepublic: Studio at 45,000 ft.  One outlet,  4 computers.  @Apple we need the batteries of the future NoW!!!! http://t.co/astp9x6KET",Positive,0.6237907541110634
@Apple with the Hour of Code for @codeorg http://t.co/mCxrLxX9kb via @TechCrunch. How about startups join and teach coding too?,Positive,0.7663267510548599
"RT @OneRepublic: Studio at 45,000 ft.  One outlet,  4 computers.  @Apple we need the batteries of the future NoW!!!! http://t.co/astp9x6KET",Positive,0.6237907541110634
"RT @OneRepublic: Studio at 45,000 ft.  One outlet,  4 computers.  @Apple we need the batteries of the future NoW!!!! http://t.co/astp9x6KET",Positive,0.6237907541110634
@VerenaSu @OneRepublic @Apple  life ... :D,Positive,0.6397032884064048
"RT @OneRepublic: Studio at 45,000 ft.  One outlet,  4 computers.  @Apple we need the batteries of the future NoW!!!! http://t.co/astp9x6KET",Positive,0.6237907541110634
"RT @OneRepublic: Studio at 45,000 ft.  One outlet,  4 computers.  @Apple we need the batteries of the future NoW!!!! http://t.co/astp9x6KET",Positive,0.6237907541110634
"RT @OneRepublic: Studio at 45,000 ft.  One outlet,  4 computers.  @Apple we need the batteries of the future NoW!!!! http://t.co/astp9x6KET",Positive,0.6237907541110634
"RT @OneRepublic: Studio at 45,000 ft.  One outlet,  4 computers.  @Apple we need the batteries of the future NoW!!!! http://t.co/astp9x6KET",Positive,0.6237907541110634
@dpan yes! Hear that @apple?,Positive,0.7100715944850289
"RT @OneRepublic: Studio at 45,000 ft.  One outlet,  4 computers.  @Apple we need the batteries of the future NoW!!!! http://t.co/astp9x6KET",Positive,0.6237907541110634
"RT @OneRepublic: Studio at 45,000 ft.  One outlet,  4 computers.  @Apple we need the batteries of the future NoW!!!! http://t.co/astp9x6KET",Positive,0.6237907541110634
"RT @OneRepublic: Studio at 45,000 ft.  One outlet,  4 computers.  @Apple we need the batteries of the future NoW!!!! http://t.co/astp9x6KET",Positive,0.6237907541110634
#AAPL:Samsung asks appeals court to throw out $930 million damages in Apple ...http://t.co/Iov9ug5PmD,Negative,0.7121505585111328
"RT @OneRepublic: Studio at 45,000 ft.  One outlet,  4 computers.  @Apple we need the batteries of the future NoW!!!! http://t.co/astp9x6KET",Positive,0.6237907541110634
"RT @OneRepublic: Studio at 45,000 ft.  One outlet,  4 computers.  @Apple we need the batteries of the future NoW!!!! http://t.co/astp9x6KET",Positive,0.6237907541110634
"RT @OneRepublic: Studio at 45,000 ft.  One outlet,  4 computers.  @Apple we need the batteries of the future NoW!!!! http://t.co/astp9x6KET",Positive,0.6237907541110634
"RT @OneRepublic: Studio at 45,000 ft.  One outlet,  4 computers.  @Apple we need the batteries of the future NoW!!!! http://t.co/astp9x6KET",Positive,0.6237907541110634
Mark #Zuckerberg Takes Shot At #Apple #AAPL #FB  http://t.co/9U3UYhrZeM via @benzinga,Positive,0.6811969352552124
"If @Apple Will Poach From #Fashion, Then Fashion Will Follow Suit - The Business of Fashion - http://t.co/KVe1KXONfM",Positive,0.8269638173973104
"RT @OneRepublic: Studio at 45,000 ft.  One outlet,  4 computers.  @Apple we need the batteries of the future NoW!!!! http://t.co/astp9x6KET",Positive,0.6237907541110634
"RT @OneRepublic: Studio at 45,000 ft.  One outlet,  4 computers.  @Apple we need the batteries of the future NoW!!!! http://t.co/astp9x6KET",Positive,0.6237907541110634
"RT @OneRepublic: Studio at 45,000 ft.  One outlet,  4 computers.  @Apple we need the batteries of the future NoW!!!! http://t.co/astp9x6KET",Positive,0.6237907541110634
"OK, @apple - I guess app developers should takethis weeek off, huh? http://t.co/3w6XEgxEW4",Negative,0.5065236136641753
"RT @OneRepublic: Studio at 45,000 ft.  One outlet,  4 computers.  @Apple we need the batteries of the future NoW!!!! http://t.co/astp9x6KET",Positive,0.6237907541110634
@OneRepublic @Apple awsome,Positive,0.661947515521955
"RT @OneRepublic: Studio at 45,000 ft.  One outlet,  4 computers.  @Apple we need the batteries of the future NoW!!!! http://t.co/astp9x6KET",Positive,0.6237907541110634
"RT @OneRepublic: Studio at 45,000 ft.  One outlet,  4 computers.  @Apple we need the batteries of the future NoW!!!! http://t.co/astp9x6KET",Positive,0.6237907541110634
"RT @OneRepublic: Studio at 45,000 ft.  One outlet,  4 computers.  @Apple we need the batteries of the future NoW!!!! http://t.co/astp9x6KET",Positive,0.6237907541110634
"RT @OneRepublic: Studio at 45,000 ft.  One outlet,  4 computers.  @Apple we need the batteries of the future NoW!!!! http://t.co/astp9x6KET",Positive,0.6237907541110634
"RT @OneRepublic: Studio at 45,000 ft.  One outlet,  4 computers.  @Apple we need the batteries of the future NoW!!!! http://t.co/astp9x6KET",Positive,0.6237907541110634
@OneRepublic @Apple You all are ready to go. #ColoradoLovesYou,Positive,0.7575645094900582
"RT @OneRepublic: Studio at 45,000 ft.  One outlet,  4 computers.  @Apple we need the batteries of the future NoW!!!! http://t.co/astp9x6KET",Positive,0.6237907541110634
"RT @OneRepublic: Studio at 45,000 ft.  One outlet,  4 computers.  @Apple we need the batteries of the future NoW!!!! http://t.co/astp9x6KET",Positive,0.6237907541110634
"RT @OneRepublic: Studio at 45,000 ft.  One outlet,  4 computers.  @Apple we need the batteries of the future NoW!!!! http://t.co/astp9x6KET",Positive,0.6237907541110634
"RT @OneRepublic: Studio at 45,000 ft.  One outlet,  4 computers.  @Apple we need the batteries of the future NoW!!!! http://t.co/astp9x6KET",Positive,0.6237907541110634
"RT @OneRepublic: Studio at 45,000 ft.  One outlet,  4 computers.  @Apple we need the batteries of the future NoW!!!! http://t.co/astp9x6KET",Positive,0.6237907541110634
@ATTCares I want to stay with @Apple  me and @SamsungMobile don't get along,Negative,0.7901971969413301
"'@OneRepublic: Studio at 45,000 ft. One outlet, 4 computers. @Apple we need the batteries of the future NoW!!!! http://t.co/MjnnSFZFp5'",Positive,0.6237907541110634
"'OneRepublic: Studio at 45,000 ft.  One outlet,  4 computers.  @Apple we need the batteries of the future NoW!!!! http://t.co/BYt7aabkyW'",Positive,0.6237907541110634
"RT @OneRepublic: Studio at 45,000 ft.  One outlet,  4 computers.  @Apple we need the batteries of the future NoW!!!! http://t.co/astp9x6KET",Positive,0.6237907541110634
Phone just died while it was plug in. @apple what the hell?,Negative,0.9422334374766607
"RT @OneRepublic: Studio at 45,000 ft.  One outlet,  4 computers.  @Apple we need the batteries of the future NoW!!!! http://t.co/astp9x6KET",Positive,0.6237907541110634
"RT @OneRepublic: Studio at 45,000 ft.  One outlet,  4 computers.  @Apple we need the batteries of the future NoW!!!! http://t.co/astp9x6KET",Positive,0.6237907541110634
"RT @OneRepublic: Studio at 45,000 ft.  One outlet,  4 computers.  @Apple we need the batteries of the future NoW!!!! http://t.co/astp9x6KET",Positive,0.6237907541110634
"RT @OneRepublic: Studio at 45,000 ft.  One outlet,  4 computers.  @Apple we need the batteries of the future NoW!!!! http://t.co/astp9x6KET",Positive,0.6237907541110634
@OneRepublic @Apple That's what I was thinking today! After nearly two years mine only lasts for four hours now :(,Negative,0.5252656034824414
"RT @OneRepublic: Studio at 45,000 ft.  One outlet,  4 computers.  @Apple we need the batteries of the future NoW!!!! http://t.co/astp9x6KET",Positive,0.6237907541110634
Now this is a nice 'Cup and Handle'   http://t.co/atwwA5CH5S   #stockcharts #FB #TWTR #AAPL,Positive,0.7323543396159803
@OneRepublic @Apple #AppleAddict ! The show in Paris was Amazing !!!! Thank you guys !!!! See you soon !,Positive,0.9297169395799143
"RT @OneRepublic: Studio at 45,000 ft.  One outlet,  4 computers.  @Apple we need the batteries of the future NoW!!!! http://t.co/astp9x6KET",Positive,0.6237907541110634
My iPod's shuffle has taken me from @rihanna to @jeremyenigk to @KeshaRose... What's next @Apple #layitonme,Negative,0.5991144469419187
@OneRepublic @Apple I would have never had that picture in my head of a private plane. Thanks for sharing:) x,Positive,0.7530742711547941
"RT @OneRepublic: Studio at 45,000 ft.  One outlet,  4 computers.  @Apple we need the batteries of the future NoW!!!! http://t.co/astp9x6KET",Positive,0.6237907541110634
"RT @OneRepublic: Studio at 45,000 ft.  One outlet,  4 computers.  @Apple we need the batteries of the future NoW!!!! http://t.co/astp9x6KET",Positive,0.6237907541110634
"Apple Inc. price at close, December 04, 2014, is 115.4. #apple #AAPL",Negative,0.640707625649337
Apple CEO Tim Cook comes out as gay @Apple   http://t.co/euFQQpMjj6  Via @posh360_Net,Negative,0.5269272531734829
"RT @OneRepublic: Studio at 45,000 ft.  One outlet,  4 computers.  @Apple we need the batteries of the future NoW!!!! http://t.co/astp9x6KET",Positive,0.6237907541110634
"RT @OneRepublic: Studio at 45,000 ft.  One outlet,  4 computers.  @Apple we need the batteries of the future NoW!!!! http://t.co/astp9x6KET",Positive,0.6237907541110634
"RT @OneRepublic: Studio at 45,000 ft.  One outlet,  4 computers.  @Apple we need the batteries of the future NoW!!!! http://t.co/astp9x6KET",Positive,0.6237907541110634
"RT @OneRepublic: Studio at 45,000 ft.  One outlet,  4 computers.  @Apple we need the batteries of the future NoW!!!! http://t.co/astp9x6KET",Positive,0.6237907541110634
@Apple cofounder #Wozniak says The Famous Garage Where He Started #Apple With Steve Jobs Is 'A Myth'. http://t.co/QVPZJ24cUf,Positive,0.59577521127328
"RT @OneRepublic: Studio at 45,000 ft.  One outlet,  4 computers.  @Apple we need the batteries of the future NoW!!!! http://t.co/astp9x6KET",Positive,0.6237907541110634
"RT @OneRepublic: Studio at 45,000 ft.  One outlet,  4 computers.  @Apple we need the batteries of the future NoW!!!! http://t.co/astp9x6KET",Positive,0.6237907541110634
"iPads are Changing the Way Children Learn in the Classroom http://t.co/uhk273cGLB #Education, #Tech, @Apple, @BoyneCityPS",Positive,0.6530128659433525
Eddy Cue Speaks on Apple's DRM Policies in iPod Antitrust Lawsuit http://t.co/AkL5amgoqC #AAPL,Negative,0.7279800332829256
@OneRepublic @Apple wow that's amazing,Positive,0.8993333274703135
"RT @OneRepublic: Studio at 45,000 ft.  One outlet,  4 computers.  @Apple we need the batteries of the future NoW!!!! http://t.co/astp9x6KET",Positive,0.6237907541110634
"RT @OneRepublic: Studio at 45,000 ft.  One outlet,  4 computers.  @Apple we need the batteries of the future NoW!!!! http://t.co/astp9x6KET",Positive,0.6237907541110634
I'm really enjoying GarageBand. @apple #GarageBand,Positive,0.7923357027103698
"RT @OneRepublic: Studio at 45,000 ft.  One outlet,  4 computers.  @Apple we need the batteries of the future NoW!!!! http://t.co/astp9x6KET",Positive,0.6237907541110634
"RT @OneRepublic: Studio at 45,000 ft.  One outlet,  4 computers.  @Apple we need the batteries of the future NoW!!!! http://t.co/astp9x6KET",Positive,0.6237907541110634
I got faith in you @Apple don't let me down. Help me help you,Negative,0.5587744908609884
"RT @OneRepublic: Studio at 45,000 ft.  One outlet,  4 computers.  @Apple we need the batteries of the future NoW!!!! http://t.co/astp9x6KET",Positive,0.6237907541110634
We're at CIOsynergy #CIOLosAngeles - giving away @apple TVs | Visit @aternityinc and @zensar http://t.co/sralpfxDkz http://t.co/dEDirtiABC,Negative,0.5196711743613706
"Our first ever #OnFoodableWeekly! Much to discuss on this episode! @apple pay, @habitburger , Fast Casual #Pizza http://t.co/bR8FfNd9Ga",Negative,0.6025182575884027
"@OneRepublic @Apple Take us down and we keep trying,
Forty thousand feet, keep flying",Positive,0.5822907848267388
"RT @OneRepublic: Studio at 45,000 ft.  One outlet,  4 computers.  @Apple we need the batteries of the future NoW!!!! http://t.co/astp9x6KET",Positive,0.6237907541110634
"RT @OneRepublic: Studio at 45,000 ft.  One outlet,  4 computers.  @Apple we need the batteries of the future NoW!!!! http://t.co/astp9x6KET",Positive,0.6237907541110634
"RT @OneRepublic: Studio at 45,000 ft.  One outlet,  4 computers.  @Apple we need the batteries of the future NoW!!!! http://t.co/astp9x6KET",Positive,0.6237907541110634
"RT @OneRepublic: Studio at 45,000 ft.  One outlet,  4 computers.  @Apple we need the batteries of the future NoW!!!! http://t.co/astp9x6KET",Positive,0.6237907541110634
"RT @OneRepublic: Studio at 45,000 ft.  One outlet,  4 computers.  @Apple we need the batteries of the future NoW!!!! http://t.co/astp9x6KET",Positive,0.6237907541110634
"RT @OneRepublic: Studio at 45,000 ft.  One outlet,  4 computers.  @Apple we need the batteries of the future NoW!!!! http://t.co/astp9x6KET",Positive,0.6237907541110634
"RT @OneRepublic: Studio at 45,000 ft.  One outlet,  4 computers.  @Apple we need the batteries of the future NoW!!!! http://t.co/astp9x6KET",Positive,0.6237907541110634
"In case of accident, have you downloaded our free @Apple app yet #Winnipeg http://t.co/xFhk6vBQnl",Positive,0.5771097416501568
@OneRepublic @Apple   You haven't figured out that by now with all the flying you guys do?,Negative,0.6249745719875812
How to Make #Apple Special Again #aapl http://t.co/EiAP7Kmelu,Positive,0.8004055981499317
"RT @Republican_Priv: @OneRepublic @Apple Take us down and we keep trying,
Forty thousand feet, keep flying",Positive,0.5822907848267388
"RT @OneRepublic: Studio at 45,000 ft.  One outlet,  4 computers.  @Apple we need the batteries of the future NoW!!!! http://t.co/astp9x6KET",Positive,0.6237907541110634
"RT @OneRepublic: Studio at 45,000 ft.  One outlet,  4 computers.  @Apple we need the batteries of the future NoW!!!! http://t.co/astp9x6KET",Positive,0.6237907541110634
"RT @OneRepublic: Studio at 45,000 ft.  One outlet,  4 computers.  @Apple we need the batteries of the future NoW!!!! http://t.co/astp9x6KET",Positive,0.6237907541110634
"RT @OneRepublic: Studio at 45,000 ft.  One outlet,  4 computers.  @Apple we need the batteries of the future NoW!!!! http://t.co/astp9x6KET",Positive,0.6237907541110634
"RT @OneRepublic: Studio at 45,000 ft.  One outlet,  4 computers.  @Apple we need the batteries of the future NoW!!!! http://t.co/astp9x6KET",Positive,0.6237907541110634
"RT @OneRepublic: Studio at 45,000 ft.  One outlet,  4 computers.  @Apple we need the batteries of the future NoW!!!! http://t.co/astp9x6KET",Positive,0.6237907541110634
"RT @OneRepublic: Studio at 45,000 ft.  One outlet,  4 computers.  @Apple we need the batteries of the future NoW!!!! http://t.co/astp9x6KET",Positive,0.6237907541110634
"RT @OneRepublic: Studio at 45,000 ft.  One outlet,  4 computers.  @Apple we need the batteries of the future NoW!!!! http://t.co/astp9x6KET",Positive,0.6237907541110634
"RT @OneRepublic: Studio at 45,000 ft.  One outlet,  4 computers.  @Apple we need the batteries of the future NoW!!!! http://t.co/astp9x6KET",Positive,0.6237907541110634
why the fuck are all my messages being sent through my email and not phone number @apple,Negative,0.5830214034258798
"RT @OneRepublic: Studio at 45,000 ft.  One outlet,  4 computers.  @Apple we need the batteries of the future NoW!!!! http://t.co/astp9x6KET",Positive,0.6237907541110634
"RT @OneRepublic: Studio at 45,000 ft.  One outlet,  4 computers.  @Apple we need the batteries of the future NoW!!!! http://t.co/astp9x6KET",Positive,0.6237907541110634
"RT @OneRepublic: Studio at 45,000 ft.  One outlet,  4 computers.  @Apple we need the batteries of the future NoW!!!! http://t.co/astp9x6KET",Positive,0.6237907541110634
"#AAPL Lawsuit: #Apple Deleted Songs From iPods Without Telling Users: According to The Guardian, Apple deleted... http://t.co/S9usqrgOAV",Negative,0.7760286006299861
"Apple Hiring Maps Engineer to Work on Improved Community Crowdsourcing, Siri/Passbook Integration http://t.co/0zAAAPH873 #AAPL",Negative,0.6720707796242846
"RT @OneRepublic: Studio at 45,000 ft.  One outlet,  4 computers.  @Apple we need the batteries of the future NoW!!!! http://t.co/astp9x6KET",Positive,0.6237907541110634
"RT @OneRepublic: Studio at 45,000 ft.  One outlet,  4 computers.  @Apple we need the batteries of the future NoW!!!! http://t.co/astp9x6KET",Positive,0.6237907541110634
"@w__w if @Apple and @Android @minuum customers equally important, then treat them that way. Both is key, not focusing on just one market.",Positive,0.6161984912395164
Can someone @apple tell me why I now have to reset my AppleTV every other day? Interesting that there's a IR remote code to reset the box.,Positive,0.617974840407617
"RT @OneRepublic: Studio at 45,000 ft.  One outlet,  4 computers.  @Apple we need the batteries of the future NoW!!!! http://t.co/astp9x6KET",Positive,0.6237907541110634
#AAPL:Apple deleted music from customers' iPods...http://t.co/ieyvCmYgaV,Negative,0.6086917257730634
"RT @OneRepublic: Studio at 45,000 ft.  One outlet,  4 computers.  @Apple we need the batteries of the future NoW!!!! http://t.co/astp9x6KET",Positive,0.6237907541110634
@apple is there no way to tag a photo on iphone? I'd like to see only my cat photos #apple #ios,Positive,0.6307787232547033
"RT @OneRepublic: Studio at 45,000 ft.  One outlet,  4 computers.  @Apple we need the batteries of the future NoW!!!! http://t.co/astp9x6KET",Positive,0.6237907541110634
"RT @OneRepublic: Studio at 45,000 ft.  One outlet,  4 computers.  @Apple we need the batteries of the future NoW!!!! http://t.co/astp9x6KET",Positive,0.6237907541110634
"RT @OneRepublic: Studio at 45,000 ft.  One outlet,  4 computers.  @Apple we need the batteries of the future NoW!!!! http://t.co/astp9x6KET",Positive,0.6237907541110634
".@Apple rules, .@Windows &amp; .@BillGates blow!",Positive,0.5888215895291348
"RT @OneRepublic: Studio at 45,000 ft.  One outlet,  4 computers.  @Apple we need the batteries of the future NoW!!!! http://t.co/astp9x6KET",Positive,0.6237907541110634
@Apple tree who knows. Maybe the cop didn't get a cig deal.  Senseless.,Negative,0.5665751425123648
"RT @OneRepublic: Studio at 45,000 ft.  One outlet,  4 computers.  @Apple we need the batteries of the future NoW!!!! http://t.co/astp9x6KET",Positive,0.6237907541110634
@apple is this how you train your employees to deal with issues?? To hang up on the customer? After 15 fucking minutes of me waiting on hold,Negative,0.654530204799107
@OneRepublic @Apple I spy a pair of M50s @USAudioTechnica Keep up the good work!,Positive,0.7060064288997692
"#Sketchy #Rumor Claims @Apple [#Apple] Planning New 4. (#Thursday, 4 #December) http://t.co/pTG4CIZBPn",Positive,0.9029389353830952
"#IPhone6Plus Review: #A New Dawn For @Apple [#Apple]'s #iPhone. (#Thursday, 4 #December) http://t.co/uD0odP62od",Positive,0.7604557759985713
"RT @theiphonews: #IPhone6Plus Review: #A New Dawn For @Apple [#Apple]'s #iPhone. (#Thursday, 4 #December) http://t.co/uD0odP62od",Positive,0.7604557759985713
Finally got my iPhone 6 in the mail and it comes out of the box with a busted screen.  Thanks @apple,Positive,0.6178482260418173
"Did @apple delete #music from sites other than @itunes?  Good thing #throwbackPOP CD is on it, but still...#lawsuit  http://t.co/5d5HxlfrZj",Positive,0.588388364610034
iTunes is pissing me tf off @apple,Negative,0.6779761192964961
"RT @OneRepublic: Studio at 45,000 ft.  One outlet,  4 computers.  @Apple we need the batteries of the future NoW!!!! http://t.co/astp9x6KET",Positive,0.6237907541110634
"Join @Apple on December 11 for the Hour of Code, a free one-hour introduction to the basics of computer programming. http://t.co/uAj8VSQg4v",Positive,0.6461012836555055
"RT @JPDesloges: Kantar Worldpanel: iPhone sales in October were 'huge' $AAPL #aapl
http://t.co/g2sWiE0bJS",Positive,0.5485021976257188
"Puzzle Game 'God of Light' Named App of the Week, Available for Free [iOS Blog] http://t.co/0NzI3m6jtF #AAPL",Positive,0.752605537288442
Bring back the tap to tweet @apple @twitter,Positive,0.716829111944393
#Apple planning to spend $161 million on its own auditorium at ... - http://t.co/eJU1Q6Qklb #AAPL #WWDC http://t.co/QYhVucuSyP,Positive,0.7275505598878677
#AndroidAuto vs. #CarPlay video: Which dashboard interface is the best? | BGR #aapl #goog http://t.co/38d9apXDi8,Positive,0.839298294301696
"@morrisjordan42 I would say it had a good life but fuck man, little guy was only like 3 mths old, fck u @apple and ur piece of shit chargers",Positive,0.5447776776961004
Dash now accepts #ApplePay. @apple Thanks @braintree for making this happen #mobilepayments #paywithdash http://t.co/OxWmavCScN,Positive,0.7638590451432056
#Intel's Keys To 2015 Earnings Growth #INTC  #AAPL http://t.co/S42SOOtC3f,Positive,0.5652055606987743
#AAPL:Avago Technologies (AVGO) Stock Skyrocketed to Close Higher Today on P...http://t.co/qr6aJDksii,Negative,0.5451965959832514
"RT @OneRepublic: Studio at 45,000 ft.  One outlet,  4 computers.  @Apple we need the batteries of the future NoW!!!! http://t.co/astp9x6KET",Positive,0.6237907541110634
@apple pls make better chargers :),Positive,0.6728833958660041
@elubow @Apple probably thanks shipping carrier,Positive,0.8751243185837735
. @mattz62 We'll find out when I go to the @Apple store and see what they say.,Positive,0.6531360815648806
@elubow @Apple a drink says you have a new one in under 15 min,Positive,0.5765515338308036
"RT @OneRepublic: Studio at 45,000 ft.  One outlet,  4 computers.  @Apple we need the batteries of the future NoW!!!! http://t.co/astp9x6KET",Positive,0.6237907541110634
Yay @Apple customer support was super nice and helpful and now my iMessages is verified.,Positive,0.9021668206281217
"RT @OneRepublic: Studio at 45,000 ft.  One outlet,  4 computers.  @Apple we need the batteries of the future NoW!!!! http://t.co/astp9x6KET",Positive,0.6237907541110634
"RT @OneRepublic: Studio at 45,000 ft.  One outlet,  4 computers.  @Apple we need the batteries of the future NoW!!!! http://t.co/astp9x6KET",Positive,0.6237907541110634
"Waited until I finished #dissertating to install #yosemite on my aging MacBook. Yikes @apple, those icons sure are #ugly!",Negative,0.5482187171402377
"How Competition Between Wireless Carriers Benefits Apple, Inc. http://t.co/bPHgaC0KVV #AAPL",Positive,0.5688567780790649
Apple Seeds Second OS X 10.10.2 Yosemite Beta to Developers [Mac Blog] http://t.co/pEB4j97qLt #AAPL,Positive,0.5896365283399471
Who's Buying All Those New #iPhones Anyway? #AAPL http://t.co/YC6ZiScTJL,Positive,0.8791460719517681
Thought this just happened to me. Why I HATE @apple to this day. http://t.co/19G2JYZOGI via @rollingstone,Negative,0.9400864403300601
"RT @OneRepublic: Studio at 45,000 ft.  One outlet,  4 computers.  @Apple we need the batteries of the future NoW!!!! http://t.co/astp9x6KET",Positive,0.6237907541110634
'They certainly do not have the design of @apple or platform of @Android. Not surprised tablets/phones failed.' @BradStone #leadinginlocal,Positive,0.5054154761636673
"RT @OneRepublic: Studio at 45,000 ft.  One outlet,  4 computers.  @Apple we need the batteries of the future NoW!!!! http://t.co/astp9x6KET",Positive,0.6237907541110634
Cool piece .@apple:  http://t.co/KNHGEp26rv .@DawnC331,Positive,0.8095581369080768
"#mkt Final #AAPL #PutCallRatios for Thursday, December 4, 2014:  http://t.co/pSiLO8mepA",Negative,0.7555340485539875
"Final #AAPL #PutCallRatios for Thursday, December 4, 2014 http://t.co/9wikbHBarU via Hamzei  $$",Negative,0.7270048342321769
"RT @OneRepublic: Studio at 45,000 ft.  One outlet,  4 computers.  @Apple we need the batteries of the future NoW!!!! http://t.co/astp9x6KET",Positive,0.6237907541110634
Whoever works on the @apple iTunesConnect backend needs a good slap across the back of the head. Bad #UX and vague error messages ahoy.,Negative,0.6782943713938099
"Torn between a @googlenexus, @samsungmobile Note 4, or an @apple iPhone...

Lol jk Apple, I have a soul.
Just need to save money for Android",Negative,0.7495156279149251
Is Apple (AAPL) Stock All It Is Hyped To Be Or Just Another Dot Com Disaster ... http://t.co/NtpFZRyuUq #AAPL,Negative,0.598369606040953
@apple please work on being able to still use your phone when someone calls you so I can successfully ignore my moms call while on Twitter,Negative,0.8195051330970471
"Steve Wozniak on @Apple, the Computer Revolution, and Working With Steve Jobs http://t.co/01201wlyzu via @BW",Positive,0.6095068715726055
Can someone please invent a case for the iPhone that adds storage? #desperate @OtterBox @apple,Negative,0.7369337906667195
At the Genius Bar@apple store.  Very helpful #AAPL staff and whoever helped me was genius. Comp wking again. http://t.co/GBPQdl8eCN,Positive,0.6851868931757685
"#Atari, @Apple, #PowerPoint and @Starbucks are some of the @disruptive #innovation included in @BW list.",Positive,0.6766279859111372
My Iphone just autocorrected believe to beiber. @apple how hard do you guys need to give it up?,Negative,0.7409089065037257
"RT @OneRepublic: Studio at 45,000 ft.  One outlet,  4 computers.  @Apple we need the batteries of the future NoW!!!! http://t.co/astp9x6KET",Positive,0.6237907541110634
"RT @OneRepublic: Studio at 45,000 ft.  One outlet,  4 computers.  @Apple we need the batteries of the future NoW!!!! http://t.co/astp9x6KET",Positive,0.6237907541110634
"RT @OneRepublic: Studio at 45,000 ft.  One outlet,  4 computers.  @Apple we need the batteries of the future NoW!!!! http://t.co/astp9x6KET",Positive,0.6237907541110634
"RT @OneRepublic: Studio at 45,000 ft.  One outlet,  4 computers.  @Apple we need the batteries of the future NoW!!!! http://t.co/astp9x6KET",Positive,0.6237907541110634
'Could Falling Oil Prices Spark A Financial Crisis?' #FB #AAPL #TSLA #GPRO #BABA #TWTR http://t.co/fCc2aRckAS,Positive,0.5412352814202025
"Final #AAPL #PutCallRatios for Thursday, December 4, 2014 http://t.co/FxKcb7GTqq",Negative,0.7555340485539875
"In other news, @uber raised at $40 bill pre, @apple has $164.5 bill in cash. Good times in the Valley! No, wait... http://t.co/uUP9bDOBe4",Positive,0.5323345916788307
@AngelaYake @googledrive @HuluPlus @Apple @google @YouTube Love it! Some great dance moves too :),Positive,0.954364794841884
RT @MissionIR: Is Apple The Most Important Stock On Earth?  http://t.co/s5ple0Orww #aapl http://t.co/ZvW4vwZzww,Positive,0.5109740880208512
WHAT THE ACTUAL FUCK @apple,Negative,0.5453455235043212
"RT @OneRepublic: Studio at 45,000 ft.  One outlet,  4 computers.  @Apple we need the batteries of the future NoW!!!! http://t.co/astp9x6KET",Positive,0.6237907541110634
"Apple Campus 2 Event Space Costing Apple $161 Million, Fitness Center Priced at $74 Million [iOS Blog] http://t.co/zFCTltByvC #AAPL",Positive,0.5190256607521877
So this is the surprise explanation behind the bending iPhone 6?! @apple http://t.co/fT0Bxy60YI,Negative,0.5302297296622909
"Ugh so annoyed, 3 chargers in the last 4 weeks I hate you @apple",Negative,0.983787369928599
RT @sharksbeauty: So this is the surprise explanation behind the bending iPhone 6?! @apple http://t.co/fT0Bxy60YI,Negative,0.5302297296622909
"The Slow Food Movement is a Metaphor for the platform strategy of Apple on iPhone, iPad and Apple Watch. #AAPL",Negative,0.7006351823929291
"RT @OneRepublic: Studio at 45,000 ft.  One outlet,  4 computers.  @Apple we need the batteries of the future NoW!!!! http://t.co/astp9x6KET",Positive,0.6237907541110634
"RT @OneRepublic: Studio at 45,000 ft.  One outlet,  4 computers.  @Apple we need the batteries of the future NoW!!!! http://t.co/astp9x6KET",Positive,0.6237907541110634
Apple Questions Plaintiff iPod Purchase Dates in Ongoing Class-Action Lawsuit [iOS Blog] http://t.co/Nw1NTyA2Gj #AAPL,Negative,0.6112405730107231
It is such fucking horseshit that I have to install Chrome just to watch @netflix on my Mac. Hey @Apple when are you going to fix this?!??,Positive,0.5756490164583034
"RT @OneRepublic: Studio at 45,000 ft.  One outlet,  4 computers.  @Apple we need the batteries of the future NoW!!!! http://t.co/astp9x6KET",Positive,0.6237907541110634
#AAPL:Apple says plaintiffs' iPods not covered by suit...http://t.co/8V0eYzQFDQ,Negative,0.5406825586664123
"RT @OneRepublic: Studio at 45,000 ft.  One outlet,  4 computers.  @Apple we need the batteries of the future NoW!!!! http://t.co/astp9x6KET",Positive,0.6237907541110634
Apple Inc. Patent To Protect Falling iPhones Is Approved http://t.co/iZrysIG6dU #AAPL,Negative,0.6700646548051592
How long is this @apple iOS 8.1.1 update going to take?!,Positive,0.5992041864821644
"RT @OneRepublic: Studio at 45,000 ft.  One outlet,  4 computers.  @Apple we need the batteries of the future NoW!!!! http://t.co/astp9x6KET",Positive,0.6237907541110634
"RT @OneRepublic: Studio at 45,000 ft.  One outlet,  4 computers.  @Apple we need the batteries of the future NoW!!!! http://t.co/astp9x6KET",Positive,0.6237907541110634
We need to talk @apple,Negative,0.5596561994783888
"RT @OneRepublic: Studio at 45,000 ft.  One outlet,  4 computers.  @Apple we need the batteries of the future NoW!!!! http://t.co/astp9x6KET",Positive,0.6237907541110634
"In the world of #mobile #processors, #AAPL 64 bit chips blow away #competition. #disruptive #technology at its best  http://t.co/7oU10PJFMp",Positive,0.7099257264710241
I just want to delete all my emails without turning 40 @apple,Negative,0.719148006570359
"Congrats to @Apple, Mary Sotos @WorldResources  for Green Power Leadership Awards at REM14 @GreeneMarktplc  http://t.co/ssrfEyx4Sf",Positive,0.8293823038379731
"RT @OneRepublic: Studio at 45,000 ft.  One outlet,  4 computers.  @Apple we need the batteries of the future NoW!!!! http://t.co/astp9x6KET",Positive,0.6237907541110634
"#IPhone6Plus vs. Galaxy Note 4: #Has @Apple [#Apple] Really Snatched Away the #Phablet .... (#Thursday, 4 #Decem... http://t.co/9QIW9LmaSP",Negative,0.7019734386102865
"RT @OneRepublic: Studio at 45,000 ft.  One outlet,  4 computers.  @Apple we need the batteries of the future NoW!!!! http://t.co/astp9x6KET",Positive,0.6237907541110634
@OneRepublic @Apple aww look tht u have a lot of work guys good luck!,Positive,0.6390752010964095
"@apple official I have 2 appletv's constantly loosing network co, Watching tv media is impossible, Can you re",Positive,0.5594441667489206
Ok seriously... When is @apple going to fix iOS 8? I'm still missing music!,Negative,0.9307756769630798
Ass so fat you could park 10 tahoes on it @sharksbeauty @Apple,Negative,0.5358565157801358
Will #Apple Inc.'s Profit Margin Continue Upward? | The Motley Fool #aapl http://t.co/oSlDAHbkJP,Positive,0.5607375940958531
@VerizonWireless how many weeks will by iPhone 6 be pushed back. Currently at 5 @apple,Negative,0.6873601998997133
@sharksbeauty @Apple LEMME get the blondes number,Positive,0.7300609709163042
"RT @OneRepublic: Studio at 45,000 ft.  One outlet,  4 computers.  @Apple we need the batteries of the future NoW!!!! http://t.co/astp9x6KET",Positive,0.6237907541110634
@kellyhclay @Nordstrom drops the @apple POS idea and replaces them with VeriPhone products,Negative,0.6015962486923143
"RT @OneRepublic: Studio at 45,000 ft.  One outlet,  4 computers.  @Apple we need the batteries of the future NoW!!!! http://t.co/astp9x6KET",Positive,0.6237907541110634
@kibs33 Dizzy-doings on Wall Street tomorrow? #LOL #Scotus #MotusOperandi #Potus #Cotus #aapl '#BABA smell your shorts.',Positive,0.6012989398912174
@Windows it is funny that you need an old @apple @mac to promote your new @lenovo #applesetsthetrend,Positive,0.720226981701099
FUCK U @apple i just dropped my new IPHONE6  and it got all sctratched up ! IM DONE WITH APPLE SO FUCKING FRAGILE,Negative,0.6132454742452413
#Apple's #iPhone6 International Prices Are Higher Than The US - Forbes #aapl http://t.co/ij4CjpCkg6,Positive,0.6017573735890746
Will Apple Inc.'s Profit Margin Continue Upward? http://t.co/RgXf3KuAOv #AAPL,Negative,0.5409044936222474
"@juji246 @stephanies0601 @BradPaisley @Applebees OOPS. SORRY, APPLEBEES. I MEANT @apple",Negative,0.6160758954276173
@apple #iphone @EsteeLauder @ralphlauren @katespadeny purse  shown below! #WishList http://t.co/hRSWIrpH61 http://t.co/pvJWMrN8ee,Positive,0.5596671200757155
RT @MissionIR: Is Apple The Most Important Stock On Earth?  http://t.co/s5ple0Orww #aapl http://t.co/ZvW4vwZzww,Positive,0.5109740880208512
The 10 Most Important Differences Between #Macs And #PCs #aapl http://t.co/vSxUcX6vyx http://t.co/97huQ31qPT,Positive,0.6312735844961872
"RT @OneRepublic: Studio at 45,000 ft.  One outlet,  4 computers.  @Apple we need the batteries of the future NoW!!!! http://t.co/astp9x6KET",Positive,0.6237907541110634
@OneRepublic @Apple So great to see that you guys are recording in the air! Hopefully batteries of future will come out soon! :),Positive,0.8586530405746932
"RT @OneRepublic: Studio at 45,000 ft.  One outlet,  4 computers.  @Apple we need the batteries of the future NoW!!!! http://t.co/astp9x6KET",Positive,0.6237907541110634
Why do you hate business so much @Apple?,Negative,0.8688586901900939
"RT @OneRepublic: Studio at 45,000 ft.  One outlet,  4 computers.  @Apple we need the batteries of the future NoW!!!! http://t.co/astp9x6KET",Positive,0.6237907541110634
Steve Wozniak calls @Apple's legendary garage 'a bit of a myth' http://t.co/Wl2kJTcRNR,Positive,0.7248570485652527
Full-Time #Trader? #trading #stocks #futures #forex #trader #es  #baba #aapl #gpro #fb #eem #eSignal http://t.co/JH7BMS1Kgb,Positive,0.5672379339051172
"How @Apple handles their #CustomerServiceExperience
http://t.co/ZJsUuKaOYd",Positive,0.5672379339051172
$118+ tomorrow #AAPL,Negative,0.6389528954504711
"#AAPL:BuzzFeed Is Going To Spend At Least $245,000 To Buy Every Employee An ...http://t.co/C4y8tsXoy8",Positive,0.5000401233063458
@lihdior_ @apple fuck wrong witchall niggas ?,Negative,0.888250053367925
RT @codygotMs: @lihdior_ @apple fuck wrong witchall niggas ?,Negative,0.888250053367925
Get three way FaceTimeing. Im sick of google hangouts. @Apple,Negative,0.6448616720913324
"RT @OneRepublic: Studio at 45,000 ft.  One outlet,  4 computers.  @Apple we need the batteries of the future NoW!!!! http://t.co/astp9x6KET",Positive,0.6237907541110634
JMP raises #Apple price target to Street-high $150 on 'exceptionally strong: Apple Insider: #AAPL: 115.49 (-0.... http://t.co/qbgp7vm6Re,Positive,0.6154594441172309
"RT @OneRepublic: Studio at 45,000 ft.  One outlet,  4 computers.  @Apple we need the batteries of the future NoW!!!! http://t.co/astp9x6KET",Positive,0.6237907541110634
"RT @OneRepublic: Studio at 45,000 ft.  One outlet,  4 computers.  @Apple we need the batteries of the future NoW!!!! http://t.co/astp9x6KET",Positive,0.6237907541110634
@apple #macos #yosemite is a buggy piece of shit. It makes me miss #windows8.,Negative,0.9062755682727807
@apple make bigger storage,Positive,0.7351195540565099
Omg omg I just paid a kinder Bueno w @apple #pay at walgreens awesome experience @ Walgreens http://t.co/f2q6vMOjmG,Positive,0.6230076103355554
Photo: Omg omg I just paid a @kinder Bueno w @apple #pay at @Walgreens awesome experience (at Walgreens) http://t.co/7agepRjbjk,Positive,0.5884570633424417
@dougluberts @Apple Is it the 128gb version?,Negative,0.6158923912180463
#AAPL:iPhone 6 Patent Fraud Case in China Complicated Hacked Photos...http://t.co/eVUHNXiy6T,Negative,0.6325576216167299
"RT @OneRepublic: Studio at 45,000 ft.  One outlet,  4 computers.  @Apple we need the batteries of the future NoW!!!! http://t.co/astp9x6KET",Positive,0.6237907541110634
@Apple's Stock on a Tear Due to Higher Profit Margin; Will #AppleWatch Continue This Trend? - http://t.co/DrwkzM6txI http://t.co/fmwLNtGfBd,Negative,0.8055275755445652
How do I fix a disabled Apple ID account @AppStore  @apple @tim_cook,Negative,0.645313262722182
RT @KaminaBlue: Get three way FaceTimeing. Im sick of google hangouts. @Apple,Negative,0.6448616720913324
if my phone dies mid tweet I will SUE you @apple,Negative,0.5457988681693805
This happened to me SEVERAL times!! Fuck you @Apple deleted rivals' music from iPods for years...http://t.co/QBvcBmZVOF @MailOnline,Negative,0.7828815018287549
I'm not happy about that @apple,Positive,0.9220886344347414
@mixbreed_lexie @apple wrong @,Negative,0.8587937245617463
"RT @OneRepublic: Studio at 45,000 ft.  One outlet,  4 computers.  @Apple we need the batteries of the future NoW!!!! http://t.co/astp9x6KET",Positive,0.6237907541110634
@Apple just changed the game #AppleLive,Positive,0.6156507327709723
@Apple get it together,Positive,0.675725817536002
"RT @OneRepublic: Studio at 45,000 ft.  One outlet,  4 computers.  @Apple we need the batteries of the future NoW!!!! http://t.co/astp9x6KET",Positive,0.6237907541110634
"RT @OneRepublic: Studio at 45,000 ft.  One outlet,  4 computers.  @Apple we need the batteries of the future NoW!!!! http://t.co/astp9x6KET",Positive,0.6237907541110634
They really need a #fingerscrossed emoji. @Apple,Negative,0.6906004274071152
@apple and @VerizonSupport the support I received for my iPad tonight was ridiculous going in circles with no solution smh,Positive,0.5246606871769042
RT @MonnGonn: I just want to delete all my emails without turning 40 @apple,Negative,0.719148006570359
"RT @OneRepublic: Studio at 45,000 ft.  One outlet,  4 computers.  @Apple we need the batteries of the future NoW!!!! http://t.co/astp9x6KET",Positive,0.6237907541110634
@OneRepublic if you'll get it from  @Apple I want one too!,Positive,0.5239322126056688
.@apple The iPad update to iOS 8 is an absolute disaster. Nothing works right anymore. Safari crashes constantly. #iFail,Negative,0.8215089788328951
@Apple deleted music from customers' iPods http://t.co/FzmaFUzrnl,Negative,0.5677679069308043
@Apple YH News Apple IPod Judge Asks If Lack of Plaintiff Dooms Trial: Apple Inc. (AAPL) said it discovered th...  http://t.co/hNuWafq0sI,Negative,0.6315570401504532
"Can't get a new iPhone 6? How about these free Apple shares....
http://t.co/UPgQSDVrxP  #investing  #stocks #aapl http://t.co/EQYG01tPna",Negative,0.7668573768283734
Gonna go out on a limb. #Twtr will be this decade's #AAPL.,Positive,0.5353531187919707
My Marketing Muse of the Day: The most technologically advanced #technology-based solutions that WIN are all masters of #simplicity @Apple,Positive,0.7447556449278355
"hey @apple why is my phone dying when it's on the charger 
ur stuff sucks",Negative,0.8488896348684964
Using  a @samsung tablet is hard and wierd. I am use to using  an @apple iPod. I am always  making  typing mistakes.,Positive,0.5453617087077729
"Hey @Apple, #iphone7, build this in! ~ @DJKevinHayes http://t.co/JtXgsCmyhw",Positive,0.7861019207910349
"RT @OneRepublic: Studio at 45,000 ft.  One outlet,  4 computers.  @Apple we need the batteries of the future NoW!!!! http://t.co/astp9x6KET",Positive,0.6237907541110634
@apple doesn't even own that handle? LOL SIRI knows NOTHING is what I wanted to tell you Mac peeps,Negative,0.7581017005894022
"RT @OneRepublic: Studio at 45,000 ft.  One outlet,  4 computers.  @Apple we need the batteries of the future NoW!!!! http://t.co/astp9x6KET",Positive,0.6237907541110634
@apple #YosemiteProblems Erases my saved pass words every day. This is getting annoying.,Positive,0.5243502976002028
And they ain't open till 8 to help me so I can't even contact anyone for the shoot now @apple u can suck multiple digs. Whack,Negative,0.8881280739080919
@LupeFiasco Did he sell his headphones to @apple ?,Negative,0.6850097532246352
I hate my MacBook now. Fuck this update and fuck you @apple,Negative,0.8790698158218041
@YeagerBeats is back with another #HowTo @apple #LogicProX Tutorial #StepInputKeyboard Check it out! -,Positive,0.6409755955825973
@cynthialanel @twitter silicon valley as a whole needs to step up the same 2% @google @yahoo @facebook @apple http://t.co/e2yGDaL3ge,Negative,0.7748313226953087
yall chargers weak yall needa make iPhone charger otterboxes for the cord @apple,Negative,0.6164099086352393
"RT @OneRepublic: Studio at 45,000 ft.  One outlet,  4 computers.  @Apple we need the batteries of the future NoW!!!! http://t.co/astp9x6KET",Positive,0.6237907541110634
@OneRepublic @Apple Maximally concentrated Brent ^_^,Positive,0.5672379339051172
Again I ask why @apple uses @jimmyfallon's voice not attributed to him. That or dude's an ace @jimmyfallon vocal clone.,Positive,0.7391967451926976
s/o to @apple for charging me for two ringtones and then not letting me use them. #ThanksObama,Positive,0.5483903092649273
"RT @OneRepublic: Studio at 45,000 ft.  One outlet,  4 computers.  @Apple we need the batteries of the future NoW!!!! http://t.co/astp9x6KET",Positive,0.6237907541110634
#AAPL:Apple antitrust case hangs in the balance...http://t.co/BvWhMJBTK4,Positive,0.5477232408598836
"RT @OneRepublic: Studio at 45,000 ft.  One outlet,  4 computers.  @Apple we need the batteries of the future NoW!!!! http://t.co/astp9x6KET",Positive,0.6237907541110634
@Kate3015 @Apple get the new sony,Negative,0.5425734731322858
Torn between @SamsungMobileUS and @apple for my next phone! Secretly leaning towards the note 4 #ChangeIn2015,Negative,0.5546248470005175
@cooolestnerd and these are the top places to work: @twitter @google @yahoo @facebook @apple doesn't reflect society's makeup.,Negative,0.7660782958150592
"RT @OneRepublic: Studio at 45,000 ft.  One outlet,  4 computers.  @Apple we need the batteries of the future NoW!!!! http://t.co/astp9x6KET",Positive,0.6237907541110634
@cooolestnerd what concerns me: These Co's are in a position to do so much good for POCs. @twitter @google @yahoo @facebook @apple,Negative,0.6058197670132883
@ch0ng_li @Apple I'll take a look at that. I'm fed up with iPad well &amp; truly..,Positive,0.8730951060920981
RT @MissionIR: Is Apple The Most Important Stock On Earth?  http://t.co/s5ple0Orww #aapl http://t.co/ZvW4vwZzww,Positive,0.5109740880208512
@cynthialanel these are the most power co's in the world and they could care no more than 2% @apple @twitter @google @Yahoo @facebook,Negative,0.523302206957966
Another @nike #mustbuy #outfit with an @apple #ipodnano in there too http://t.co/y7ogeSUoH3 http://t.co/6KPmdnneiD,Negative,0.6214809824613742
You'll Be Able To Learn How To Code For Free Next Week At Your Nearest Apple Store http://t.co/F4x7BjjuUk #coders #technology @apple,Positive,0.7156083296519972
@Nale When do you think #parable will be accessible in France @Apple #AppStore,Negative,0.5603931461418729
I swear to fuck I would rather cut and splice physical fucking tape than dick around with one more @Apple product with shit design.,Negative,0.6727330206063329
I love @apple bc I can record in my home. But can they pull some serious fuckshit. This thing is designed to get lost http://t.co/ULeXs7PVCv,Positive,0.5332792076012186
"RT @OneRepublic: Studio at 45,000 ft.  One outlet,  4 computers.  @Apple we need the batteries of the future NoW!!!! http://t.co/astp9x6KET",Positive,0.6237907541110634
"RT @OneRepublic: Studio at 45,000 ft.  One outlet,  4 computers.  @Apple we need the batteries of the future NoW!!!! http://t.co/astp9x6KET",Positive,0.6237907541110634
"RT @OneRepublic: Studio at 45,000 ft.  One outlet,  4 computers.  @Apple we need the batteries of the future NoW!!!! http://t.co/astp9x6KET",Positive,0.6237907541110634
"Apple may be working on virtual reality, but it's destroyed the evidence
http://t.co/teM7uDz5if @Apple @ceva @HTC @Google Talk to me! #scuba",Negative,0.5124296841167355
Your telling me there's no Santa Claus emoji? @Apple,Negative,0.6080777908826985
Playing with @apple #healthkit. Somebody needs to show them how to make proper axis labels. #infographic #design http://t.co/HjWIYe6MZB,Negative,0.5482554964075437
"Between 07 &amp; 09, @Apple deleted #music off of some customers' iPods without telling them http://t.co/PgXi2dr4Wg http://t.co/yBK9Ix23qb",Negative,0.6686753662514235
Apple @apple #thinkdifferent http://t.co/4jk0YetUaR,Negative,0.5557220947943715
"RT @OneRepublic: Studio at 45,000 ft.  One outlet,  4 computers.  @Apple we need the batteries of the future NoW!!!! http://t.co/astp9x6KET",Positive,0.6237907541110634
"Apple Inc. (#AAPL), Anti-Trust Laws, Class-Action Lawsuit And Viable #Plaintiffs http://t.co/ipjzO3wy0A #technology",Negative,0.5557220947943715
#sunrise #northamptonshire #northampton wow what a sunrise this morning #iPhone6 #apple @apple #sun http://t.co/9NiAoTLAVy,Positive,0.7523478454467347
RT @marksutton65: #sunrise #northamptonshire #northampton wow what a sunrise this morning #iPhone6 #apple @apple #sun http://t.co/9NiAoTLAVy,Positive,0.7523478454467347
RT @marksutton65: #sunrise #northamptonshire #northampton wow what a sunrise this morning #iPhone6 #apple @apple #sun http://t.co/9NiAoTLAVy,Positive,0.7523478454467347
@tech_faq @peterjmsimons in the end it is  @Apple laughing all the way to the bank.,Negative,0.5563091659134446
@Apple Watch SDK and #Monetizaton: Why You Should Download #WatchKit As Soon As Possible http://t.co/5MBQvLU5Ba,Positive,0.5158851636622158
This is why I would never want to own an @apple device. But sadly people seem to be okay with that. http://t.co/EK4vESbigs,Negative,0.9665048051916462
"#realworld #etnui #magicleap #spin @Google @HTC @Apple @Samsung @magicleap this is a collection of dreams, thoughts, and discussions I share",Positive,0.6892376167883241
"Gotta love the autocorrect in IPhone. Nothing makes a person more illiterate than that. Fuck me,quit guessing and not let us correct. @Apple",Positive,0.5334483138191741
"Apple: quarter 2014Q3 EPS is $1.42. Use it at #free App Donkey Stocks. #AAPL
https://t.co/8CBUgrEHZS",Positive,0.5661495618613696
#iscuba 360 degree camera rig cloud mobile gamed to surface #imask @Google @padi @Apple @Samsung @HTC #underwaterwearables #cardboard #pivot,Positive,0.541019145125442
1 in 10 US iPhone 6 owners have now used @Apple Pay - report  http://t.co/JkiQUH9i86,Negative,0.6892359030160775
@THE_HIIT_COACH We'll use it. But we know that feeling only too well of waiting for your app to be approved by @Apple #LikeWatchingPaintDry,Negative,0.7294583595127357
"RT @OneRepublic: Studio at 45,000 ft.  One outlet,  4 computers.  @Apple we need the batteries of the future NoW!!!! http://t.co/astp9x6KET",Positive,0.6237907541110634
'Apples legendarische garage is een mythe' http://t.co/anla8ctpG3 via @apple @marketing,Positive,0.6243757044480177
"RT @OneRepublic: Studio at 45,000 ft.  One outlet,  4 computers.  @Apple we need the batteries of the future NoW!!!! http://t.co/astp9x6KET",Positive,0.6237907541110634
"@OneRepublic @Apple that looks amazing, don't think anyone can say they recorded music on a plane haha",Positive,0.6643406193315147
@dimu4ever @timcook @apple lool. See dis man eee :D,Positive,0.7013725636828407
@dimu4ever @timcook @apple help for wetin? Lol,Positive,0.7458067898711704
@OneRepublic @Apple does pilot fly with us? ;-),Positive,0.6534002679313342
.@Google is officially beating @Apple in the TV streaming market with graph from @qz http://t.co/9uXOfImVOc,Positive,0.730257736069836
"'@OneRepublic: Studio at 45,000 ft.  One outlet,  4 computers.  @Apple we need the batteries of the future NoW!!!! http://t.co/Pqy2nOBaE9'",Positive,0.6237907541110634
"RT @BigBlindz: BlackBerry wants your iPhone, and will pay for it.
http://t.co/ydpQJKKfvM
 #bbry $bbry #blackberry #iPhone $aapl #aapl",Negative,0.771230639300429
'After School' app gets pulled by @apple ... I say good!  Cyber bullying is awful http://t.co/RQPMQ08hXp,Negative,0.5123283428671206
"RT @OneRepublic: Studio at 45,000 ft.  One outlet,  4 computers.  @Apple we need the batteries of the future NoW!!!! http://t.co/astp9x6KET",Positive,0.6237907541110634
@weightsmate @Apple total nightmare!!!! and they take a big slice of the cake !,Positive,0.5397535586588955
Why is my phone on 26 if I charged it all night hmmmmm? @apple @stevejobs @god,Negative,0.5253471913037089
@steviebuckley It's doing strange things to @dropbox files as well - create a new folder and it disappears etc.  @apple #yosemite #bugs,Positive,0.7436633933429838
"RT @OneRepublic: Studio at 45,000 ft.  One outlet,  4 computers.  @Apple we need the batteries of the future NoW!!!! http://t.co/astp9x6KET",Positive,0.6237907541110634
"#AAPL:Watch List: AT&amp;T (NYSE:T), Apple (NASDAQ:AAPL), Pandora Media Inc (NYS...http://t.co/dg5bxrxGda",Negative,0.5981893691418743
It's done well but my '04 @apple 40gb #ipod photo has possible come to an end after 10yrs. Battery won't charge! :( http://t.co/e9oGDNlcmw,Negative,0.801125023645613
"RT @OneRepublic: Studio at 45,000 ft.  One outlet,  4 computers.  @Apple we need the batteries of the future NoW!!!! http://t.co/astp9x6KET",Positive,0.6237907541110634
RT @hf: @imcatnoone @Apple or you can't even sync folders,Negative,0.888986019428902
Steve Wozniak tries to gut the legacy of the late Steve Jobs. #uncool @apple http://t.co/ccPbgibI7B via @BloombergTV,Positive,0.6354435625041317
"#AAPL:Apple, Samsung Argue in Appeals Court...http://t.co/XMd1e3LTex",Negative,0.7179309766727247
That's what happened to my music! @Apple deleted music from customers' iPods http://t.co/zvJoangfIK,Negative,0.630105479437613
"OK, I finally decided to buy this BIG 'iPad' to phone... #iPhone6 grey by @apple. Normally more excited. http://t.co/gAWgKDJUuf #smartphone",Positive,0.7148214058570203
"RT @OneRepublic: Studio at 45,000 ft.  One outlet,  4 computers.  @Apple we need the batteries of the future NoW!!!! http://t.co/astp9x6KET",Positive,0.6237907541110634
"Apple, Xiaomi smartphones found violating privacy laws in Taiwan $AAPL #aapl
http://t.co/OJkO81vhUz",Negative,0.6126586369005976
"i for India: Apple plans big push with 500 stores $AAPL #aapl
http://t.co/qBIC2jGJog",Negative,0.6643413470014565
@dougluberts @drakecraytel @Apple it is a universal problem with 128gb models. Some people think there will be a total recall.,Positive,0.5654348618506143
"RT @OneRepublic: Studio at 45,000 ft.  One outlet,  4 computers.  @Apple we need the batteries of the future NoW!!!! http://t.co/astp9x6KET",Positive,0.6237907541110634
@Apple to host free workshops to take the mystery out of coding - CNET  #technology #coding  http://t.co/VisJpcqMYp,Positive,0.9141857617502236
Apple TV fades away in streaming video player market - @Apple #vod #streaming http://t.co/5jYgtiCWlc,Negative,0.5465993949192881
"RT @OneRepublic: Studio at 45,000 ft.  One outlet,  4 computers.  @Apple we need the batteries of the future NoW!!!! http://t.co/astp9x6KET",Positive,0.6237907541110634
#Apple questions whether iPod class action suit can proceed as case may lack genuine ... - http://t.co/cy8GUn7DFH #AAPL #EddyCue,Negative,0.5868504363736606
The dirty secret in the shadow of Silicon Valley  http://t.co/yS41C4Y1SO @google @yahoo @apple nice 2 know ur doing good with ur billions!,Positive,0.9501218285960337
"iPhon6 rivals by Samsung, LG,HTC suffering delays in Qualcomm's 64-bit Snapdragon answer to Apple's A8  $AAPL #aapl
http://t.co/VB6Rl78rso",Negative,0.7026324042821337
If @apple only knew the amount of people rolling back to Mavericks. If they only knew. But they do. Don't they? Aham.,Negative,0.5406113478635024
"RT @OneRepublic: Studio at 45,000 ft.  One outlet,  4 computers.  @Apple we need the batteries of the future NoW!!!! http://t.co/astp9x6KET",Positive,0.6237907541110634
Apple Tentatively Approves Plans to Expand Reseller Network in India with 500 New Stores [Mac Blog] http://t.co/ttTFQVOiIr #AAPL,Negative,0.5571413248103716
"RT @OneRepublic: Studio at 45,000 ft.  One outlet,  4 computers.  @Apple we need the batteries of the future NoW!!!! http://t.co/astp9x6KET",Positive,0.6237907541110634
"Finally! @Apple Gives #India the Attention it Deserves, Plans to Set Up More Than 500 Stores http://t.co/imomyJOdFF via @igyaan",Positive,0.6904500016946717
Any other #iPhone6 users have a random #vertical #line showing up on their screen since #upgrading to #ios811? @apple,Negative,0.5231490888899637
"Apple's iPhone 6 International Prices Are Higher Than The US $AAPL #aapl
http://t.co/6BW1hfeD0r",Negative,0.5604558922884308
RT @OvelhaNegraTV: Apple TV fades away in streaming video player market - @Apple #vod #streaming http://t.co/5jYgtiCWlc,Negative,0.5465993949192881
I JUST HELD MY PHONE CLOSE TO MY CHEEK AND IT GAVE ME A SHOCK OHHSHIT @APPLE HELP,Negative,0.7044651342219634
https://t.co/4RZOXmdypG fully explains our airplay trouble @inbot. @Apple: fix your shit.,Negative,0.7328717120985135
"Apple Tentatively Approves Plans to Expand Reseller Network in India with 500 New Stores $AAPL #aapl
http://t.co/fn6bENxhMi",Negative,0.585060138439651
RT @OvelhaNegraTV: Apple TV fades away in streaming video player market - @Apple #vod #streaming http://t.co/5jYgtiCWlc,Negative,0.5465993949192881
"On Thursday, December 11th, learn an #HourOfCode from any @Apple Store in the WORLD! Reserve a spot today! http://t.co/Oxkvj4dx66 @codeorg",Positive,0.5281924581851918
"Suit Against Apple Over iPods May Lack One Thing: A Plaintiff $AAPL #aapl
http://t.co/BPCTfDu5nw",Negative,0.5261471121418567
@Noctylux @finalcutproes @macnificos @Apple refurWHAT??,Positive,0.5672379339051172
"AAPL passes $700 billion in Market Cap and setting a new record, details here:
http://t.co/UCXw8zSRpZ #AAPL #Apple #Stocks #Record #News",Positive,0.6911036633899408
Update: #Apple's #HealthKit Seeing Early Adoptions #AAPL http://t.co/dtJI2hNtoq,Positive,0.5470531276235175
"Apple Inc. And Samsung Group Continue Fight As Sub-$1 Billion Award Looms $AAPL #aapl
http://t.co/nYuJXDSwyG",Positive,0.6204869042348138
"#Apple planning to support 500 #Apple resellers in #India, focusing on iOS ... - http://t.co/bDvY1JqDla #AAPL http://t.co/EQ6mNvaq2H",Positive,0.7984229720561213
"After Years Of Losses Apple Is Finally Clawing Back Some Market Share Against Android $AAPL #aapl
http://t.co/lBVcbSzfaQ",Positive,0.6941324541728584
US Stock Futures Up; All Eyes On Jobs Data http://t.co/6GdZ2zx6Yf #AAPL #AJG #BankofAmerica #BIG #ERIC #PreMarket #Markets,Negative,0.574761078874914
#AAPL:Apple deleted songs from customers' iPods...http://t.co/ieyvCmYgaV,Negative,0.5922979822686446
"RT @OneRepublic: Studio at 45,000 ft.  One outlet,  4 computers.  @Apple we need the batteries of the future NoW!!!! http://t.co/astp9x6KET",Positive,0.6237907541110634
"Apple partners in India to reportedly expand operations with 500 stores $AAPL #aapl
http://t.co/g7RgPpwUen",Negative,0.5935191453207864
"RT @OneRepublic: Studio at 45,000 ft.  One outlet,  4 computers.  @Apple we need the batteries of the future NoW!!!! http://t.co/astp9x6KET",Positive,0.6237907541110634
The @apple enterprise developer agreement is (wait for it ) 719  (seven hundred and nineteen) pages !!,Positive,0.5944996862700858
The @apple enterprise developer agreement is (wait for it ) 719  (seven hundred and nineteen) pages !!,Positive,0.5944996862700858
"When a company is playing catch-up, it lost its innovation momentum. Sorry @apple http://t.co/jSDeyIpnek via @tomshardware",Negative,0.8509314048034344
"APPLE Intraday Comments - Pre-Opening - PREMIUM USERS  #aapl #Stockaction #trading #Stocks #MKt
http://t.co/G0TeDLCB9z",Positive,0.5154593675237964
"Apple's $1bn anti-competition trial might collapse $AAPL #aapl
http://t.co/okgLdIN1ny",Positive,0.6879773037806
"RT @OneRepublic: Studio at 45,000 ft.  One outlet,  4 computers.  @Apple we need the batteries of the future NoW!!!! http://t.co/astp9x6KET",Positive,0.6237907541110634
Forbes: 'Whoops! No Plaintiff! As Apple Tells Court iPod Owner Isn't In Class She Represents' #AAPL http://t.co/UXcdAWqhqa,Negative,0.8676200458603951
Only had the iPhone 2 years. Still can't decipher how to use calendar @apple #isitme #who gets paid how much?,Negative,0.9243583295100254
There are 13 things that the #iPhone 6 can do that maybe you don't know http://t.co/P1CDOrgdhW @businessinsider #tricks #brands @Apple,Negative,0.6604198250160342
Photographing the White House Christmas Decorations With an iPhone 6 by @BrooksKraftFoto  @apple http://t.co/lPDqbJqnV5,Negative,0.5518122979427103
"TheStreet:  #Google Has Major Headaches Going into 2015 Because of #Apple, #Facebook. #aapl #fb #goog http://t.co/bOsxXCsrWj",Negative,0.6010390422780588
Hey @artsboston #UrbanNutcracker Russell Ferguson @RussellFerg &amp; #krumpers are @Apple Store in Boylston St.  @5.30pm today. Dancing &amp; chat,Positive,0.7999427529552506
Is #Apple Hedging its Bets with Another Small #iPhone? #aapl http://t.co/AXn3FjyczT,Negative,0.5737497377996587
Apple Inc. Defendants Take the Stand in Anti-trust Lawsuit http://t.co/WNd8mDLiDr #AAPL #AntiTrust,Positive,0.7059418985358673
"RT @tomlindberg99 'Congrats to @Apple, Mary Sotos @WorldResources for Green Power Leadership Awards @GreeneMarktplc '
http://t.co/qjX66tc2sV",Positive,0.8293823038379731
Pop up #BostonHoliday - #UrbanNutcracker's @RussellFerg &amp; #krumpers are @Apple Store in Boylston St. @5:30pm today. Dancing &amp; chat',Positive,0.7429148953315686
"New 4-inch iPhone 6 Reported. 5 Reasons Apple Must Make It  $AAPL #aapl
http://t.co/jmpX51PCgL",Positive,0.5469674705626272
@Apple GBP200 repair an #iPhone5 that died 4 mths out of warranty. The new phone comes with only 90 days warranty. Why?!?! #unhappycustomer,Negative,0.785357751024173
Foreign Currency Exchange May Be A Headwind For #Apple #AAPL http://t.co/HH6LjnOq0x,Positive,0.5946657875862366
Mark #Zuckerberg Slams Tim #Cook: You Don't Care About Your Customers #fb #aapl http://t.co/HWDmpRoIgT http://t.co/58j6KPMIlI,Positive,0.6213267862187811
@AppleOfficialll @apple I can't say enough about how awesome Apple has been. They've already processed a reorder for the phone that UPS lost,Negative,0.787591350098927
"@SamsungMobileUS #Samsung #appeals $930m fine in @Apple [#Apple] #iPhone copying case. (#Friday, 5 #December) http://t.co/cIC9VRqWUJ",Positive,0.7023131539946631
BLOCK TRADE detected in #AAPL,Positive,0.5143322102389286
Is Apple Inc. Losing the $5 Billion Ed-Tech Market? http://t.co/uc6KDLEFLM #AAPL,Negative,0.7108450065240439
Any one know how to retrieve deleted texts from iPhone.  #Apple @apple #textmessage,Negative,0.8065610130680105
"APPLE - Fibonacci Technicals Levels - Intraday  Update - $AAPL #aapl 
http://t.co/liaSWssxRd",Negative,0.5555549526062871
#AAPL:Apple Is Building A $161 Million Theatre...http://t.co/iY5XtGtlGp,Negative,0.5913633836970311
Mark #Zuckerberg Slams Tim #Cook: You're Not In Alignment With Your Customers #fb #aapl http://t.co/HWDmpRoIgT http://t.co/YUIelx9q2J,Positive,0.7595651461981613
Apple Begins Hiring for First Belgian Retail Store in Brussels [Mac Blog] http://t.co/pHYBAifp4x #AAPL,Positive,0.5914664008110481
Apple Launches Ten Holiday-Themed iTunes Radio Stations [iOS Blog] http://t.co/fF0JIspy7s #AAPL,Positive,0.7073878198911252
@Apple 'deleted #iPod #music from rival services' http://t.co/a9VO9E0g5F,Negative,0.7653402840254788
"Apple Throws Last-Minute Curve Ball In Lawsuit $AAPL #aapl
http://t.co/ik7fTfkjNF",Positive,0.5307603079091054
3 Reasons #Apple Is a Potential Warren Buffett Stock and 1 Reason It Isn't | The Motley Fool #aapl http://t.co/BnSCg3I2yo,Negative,0.5081797799638419
Is #Apple Inc. Losing the $5 Billion Ed-Tech Market? | The Motley Fool #aapl http://t.co/bIz7kKXY2t,Negative,0.6253390508561343
"APPLE Intraday Comments - Updated RANGE - PREMIUM USERS  #aapl #Stockaction #trading #Stocks #MKt
http://t.co/G0TeDLCB9z",Positive,0.573069605851099
Attn @Apple :  Buy these guys &amp; make #AppleTV what it should be. 'Fan TV' Heads for the exit   http://t.co/mCPfhvKilJ via @pkafka,Positive,0.7112273081362525
@apple Excellent customer service thanks Ian #applestorecoventgarden,Positive,0.8997472695181382
"Here are some of the satellites @SPUTNIK-1, @explorer-1, @ariel-3, @sanmarco-1, @bhaskara-1, @aryabhatta, @apple, @INSAT-1A.",Positive,0.5672379339051172
"@Apple, why I cannot alt+tab back to full screen app!? GRRRR! #usability",Negative,0.760070186175104
@Apple to Host Free #Coding Workshops in Stores http://t.co/jqAciR5UrY,Positive,0.8357195779603834
#Apple begins hiring retail positions in Brussels ahead of first #Belgium ... - http://t.co/Rc1mvDT3Dv #AAPL http://t.co/GjjDMt4c2B,Positive,0.8149262011967117
"APPLE - Fibonacci Technicals Levels - Intraday  Update - $AAPL #aapl 
http://t.co/fmEc0yZmFE",Negative,0.5555549526062871
"RT @OneRepublic: Studio at 45,000 ft.  One outlet,  4 computers.  @Apple we need the batteries of the future NoW!!!! http://t.co/astp9x6KET",Positive,0.6237907541110634
"@apple awards @RegisCollege_MA with Distinguished School honor.  http://t.co/Ios9RVIt8P
#iPads",Negative,0.5103474579887204
@apple why the fuck when I leave my charger at home do I gotta start sending my goodbye texts at 10:09am?,Negative,0.9078551644239089
"Hey @apple while your reading list on safari across device rocks, can you please let list items to be deleted (x) in iPhone",Positive,0.5009696099468699
How Apple Became One of the Greenest Companies in America http://t.co/eM2TLoctXd @apple @Newsweek #energy #efficiency,Negative,0.5062169064810884
@HANNAHRAD Why doesn't @apple give out free apples as snacks?,Positive,0.5283211331668487
Foreign Currency Exchange May Be A Headwind For Apple (AAPL) http://t.co/mNNF9H55Wd #AAPL,Positive,0.5210113115118882
"Is Apple Inc. Losing the $5 Billion Ed-Tech Market? $AAPL #aapl
http://t.co/lOLDOTy7jt",Negative,0.7108450065240439
RT @FaZeNikan: yea let me just pay 600 dollars for phone so it dies at 30% fix your shit @apple,Negative,0.7763642955966596
@Facebook founder attacks @Apple boss over 'ridiculous' comments http://t.co/pverWexJv8,Negative,0.5987976075102399
"RT @OneRepublic: Studio at 45,000 ft.  One outlet,  4 computers.  @Apple we need the batteries of the future NoW!!!! http://t.co/astp9x6KET",Positive,0.6237907541110634
"Dear @Apple, I place all my browser eggs in the #Safari basket. Guess what? Safari is broken, please fix the release you pulled. #FAIL",Negative,0.8681915233947914
"JMP Securities Thinks Apple, Inc. Is Going to $150: Time to Sell? http://t.co/eFtBViu35Y #AAPL",Negative,0.606479171834128
"Foxconn Robots Proving Unsuitable for iPhone Assembly, Updated Versions in the Works http://t.co/jSmVSN6v8r #AAPL",Positive,0.6195677033749762
Anti-Discrimination Bill To Be Named After @Apple CEO @TimCook http://t.co/qEZlIPc8Z2 via @theinquisitr @LGBT #LGBT #Gayrights #Alabama,Positive,0.6240395518528076
"Apple: $115 fits to 8.4% increase in earnings. Use 2014Q3 EPS=$1.42 in  #free IOS App Donkey Stocks. #AAPL
https://t.co/8CBUgrEHZS",Positive,0.5661495618613696
"The king of the phablets! Apple's iPhone 6 plus is bestseller for past three months - $AAPL #aapl
http://t.co/VNp8xeBow6",Negative,0.5091871647737987
What is the point of making an apt at @apple Genius Bar when you sit and wait for 40 min and counting?!,Positive,0.6862657599220765
New 4-inch #iPhone6 Reported: 5 Reasons @apple Must Make it http://t.co/WdiezLNdCM #choice #device #smartphone #budget,Positive,0.7617602990528205
Will @apple be growing its services areas?  @barclayswealth thinks it...,Negative,0.6824871224477189
Hold on @TGowdySC word up now Tweet me r u gunna..Vowel that Flu shot ? Bc or ad? me linda RN let the ncis begin! narcwars @apple sauce thic,Positive,0.5546494333798145
"JMP Securities Thinks #Apple, Inc. Is Going to $150: Time to Sell? | The Motley Fool #aapl http://t.co/LpjS6iyh0I",Negative,0.5364129546089851
How to save a ton of money when you buy your next #iPhone via @BGR #aapl http://t.co/x35kXHBv0E,Negative,0.5823575266554499
$AAPL $BIDU $NTES and more are on our stocks to buy list #AAPL #BIDU #NTES http://t.co/cqEje2PffW,Positive,0.5846526257340924
Resisting a Bite of the #Holiday @Apple - http://t.co/NZDodzQ5WE http://t.co/7AKxZYBr7l,Positive,0.5431243303012019
RT @ajhontucan: Your telling me there's no Santa Claus emoji? @Apple,Negative,0.6080777908826985
"Apple: $115 fits to 8.4% increase in earnings. Use 2014Q3 EPS=$1.42 in  #free IOS App Donkey Stocks. #AAPL
https://t.co/pyU6cuTYrX",Positive,0.5661495618613696
@Apple are you doing 12 Days of Gifts again?,Positive,0.5003750874054329
#Apple: Market Maker Price Range Forecast Update #AAPL http://t.co/lb0gspNI9j,Positive,0.590689465734306
@THE_HIIT_COACH @weightsmate @Apple it's similar to an existing app (called cardio guru interestingly). Maybe Apple have noticed this?,Negative,0.5472166429360616
@CharlesJMeyer @Apple @Appy_Geek Hasn't Apple been doing this for decades? This is why I don't support Apple. #apple #deletegame,Negative,0.6452983917888575
"Crystal Baller: Rebirth of the 4-inch iPhone and other insane Apple rumors $AAPL #aapl
http://t.co/yvpAZQUmNt",Negative,0.6931768078209002
#AAPL:New 4-inch iPhone 6 Reported. 5 Reasons Apple Must Make It...http://t.co/qNtQdIYTXK,Positive,0.5469674705626272
"RT @JPDesloges: Crystal Baller: Rebirth of the 4-inch iPhone and other insane Apple rumors $AAPL #aapl
http://t.co/yvpAZQUmNt",Negative,0.6931768078209002
"Watching #Orion #eft1 reenter at 20,000mph on my @apple #iPhone as I am driving 80mph through the middle of no &amp; where Texas. #howcoolisthat",Positive,0.7332157716103506
Interesting job wth @Apple in crowdsourcing! (tip via @cageyjames on LI) Maps Community Client Software Engineer http://t.co/EUMr959uMl,Positive,0.6443073222899006
@Swansonbirds @Apple @Appy_Geek it's definitely a bit frustrating as a consumer. I'm a big @apple supporter,Positive,0.5404512043079505
@Swansonbirds @Apple @Appy_Geek Just saw this one on @YahooNews http://t.co/lkVkJ2Kkrp,Positive,0.5321253482451382
#AAPL:Outside the Box: How things changed this week: good jobs and bad Jobs...http://t.co/zS3k9SorkL,Positive,0.5113875219543019
"APPLE - Fibonacci Technicals Levels - Intraday  Update - $AAPL #aapl 
http://t.co/DcAToedfMd",Negative,0.5555549526062871
Help @Apple. Store rep told me that iTunes backup saves multiple backups. But I backed up phone now and old backup is gone. What to do?,Negative,0.6964518822008678
@HRHound @MandoGallegos Nice! If the actor had on an iWatch he'd have the entire suite of @Apple products. #sponsorDeal,Positive,0.7130441589860615
Why I Hate #Apple. #aapl  http://t.co/inkCjYw0Lq,Negative,0.979053185330966
My @apple power cord caught on fire!   Yet another non-travelling power cord I have less than a year.  #AppleCordFire http://t.co/exC3Wz8CiD,Negative,0.5951415621338882
What I find alarming about @Apple power cords is how quickly they fray.  I don't always notice when I don't travel with them. #AppleCordFire,Negative,0.6846879855270538
"And if I leave my Mac plugged in when I leave the house, do I need to check the @Apple power cord every time?  #AppleCordFire",Negative,0.7336487792586504
And how about kids?  Do parents need to monitor the @Apple power cords daily to make sure they are still safe?  #AppleCordFire,Positive,0.5243789816131998
"I was out to dinner last night and left my computer to charge.  Had the fire happened then, I'd have no house.  @Apple #AppleCordFire",Negative,0.7392213455133325
How hip is @TWDanceCenter @Apple Store in Boylston St. Today @ 6.30pm. Enjoy some #krumping meet #UrbanNutcracker director &amp; @RussellFerg,Positive,0.7895816036386722
"UBS Says Consensus on December Quarter Apple  iPhone Units Could be 10% Low $AAPL #aapl
http://t.co/wao7GqQ411",Negative,0.7594483045067906
. @stevewoz: passion for engineering/design at the heart of what he did for @apple. http://t.co/dL7l2Us27T via @BloombergTV,Positive,0.6850226684436727
In the market to create more videos with my students @Apple #Macbook http://t.co/bAn4z2BPRQ via @donorschoose,Positive,0.6428258993640685
BloombergTV:  Steve #Wozniak on What Really Happened in #Jobs' Garage http://t.co/M5Pl6xLjuV via @BloombergTV #Apple #aapl,Negative,0.5886918022838518
@Apple @DonorsChoose @BestBuy Help me reach my goal.,Positive,0.6196731721481633
@APSVirginia special education staff working hard on behalf of our students with disabilities @Apple ed1426 http://t.co/1HhSr2Vyoh,Positive,0.5080737167364752
"Dear @Apple all I want for Xmas is for iOS 8 to stop crashing my iPad.  Signed, Cindy Lou Who of Whoville #apple",Negative,0.7090409734974737
"@Apple was fighting a 'never ending battle' against hackers of #iTunes, says chief Eddy Cue in #antitrust trial http://t.co/OlmqSV8R0H",Negative,0.7325464324943346
"RT @OneRepublic: Studio at 45,000 ft.  One outlet,  4 computers.  @Apple we need the batteries of the future NoW!!!! http://t.co/astp9x6KET",Positive,0.6237907541110634
TD Bank Aiming to Launch Apple Pay Support in Mid-December [iOS Blog] http://t.co/J28qRk4sNf #AAPL,Positive,0.5358092678983482
Hey @Apple how can I take U2's album off my phone?,Positive,0.866787317813324
"Barclays raises Apple price target by 17% to $140, more here: http://t.co/tAH62mAbox     #AAPL #Barclays #Stocks",Positive,0.6375472491323497
"JMP raises Apple price target from $130 to $150, reasons why here: http://t.co/XOTExD9Y4o  #JMP #AAPL #Stocks #WallStreet",Positive,0.5687090247457124
"Apple to Support a New Franchise of 500 iOS Stores in India $AAPL #aapl
http://t.co/390LCAqyfT",Positive,0.6076878808348205
"RT @JPDesloges: Apple to Support a New Franchise of 500 iOS Stores in India $AAPL #aapl
http://t.co/390LCAqyfT",Positive,0.6076878808348205
Hey @panerabread how about you teach your people how to use @apple pay?,Positive,0.8544635546561892
Apple Inc. Deleted Songs From Rival Services From iPods http://t.co/dQwDFpcc4x #AAPL,Negative,0.6333320998069981
#AAPL:Google (GOOGL) Stock Downgraded Today at Bank of America/Merrill Lynch...http://t.co/5NbKdg8jk2,Negative,0.5028742357754339
So cool! @Apple stores will host free 'Hour of Code' workshops on Dec. 11 to promote computer science: http://t.co/HrOHssVtK1 #tech,Positive,0.8091686760539247
"Why Apple Needs China to Love the Apple Watch  $AAPL #aapl
http://t.co/Jxo4stP9b7",Negative,0.5054341332388582
"42% believe #iPhone6 won't be available this Christmas, survey says http://t.co/ARjdahF9bm via @CNET #aapl",Negative,0.6667772202705085
9 awesome paid #iPhone apps that are free for a limited time (save over $100!) https://t.co/dUYoNxO2dA via @BGR #aapl,Positive,0.7169275280061218
@mattnwells I just wish I could post my #fav #coolclimate #Merlots on @delectable using my @apple flip phone,Negative,0.8174669614836028
#AAPL:31 Traits All Great Leaders Share...http://t.co/Ym4CLblrcF,Positive,0.8998672834590471
@apple the fact these itunes updates makes it anal to reset play counts sometimes yall do the mosttttt,Negative,0.6308698581190003
"APPLE - Fibonacci Technicals Levels - Intraday  Update - $AAPL #aapl 
http://t.co/Ms60cRXiHj",Negative,0.5555549526062871
"RT @OneRepublic: Studio at 45,000 ft.  One outlet,  4 computers.  @Apple we need the batteries of the future NoW!!!! http://t.co/astp9x6KET",Positive,0.6237907541110634
.@Apple CEO's name to grace Alabama antidiscrimination bill |@SDGLN @KenSanDiego @Benny_C @jimwinsor @mistercervantes http://t.co/bVYl4mHyNC,Positive,0.7455198298884004
@fundulz @Apple yeah I mean @IE is super great,Positive,0.7770648998932685
.@Apple CEO's name to grace Alabama antidiscrimination bill |@SDGLN @KenSanDiego @Benny_C @jimwinsor @mistercervantes http://t.co/UdeeIZanLA,Positive,0.7455198298884004
RT @spencerescott: Have Apple's iPad Sales Peaked? #AAPL http://t.co/zDUTviV8ys,Positive,0.6797702110572554
"RT @spencerescott: #AAPL Market Cap Passes $700 Billion, Tablet Sales Slump and More  http://t.co/gWDMiYag9o",Positive,0.7077962097692871
"For this problem, we can blame anybody we like: @sun, @java, @oracle, @apple, @startcom! Who else joins the roster?",Positive,0.7152850121741952
RT @spencerescott: Apple Flash Crash: What You Need to Know #AAPL http://t.co/2PBThSFeEE,Negative,0.7702081135440866
"RT @JPDesloges: APPLE - Fibonacci Technicals Levels - Intraday  Update - $AAPL #aapl 
http://t.co/Ms60cRXiHj",Negative,0.5555549526062871
"@Apple [#Apple]'s #IPhone6Plus captures Christmas at the #White House. (#Friday, 5 #December) http://t.co/4EXisKMcMV",Positive,0.6236066211331186
hey @apple could you add an option in mail to 'unsubscribe' next to the delete/archive option after swiping an email?,Positive,0.7317816365213086
Why is it so hard to reach / buy Suicide Squad comics at apple store in Turkey? @apple @DCComics @AppleTurkey,Negative,0.7064293536607928
Intel &amp; Jesse Jackson's RainbowPUSH to host tech employee diversity event in Silicon Valley http://t.co/uoikARpqK8 #intc #goog #aapl #fb,Positive,0.7319259686269781
@apple how/why did my iCal undo 6 months of entries related to recurring date entries? they all re-set to 'pay CC'. i had changed to $amnt..,Positive,0.6304671681303606
Way to go @apple http://t.co/Mcgsyxs9Eq,Positive,0.6908729874390269
Just watched my dad struggle to answer a call because his #iPhone wouldn't let him answer. Great job on #iOS @Apple!!! Not...,Positive,0.5988001833218939
@apple iCal AGAIN!!! it reset all my recurring in spite of months of individualizing each one per current date. #fail #icloud #sucking,Positive,0.6740677853823153
Thinking of leaving the @Apple environment completely. Thoughts?,Negative,0.6222707813934751
Aye @apple why don't you guys make the apple headphones in different colors?,Positive,0.5351838222392841
GVA lounge: in sight 6 Macs and 3 PCs + undetermined number of iPxs! #AAPL,Positive,0.6397288418740013
RT @RHDrum: Aye @apple why don't you guys make the apple headphones in different colors?,Positive,0.5351838222392841
Love the @Apple is supporting #HourOfCode with workshops! :) http://t.co/WP8D0FNjNu,Positive,0.9711467460915083
"#iPhone6c release date, #rumours and #leaked images: @Apple [#Apple] said to #be working .... (#Friday, 5 #Decem... http://t.co/76QIXLKyS3",Positive,0.560111528392501
RT @shannonmmiller: Love the @Apple is supporting #HourOfCode with workshops! :) http://t.co/WP8D0FNjNu,Positive,0.9711467460915083
RT @shannonmmiller: Love the @Apple is supporting #HourOfCode with workshops! :) http://t.co/WP8D0FNjNu,Positive,0.9711467460915083
RT @shannonmmiller: Love the @Apple is supporting #HourOfCode with workshops! :) http://t.co/WP8D0FNjNu,Positive,0.9711467460915083
RT @shannonmmiller: Love the @Apple is supporting #HourOfCode with workshops! :) http://t.co/WP8D0FNjNu,Positive,0.9711467460915083
It's important that Apple not become the developer for the world. We need people to invent their own stuff.' - Tim Cook CEO of @Apple,Positive,0.6968727349419034
RT @shannonmmiller: Love the @Apple is supporting #HourOfCode with workshops! :) http://t.co/WP8D0FNjNu,Positive,0.9711467460915083
RT @shannonmmiller: Love the @Apple is supporting #HourOfCode with workshops! :) http://t.co/WP8D0FNjNu,Positive,0.9711467460915083
GoPro Inc Has Potential To Become Apple Inc. Of Drone Market http://t.co/HNkZs5kAwx #AAPL,Positive,0.7289281573242505
RT @shannonmmiller: Love the @Apple is supporting #HourOfCode with workshops! :) http://t.co/WP8D0FNjNu,Positive,0.9711467460915083
Wanted the @apple iPhone 6 but that lighting charger made me go to an @windows @nokia 1020.,Negative,0.8281130463227862
"RT @OneRepublic: Studio at 45,000 ft.  One outlet,  4 computers.  @Apple we need the batteries of the future NoW!!!! http://t.co/astp9x6KET",Positive,0.6237907541110634
"Steve Hayman, @Apple National Consulting Engineer, presents on app development at #umich. http://t.co/51yinIrNoc",Positive,0.5985936638907853
Will #Apple Pay Consumers $1 Billion For Deleting Their Music?: Apple Inc. (NASDAQ: #AAPL) is currently embroi... http://t.co/NEJKr316Eb,Positive,0.6514245768315015
"Early Movers: BIG, DLTR, THI, #AAPL, FIVE &amp; more: These are the stocks posting the largest moves before the bell. http://t.co/GBlMWzOcQO",Positive,0.6608655542555016
RT @shannonmmiller: Love the @Apple is supporting #HourOfCode with workshops! :) http://t.co/WP8D0FNjNu,Positive,0.9711467460915083
@allandthompson @Apple Let me just go ahead and get this one out of the way: 'U gonna get a VIRUS &amp; ur whole house will explode!',Positive,0.5090040709088018
"RT @OneRepublic: Studio at 45,000 ft.  One outlet,  4 computers.  @Apple we need the batteries of the future NoW!!!! http://t.co/astp9x6KET",Positive,0.6237907541110634
"Zuckerberg attacks: If Apple really cared about customers, iPhones would cost less $AAPL #aapl
http://t.co/xG4cpjwXKH",Negative,0.6572475995028051
RT @shannonmmiller: Love the @Apple is supporting #HourOfCode with workshops! :) http://t.co/WP8D0FNjNu,Positive,0.9711467460915083
RT @shannonmmiller: Love the @Apple is supporting #HourOfCode with workshops! :) http://t.co/WP8D0FNjNu,Positive,0.9711467460915083
You'll Be Able To Learn How To Code For Free Next Week At Your Nearest @Apple Store!  http://t.co/8xHh2SLC4X,Positive,0.7593780186622212
You'll Be Able To Learn How To Code For Free Next Week At Your Nearest @Apple Store!  http://t.co/fUeCICPn2z,Positive,0.7593780186622212
RT @shannonmmiller: Love the @Apple is supporting #HourOfCode with workshops! :) http://t.co/WP8D0FNjNu,Positive,0.9711467460915083
RT @RaviMikkelsen: @HRHound @MandoGallegos Nice! If the actor had on an iWatch he'd have the entire suite of @Apple products. #sponsorDeal,Positive,0.7130441589860615
"Apple Adds New Flyover Locations to Maps, Siri Movie Showtimes in More Countries [iOS Blog] http://t.co/758TjE7alk #AAPL",Positive,0.7806589947758251
Helping you &amp; your loved ones on the street with our free @Apple app #Winnipeg #Acura http://t.co/ieR7gZcLRo,Positive,0.7725833847514089
RT @shannonmmiller: Love the @Apple is supporting #HourOfCode with workshops! :) http://t.co/WP8D0FNjNu,Positive,0.9711467460915083
"#AAPL $BABA &amp; $TWTR are having their 9 &amp; 1/2 % day https://t.co/ssk6R6hzba
.. they fooling around -- NOT on their magic carpet. next week/s",Positive,0.6230563960563164
"Plaintiff withdrawn in iPod antitrust lawsuit $AAPL #aapl
http://t.co/ncmRj5QUqL",Negative,0.7279800332829256
RT @shannonmmiller: Love the @Apple is supporting #HourOfCode with workshops! :) http://t.co/WP8D0FNjNu,Positive,0.9711467460915083
"RT @JPDesloges: Plaintiff withdrawn in iPod antitrust lawsuit $AAPL #aapl
http://t.co/ncmRj5QUqL",Negative,0.7279800332829256
"My keyboard only ever freezes up when I'm trying to talk to Ian, @apple why do u hate the sophian",Negative,0.8181269515210539
"Apple entering era of security fear-mongering... from security vendors $AAPL #aapl
http://t.co/X8VJxj0hD3",Positive,0.6671774733478794
"APPLE - Fibonacci Technicals Levels - Intraday  Update - $AAPL #aapl 
http://t.co/Z2BQWXee44",Negative,0.5555549526062871
"2nd day with my new iPhone, WTF @Apple ?!
In switching to @SamsungMobileUS http://t.co/Vz95pDWzEe",Negative,0.5331535320885763
Learn How To Code For Free On 12/11 At Your Nearest .@Apple Store &lt; Excellent! #tech #latism http://t.co/Ca3h33hQpR,Positive,0.9082069640428971
RT @shannonmmiller: Love the @Apple is supporting #HourOfCode with workshops! :) http://t.co/WP8D0FNjNu,Positive,0.9711467460915083
"#AAPL:UBS Increases Apple's iPhone 6 Sales, Revenue And EPS...http://t.co/9yxtPhyN1s",Negative,0.5423268784890861
#iPhone5s is the best mobile that I have had. That's easy It is only that works and It is wonderfull! Thanks @apple @tim_cook,Positive,0.9541897399110645
Wut? @apple can I have my money back? kthx http://t.co/zVp7MUZDAM,Negative,0.7028570222652809
took me an hour (half of it was decided in a bubble bath) that I cannot download iOS 8. I hate you @apple @EE,Negative,0.815094862962183
"What is HomeKit? Soon you'll control your home with your iPhone $AAPL #aapl
http://t.co/16qbQo1PRK",Positive,0.7117802185836183
"RT @JPDesloges: What is HomeKit? Soon you'll control your home with your iPhone $AAPL #aapl
http://t.co/16qbQo1PRK",Positive,0.7117802185836183
@calemcmartin blame @apple,Positive,0.7560231308240759
"Dude, @apple is all over the marketing for beats. They have a great marketing team at apple.",Positive,0.8638864645880303
Watch out @Apple.  http://t.co/B3Uq7YeDlx,Positive,0.6223333097570437
why don't we have harry potter emojis please work on this @Apple,Negative,0.6593583984684306
RT @cruci0btch: why don't we have harry potter emojis please work on this @Apple,Negative,0.6593583984684306
RT @cruci0btch: why don't we have harry potter emojis please work on this @Apple,Negative,0.6593583984684306
RT @cruci0btch: why don't we have harry potter emojis please work on this @Apple,Negative,0.6593583984684306
RT @cruci0btch: why don't we have harry potter emojis please work on this @Apple,Negative,0.6593583984684306
RT @cruci0btch: why don't we have harry potter emojis please work on this @Apple,Negative,0.6593583984684306
RT @shannonmmiller: Love the @Apple is supporting #HourOfCode with workshops! :) http://t.co/WP8D0FNjNu,Positive,0.9711467460915083
TWDanceCenter #UrbanNutcracker @Apple Store in Boylston St. @ 6.30pm. Enjoy some #krumping . Meet the director &amp; @RussellFerg,Positive,0.8475243352132293
RT @cruci0btch: why don't we have harry potter emojis please work on this @Apple,Negative,0.6593583984684306
RT @cruci0btch: why don't we have harry potter emojis please work on this @Apple,Negative,0.6593583984684306
RT @cruci0btch: why don't we have harry potter emojis please work on this @Apple,Negative,0.6593583984684306
@Apple honey crisp apple for the win,Positive,0.5894699040886733
@apple had a dream last night where I downgraded my #iPhone to a 4S and spent the rest of the dream trying to figure out what to do. #shame,Negative,0.7143067502832887
RT @cruci0btch: why don't we have harry potter emojis please work on this @Apple,Negative,0.6593583984684306
"Apple Stock: Is Push Into India Too Little Too Late? $AAPL #aapl
http://t.co/M9kOVlEikb",Negative,0.6769492720384751
RT @cruci0btch: why don't we have harry potter emojis please work on this @Apple,Negative,0.6593583984684306
Apple Inc. (AAPL) Focuses On Larger Indian Market Share http://t.co/o9RU1Lv1V8 #AAPL,Positive,0.6914094131277663
I really want @apple to drop the word BOOK from products so employees will start treating machines with more care. aka stop dropping them.,Negative,0.6537920415674048
"APPLE - Fibonacci Technicals Levels - LAST  Intraday  Update - $AAPL #aapl 
http://t.co/OeYEqn72er",Negative,0.6750661966455849
#WearableDevices To #Consumers : You're Putting Me On - http://t.co/2eSSgN5Wsv #IBDNews via @IBDinvestors  #aapl #nke #grmn #amba #invn,Positive,0.7119664611461446
"APPLE Intraday Comments - LAST Update - PREMIUM USERS  #aapl #Stockaction #trading #Stocks #MKt
http://t.co/G0TeDLCB9z",Negative,0.6081074359293868
@apple IOS8 is still shit,Negative,0.8966933758553627
"@marxculture @AppleUK_  Thanks, I'll keep it in mind. Tho, I've lately been so unhappy with everything @apple that I'm moving away from them",Positive,0.6372904071250249
#Apple: Facing A Challenge From Google's Android - Apple Inc. #AAPL | Seeking Alpha http://t.co/Fd4E1Pv5G4,Positive,0.6020567114667787
@daulfn @AppleUK_ @Apple I have a Windows lappy which works well and was half the price of the alternative,Positive,0.6496343937856124
$AAPL has 6 analyst ratings in the last 7 days and 100% are positive. Median target: $135 (16% upside). View: https://t.co/ogs2AlQqHu #AAPL,Positive,0.7313483242385149
"Apple:Dec 5 Trading Daily Profit $1.57/sh,  Weekly Profits of $18.36/sh  #aapl #Stockaction #trading #Stocks #MKt  
http://t.co/76R4rmUUNo",Positive,0.6750104141078102
@Apple: Apple ID should ALWAYS b able to b set up w/out cred card/PayPal/gift card attach to it. You'll still get your $ if they buy. #fail,Negative,0.6490992349594484
@marxculture @AppleUK_ @Apple Yeh was thinking of doing exactly that. Just wanna install decent unix on ok hardware &amp; live happily everafter,Positive,0.5896567476110547
Security firm @Kaspersky have issued their (not very cheery) 2015 predictions - and say @Apple Pay to attract attacks http://t.co/7XBrTqSmdq,Positive,0.7310779228736357
There needs to be an emoji with war paint/football make up on. @apple @emojimakers for fangirls everywhere.,Negative,0.5152158632649761
@daulfn @AppleUK_ @Apple It's what most of our devs do,Positive,0.5672379339051172
#AAPL:12 Unexpected Stocks Bringing Buffett and Fellow Billionaires Holiday ...http://t.co/QSxQQPAg2q,Positive,0.6578293406932784
"#UBS #Increases @Apple [#Apple]'s #iPhone6 Sales, #Revenue And EPS. (#Friday, 5 #December) http://t.co/yEPG0Urogc",Positive,0.6797702110572554
RT @cruci0btch: why don't we have harry potter emojis please work on this @Apple,Negative,0.6593583984684306
@Apple admits deleting rival music store tracks from iPods | Apple | http://t.co/DPH21dL8K3 http://t.co/GEAgJUuRSO,Negative,0.5137506778772352
"Is it just me, who feels #Yosemite eats more battery &amp; Resource than #Mavericks?  @Apple are you reading this?",Negative,0.660841670286033
BLOCK TRADE detected in #AAPL,Positive,0.5143322102389286
@apple u used to b cool what happened,Negative,0.6150297520284189
IT &amp; marketing systems @AmericanExpress cause headaches as card holders with @Apple Pay are being opted in for promotions without permission,Positive,0.5286216222558843
..@facebook founder @MarkZuckerberg attacks @apple boss @TimCook over 'ridiculous' comments about ads http://t.co/fNKDDbfLzV,Negative,0.5987976075102399
"RT @_Jamelia_: Dude, @apple is all over the marketing for beats. They have a great marketing team at apple.",Positive,0.8638864645880303
Foreign Currency Exchange May Be A Headwind For Apple (AAPL) http://t.co/rMPiMkvLsH #AAPL,Positive,0.5210113115118882
"@ATTCares @senisbs Wireless Family Share plan, one line upgrade just killed my discount. Not sure it was mentioned on @Apple pre-order page.",Positive,0.6083146789552883
#AAPL RT @cue: Proud to be part of #HourofCode next week. Events at Apple retail stores around the world. http://t.co/ag2ki1ZDVf,Positive,0.7707010319579545
RT @shannonmmiller: Love the @Apple is supporting #HourOfCode with workshops! :) http://t.co/WP8D0FNjNu,Positive,0.9711467460915083
RT @shannonmmiller: Love the @Apple is supporting #HourOfCode with workshops! :) http://t.co/WP8D0FNjNu,Positive,0.9711467460915083
itunes is awful &amp; is ruining my life fix your shit @apple,Negative,0.7794655034250891
"Buyer's Guide: Deals on MacBook Air, Retina MacBook Pro, iPads, Apple Accessories, and More [Mac Blog] http://t.co/EAC2nK1Nkk #AAPL",Negative,0.5500244582508518
"#Forget @Apple [#Apple]'s #iPhone and @SamsungMobileUS #Samsung's Galaxy, the #humble flip phone is back. (#Frid... http://t.co/6CiLI9sCw6",Negative,0.6210462024129535
"Apple Inc. price at close, December 05, 2014, is 114.9801. #apple #AAPL",Negative,0.640707625649337
#AAPL:Why can't Apple meet demand for the iPhone 6?...http://t.co/200wqsCPaG,Negative,0.8690277998465378
"had soo many iPhones and never had a problem, smashed 2 screens in 3 months with this 6 @apple u can suck my balls",Negative,0.7584343390638631
Will Apple Pay Consumers $1 Billion For Deleting Their Music? http://t.co/BWtOE7mAo5 #AAPL,Positive,0.5679568111014586
"RT @taraluv_: had soo many iPhones and never had a problem, smashed 2 screens in 3 months with this 6 @apple u can suck my balls",Negative,0.7584343390638631
Is there ever going to be a moment y'all are going to fix the battery? Mine goes from 100% to 22% in an hour. @apple,Negative,0.5577371855467761
The power of @Apple 's strong branding and store design in one photo http://t.co/Xsjk3LV0ei via @qz.  Article: http://t.co/eDjJ9R61yE,Positive,0.6622944461466594
Sorry @samsung but I will be taking my smartphone talents over to @Apple. The iphone 6 is more reliable &amp; is better for everyday usage.,Negative,0.6211157017368276
"#Why #can't @Apple [#Apple] meet demand for the #iPhone6?. (#Friday, 5 #December) http://t.co/dCKe05pVa4",Positive,0.7398886057754827
"So, Which #PromoProduct suppliers carry brandable @Apple compliant adapters? #HeadsAreGoingToRoll",Negative,0.5187188604072117
"Early Apple Employee Bill Fernandez Shares Details on Steve Jobs, Creation of the Apple II, and More http://t.co/hv7TfDUIm9 #AAPL",Negative,0.523560203591596
"RT @DannyRosin: So, Which #PromoProduct suppliers carry brandable @Apple compliant adapters? #HeadsAreGoingToRoll",Negative,0.5187188604072117
"@Apple Maps, where is the #FAUSTADIUM ? @floridaatlantic
@fauathletics #fau #bocaraton #floridaatlantic #floridaa... http://t.co/TvvYCwNprw",Positive,0.5672379339051172
Paid $20 for a new 5 charger and couldn't  b more pissed about it... this is rape @apple,Negative,0.844730983092413
@Apple my wifi is on &amp; working on everything else but my ipad. i'm so pissed. TWO DAYS it's been like this! GET IT TOGETHER #Apple,Negative,0.5883086302648156
@DannyRosin @Apple It will be interesting to watch how/if this is resolved.,Positive,0.7868954577623704
"@brandivatemktg @Apple - Integrity cures most evils. #MFi, in this case, will too!",Positive,0.5783663363430938
@DannyRosin @Apple Agreed!,Positive,0.6049874257769488
"#AAPL:Pale, hoarse Steve Jobs defends Apple in videotaped deposition in iPod...http://t.co/SNmpSx4TDo",Negative,0.5202389693870368
OR @phone OR @apple I FUCKING HATE YHIS OHONE OMG IM SO EMBARRASSED,Negative,0.9628346623707562
Why can't Apple meet demand for the iPhone 6? #AAPL http://t.co/niSTjt22ql,Negative,0.8690277998465378
"Wow, @Uber's $40B+ valuation would rank it No. 11 in Silicon Valley, behind the likes of @Apple, @Google, @facebook http://t.co/nLFvUJ2Ry7",Positive,0.6530347517893857
RT @shannonmmiller: Love the @Apple is supporting #HourOfCode with workshops! :) http://t.co/WP8D0FNjNu,Positive,0.9711467460915083
Dear @apple bring my phone quicker,Positive,0.5436284171757898
"IE, Chrome, and Firefox all now have public feature roadmaps...come on, @apple Safari!  Feel free to fork http://t.co/rmkflGk5ZH",Positive,0.6137324236071386
morning or should I say evening now that @apple replaced my crimped cord! http://t.co/xoaFbFKqTL,Positive,0.6919419637561858
"@jacobrossi yeah, seriously... why doesn't @Apple have one?  Good developer relations I think to have one.",Negative,0.6284469013720881
Apple: Facing A Challenge From Google's Android http://t.co/apqD7jWn7B #AAPL,Positive,0.6020567114667787
My @apple autocorrect changes Muslim to awesome and I'm okay with that,Positive,0.855692937358545
RT @hsmoghul: My @apple autocorrect changes Muslim to awesome and I'm okay with that,Positive,0.855692937358545
RT @hsmoghul: My @apple autocorrect changes Muslim to awesome and I'm okay with that,Positive,0.855692937358545
jdelaneyxo beta testing the newest @Apple product... The #iSee http://t.co/4hpgNUgOgj,Positive,0.821445149719834
hey @apple my 5s keeps glitching :/,Positive,0.718185155722736
Apple Antitrust Case Hangs in the Balance - http://t.co/CaHboVHRje @apple #antitrust #wow #ipod,Positive,0.5477232408598836
"Why @Apple, @Google, and @Facebook have their own programming languages. | https://t.co/G5NZ0xAeVH #code #analysis #web #tech #nerdup",Positive,0.5672379339051172
"Hey @Apple, every time you update iTunes you make it worse. And worse. #DontUpdateiTunes",Negative,0.7498808482619788
@britt_bumgarner @briannalengy I mean it didn't auto correct so who is really at fault here @apple,Negative,0.7797701686800685
@JessicaB515 @britt_bumgarner @Apple fight fight fight,Positive,0.6232682054002082
@briannalengy @JessicaB515 @Apple apple I'm gonna sue you for thatb,Negative,0.5519618602441241
12 Gift Ideas For The Apple Lover Who Has Everything http://t.co/0RTcyLOsAD @apple #technology,Negative,0.6135378193009524
Every time I change keyboards this come up. Like wtf @apple get your shit together http://t.co/A9cimyYod8,Negative,0.642027430620995
#AAPL:Taser CEO Sees Federal Funding Tripling Body Camera Business...http://t.co/IxDidngk4g,Negative,0.573456765342631
Things are happening @apple,Positive,0.5743979867495832
BREAKING: #NYC #EricGarnet protestors occupy @Apple story in #NY #ICantBreath 11x  LIVE @Rebelutionary_Z http://t.co/5y1RRbx0SC,Positive,0.6027142832078555
"@Apple [#Apple]'s #IPhone6Plus captures Christmas at the #White House. (#Friday, 5 #December) http://t.co/pPbHlIRhZZ",Positive,0.6236066211331186
4.5 min silence #MikeBrown #NYC protesters @Apple store @Stackizshort http://t.co/JceDzlgGuv #EricGarner #ICantBreathe #BlackLivesMatter,Negative,0.6823749402462045
Steve Jobs Deposition Video Shown in Ongoing iPod Class-Action Lawsuit http://t.co/jhvHYauA1P #AAPL,Positive,0.5916692196384744
#AAPL:Apple Could Face iPhone 6 Shortages Next Year...http://t.co/0rgAJF8TPX,Negative,0.6410344211060492
@apple last time I checked I thought I bought a iphone 6 not a slippery ass bar of soap disguised as one. I DIDNT DESERVE THIS,Negative,0.6114593471755618
Mark my words @apple wild do away with the iPhone 5c and bring back the 4' iPhone. The 5s is the ultimate form factor. Welcome iPhone mini.,Positive,0.6340246582072415
"#iPhone6c release date, #rumours and #leaked images: @Apple [#Apple] said to #be working .... (#Friday, 5 #Decem... http://t.co/zX2zMhpnEy",Positive,0.560111528392501
#NYC #EricGarner protesters stage 'Die In' @Apple store http://t.co/5y1RRbx0SC LIVE @Rebelutionary_Z #BlackLivesMatters #ShutItDown,Negative,0.6693999547982918
"The best link of the day on @usemuzli Tech: @facebook CEO Mark Zuckerberg goes after @tim_cook , @Apple -- AppAdvice
http://t.co/cDnZCthRlA",Positive,0.7065655614276469
@ErnestSzoka super-stoked about the new Only One update! Was hoping @apple would get to it today. Ah well. Great game! Great job!,Positive,0.6694874595719973
@stackizshort streaming now from @Apple #NYC 5th Ave. store http://t.co/ttUe4ykubs #icantbreathe #EricGarner #Ferguson #thisstopstoday,Negative,0.5813954366503735
@eliransapir @Apple ok duly noted,Positive,0.5672379339051172
RT @danielllebaker: Paid $20 for a new 5 charger and couldn't  b more pissed about it... this is rape @apple,Negative,0.844730983092413
"#mkt Final #AAPL #PutCallRatios for Friday, December 5, 2014:  http://t.co/lvK2RfkfBB",Negative,0.6620902726703102
"Final #AAPL #PutCallRatios for Friday, December 5, 2014 http://t.co/ALiZA7PcqF via Hamzei  $$",Negative,0.6389321996101127
@apple why isnt the WWA movie on iTunes,Negative,0.6495050776953037
Protesters in the @Apple store pretty much sums it up. Its like a gravitational pull. Shocked it took this long. Next stop? STARBUCKS!!,Positive,0.5820082781651568
"RT @OneRepublic: Studio at 45,000 ft.  One outlet,  4 computers.  @Apple we need the batteries of the future NoW!!!! http://t.co/astp9x6KET",Positive,0.6237907541110634
"RT @mrushh: hey @apple why is my phone dying when it's on the charger 
ur stuff sucks",Negative,0.8488896348684964
"@MrBeagleman @Apple 
If Starbucks shuts down, anon is decimated",Positive,0.6484260792193941
"RT @B30wu1f2: @MrBeagleman @Apple 
If Starbucks shuts down, anon is decimated",Positive,0.6484260792193941
I have to be honest. My once great fanaticism for @Apple is turning into an equally great dislike.,Positive,0.9035635803106726
"@apple, I really do know my mouse batteries haven't inceased in charge since the last time my mac told me they were low",Negative,0.7525161811373025
#chrome needs a fucking update ASAP. Why do @apple and @google play this stupid back n forth shit over software. #letmecreate,Negative,0.8896995349068169
"My phone died at 8%, why would you let this happen @apple?",Negative,0.9451253201438199
dang this phone fuckin sucks. fuck you @apple!!! piece of shit iPhone man. y'all disappoint me.,Negative,0.9393526217447128
Safari just crashed on me and I didn't have any tabs open wtf @apple,Negative,0.9016377831072138
"RT @OneRepublic: Studio at 45,000 ft.  One outlet,  4 computers.  @Apple we need the batteries of the future NoW!!!! http://t.co/astp9x6KET",Positive,0.6237907541110634
Hey @apple how about you guys make a charger that lasts more than 2 fucking weeks,Negative,0.5446799892548748
@MrBeagleman @Kronykal @Apple That coffee's not even fair trade!,Negative,0.5897287152457397
"@apple emojis en mac, pleaaaase! :(((",Negative,0.5280311741618019
"RT @OneRepublic: Studio at 45,000 ft.  One outlet,  4 computers.  @Apple we need the batteries of the future NoW!!!! http://t.co/astp9x6KET",Positive,0.6237907541110634
Apple CEO Tim Cook comes out as gay @Apple   http://t.co/euFQQpMjj6  Via @posh360_Net,Negative,0.5269272531734829
got some stuff @apple store &amp; @macys for men #FashionShowMakl,Positive,0.6484795539989486
"Final #AAPL #PutCallRatios for Friday, December 5, 2014 http://t.co/wBXasy5Xq9",Negative,0.6620902726703102
RT @Metzzler: Hey @apple how about you guys make a charger that lasts more than 2 fucking weeks,Negative,0.5446799892548748
RT @hsmoghul: My @apple autocorrect changes Muslim to awesome and I'm okay with that,Positive,0.855692937358545
"RT @mrushh: hey @apple why is my phone dying when it's on the charger 
ur stuff sucks",Negative,0.8488896348684964
Man the @ESPN3 app on @apple TV is some hot garbage.,Negative,0.5292020221326809
Had a job interview?No idea how to be @apple specialist in #students need teachers! It's a #humanrights issue http://t.co/VUs4pbszHw @DrArik,Negative,0.7677490200382412
"Just trying to buy a charger at @apple! #protest #nyc #wecantbreathe #5thave @ Apple Store, Fifth Avenue http://t.co/2WajgyBxED",Negative,0.81612090904538
"If you have an iPad 2, DON'T update it to iOS8, it's buggy and slow! #apple @apple",Negative,0.7943386051776324
Id appreciate a 3-way FaceTime feature @apple,Positive,0.8100298930436751
@Apple fix your ios8 garbage software mix in an update ASAP,Positive,0.5596584528492372
WHAT THE HELL @apple,Negative,0.6119419793226331
Cyndi Lauper and Cinna- my big ask* phone on TV @apple #iphone6plus @ Rockefeller Center http://t.co/xk2u5vzaBE,Positive,0.678481165090235
"#UBS #Increases @Apple [#Apple]'s #iPhone6 Sales, #Revenue And EPS. (#Friday, 5 #December) http://t.co/5eDlBX0iSE",Positive,0.6797702110572554
"CGK had laptop prob today.  @apple  Local #, useless. Tech support, useless. 1 hr at Genius Bar, useless.  Buy a PC next time?",Positive,0.5732676915737304
@Cleosbaby64 @Apple @stackizshort Thank You Good Coverage W/ NoFear,Positive,0.9135163705522492
RT @FullCircleOne: @Cleosbaby64 @Apple @stackizshort Thank You Good Coverage W/ NoFear,Positive,0.9135163705522492
@fullcircleone ThanX! Big @Apple ThanX goes 2 @stackizshort &amp; @Rebelutionary_Z on the ground #Ferguson2NYC #BlackLivesMatter #ICantBreathe,Positive,0.8237205225439986
@Cleosbaby64 @Apple @stackizshort @Rebelutionary_Z Have NoFear,Positive,0.5672379339051172
"#AAPL:Apple Loop: iPhone 6S Rumors, The Myth Of Steve Job's Garage, iPhone 6...http://t.co/GwQ3JqikZd",Negative,0.5399154745060166
"the silicone on my case is peeling, wtf @apple",Negative,0.6113988524476754
We need more products like .@Aviate Companies like .@BlackBerry &amp; .@Apple need to embrace the customization of quality themes.,Positive,0.5380532410578798
"Y'all petty as hell, @Apple...",Positive,0.5173549940101511
"RT @OneRepublic: Studio at 45,000 ft.  One outlet,  4 computers.  @Apple we need the batteries of the future NoW!!!! http://t.co/astp9x6KET",Positive,0.6237907541110634
"@apple http://t.co/rOyOwjfiW5 What a nice piece of crap you've created. Great job. Pay more, get less, #crapple #fail",Positive,0.620525592696058
"RT @OneRepublic: Studio at 45,000 ft.  One outlet,  4 computers.  @Apple we need the batteries of the future NoW!!!! http://t.co/astp9x6KET",Positive,0.6237907541110634
"RT @OneRepublic: Studio at 45,000 ft.  One outlet,  4 computers.  @Apple we need the batteries of the future NoW!!!! http://t.co/astp9x6KET",Positive,0.6237907541110634
@chantalireland @Apple Slab Pie sounds amazing. Do you have a link?,Positive,0.8402260776097871
fuck u @apple,Negative,0.7304149368746512
@tim_cook @therealjonyive #iosissues @ios8problems @Apple More issues. Now safari. I want jobs quality control back. http://t.co/W2754JV0dI,Negative,0.7068339656934799
Since when did @apple stop replacing iPhone units due to defect? Just because I have some scratches on my phone doesn't mean I dropped it.,Negative,0.9251275120215269
@AppleOfficialll @apple on hold 45 minutes 2 update credit 4 2 yr old to watch sleeping Beauty,Positive,0.5711039708174729
@apple on hold 56 min....,Negative,0.5012829830152588
"@surface @apple @Microsoft at last it is good to see competition heating up, great for consumers. http://t.co/K1U91LyamY",Positive,0.8996905080263917
"Trade $AAPL #FREE Nightly Updates are #posted here on #Twitter, or you can visit the #Trade #AAPL FREE #website here http://t.co/U4TKeApbxF",Positive,0.6880863740034503
My phone is plugged in and losing battery. Thanks @apple,Negative,0.6358503355432144
@tim_cook someone anyone 2 help @apple,Negative,0.6365511811682086
@5SOS OMG THIS WOULD ACTUALLY BE A RLLY CUTE EMOJI @apple,Positive,0.8104878258209901
"Hitting below the belt! @Apple 'deleted' rivals' music from iPods, court hears. http://t.co/QiyqAukvc1 #musicnews",Negative,0.6721741717154679
"@marxculture @AppleUK_ @Apple ugh, I'm no longer a dev, remember? I now wear a suit. Oh wait, I don't like suits :) Yeh I'll probly do it...",Negative,0.8159156885278532
Ha ha @NY1 just reported that the 'lie in' at @apple was more organized then the normal big crowds that they're use to #ShutItDown,Positive,0.7305221858211446
"RT @OneRepublic: Studio at 45,000 ft.  One outlet,  4 computers.  @Apple we need the batteries of the future NoW!!!! http://t.co/astp9x6KET",Positive,0.6237907541110634
Apple Inc. To Expand Retail In India http://t.co/OKI5uOW7au #AAPL,Negative,0.5924736914022919
i went from @Samsungtweets to @apple #overnight #whathappened,Negative,0.5705269129527476
@apple DUCK OFF,Positive,0.6630594490661728
HOW TF DO U EVEN GET LASAGNA AND LARYNGITIS MIXED UP WTF @apple,Negative,0.6120030435442634
@apple @stevejobs @iTunesMusic yooo fam it's been 48 hours where's my email back I need that @JColeNC album when it drops,Negative,0.6936932200663642
"@apple BS that US-purchased iPhone 5 not covered by battery replacement program (https://t.co/LUWqKtRW1g) in India. Arbitrary, unfair. Fix!",Negative,0.8052389568371416
Even the @Apple #NYC flagship store wasn't spared a visit from the #EricGarner protests @verge: http://t.co/xEuDG7rAN7,Negative,0.8149828927342071
Protestors taking over an @apple store.  Really?  Can't find a government office or something that will make change.,Negative,0.8078660570836308
"RT @OneRepublic: Studio at 45,000 ft.  One outlet,  4 computers.  @Apple we need the batteries of the future NoW!!!! http://t.co/astp9x6KET",Positive,0.6237907541110634
RT @WolfInPigsCloth: Even the @Apple #NYC flagship store wasn't spared a visit from the #EricGarner protests @verge: http://t.co/xEuDG7rAN7,Negative,0.8149828927342071
RT @WolfInPigsCloth: Even the @Apple #NYC flagship store wasn't spared a visit from the #EricGarner protests @verge: http://t.co/xEuDG7rAN7,Negative,0.8149828927342071
"RT @jamisonfoser Hi @Apple please kill iTunes with fire and start over,",Negative,0.5288541785986016
"@apple what is my iPhone not know the difference between too, two &amp; to",Negative,0.5472328626295813
MY LAPTOP WONT FUCJING TURN ON OR CHARGE I DIDNG PAY 10000000000 FOR THIS @APPLE,Negative,0.7830550732583744
AFP requests to Apple reveal 'get a warrant' pushback http://t.co/7zH5iMaGow @zdnetaustralia @Apple are #tax #evaders ripping off Aussies,Negative,0.5606489033990872
@Apple YH News Apple's antitrust lawsuit may not have any plaintiffs: The lawyer suing Apple for antitrust may...  http://t.co/hNuWafq0sI,Negative,0.5066813167936939
"#apple - #Samsung back in courts
@Apple 
@SamsungMobile http://t.co/7sbfUaH5gx",Negative,0.6102764447463235
YO YOU AINT SHIT @apple,Negative,0.8051725303011503
my calls wit amanda keep ending @apple fix urself,Positive,0.522674499693194
RT @lukesmut: my calls wit amanda keep ending @apple fix urself,Positive,0.522674499693194
"#apple to expand #retail in #India by opening 500 new stores.

@Apple http://t.co/rzhMzoQE1v",Positive,0.6255603285778154
"#apple to expand #retail in #India by opening 500 new stores.

@apple http://t.co/XNuYh1bhWB",Positive,0.6255603285778154
"Trade $AAPL #FREE Nightly Updates are #posted here on #Twitter, or you can visit the #Trade #AAPL FREE #website here http://t.co/U4TKeApbxF",Positive,0.6880863740034503
@Jman98jlb @San0529 my phone does it automatically for some reason. Kinda dumb. Thanks @Apple,Positive,0.7471578222705432
RT @hsmoghul: My @apple autocorrect changes Muslim to awesome and I'm okay with that,Positive,0.855692937358545
I can't queue songs on an iPhone @apple @timcook #FixIt,Negative,0.878879368252044
RT @hsmoghul: My @apple autocorrect changes Muslim to awesome and I'm okay with that,Positive,0.855692937358545
RT @hsmoghul: My @apple autocorrect changes Muslim to awesome and I'm okay with that,Positive,0.855692937358545
@daviddavidw @AugustSmartLock you know what #sucks ? @apple stores have had these locks weeks before many who preordered. #smh,Negative,0.6115917944751046
"RT @OneRepublic: Studio at 45,000 ft.  One outlet,  4 computers.  @Apple we need the batteries of the future NoW!!!! http://t.co/astp9x6KET",Positive,0.6237907541110634
@OneRepublic @Apple Working hard for album 4,Negative,0.5593917754783384
I'm still mad @apple,Negative,0.9146813212002987
@tehhGOAT @Apple do you by accident have me blocked or?,Negative,0.8696690281331305
You'd think safari would work well since it's an apple product but no it's been freezing constantly. Such crap products @apple,Negative,0.7209109840660173
Khloe Kardashian has a black iPhone 6 but I still don't have mine???... @Apple whats going on huh? picking favorites? you biased fucks,Negative,0.7839647599362194
Real tired of my charger breaking every month @Apple,Negative,0.7885797117973421
RT @paisley_smithh: Real tired of my charger breaking every month @Apple,Negative,0.7885797117973421
@apple fix os x please.,Negative,0.5217969559976625
Can we have 3-way calling on FaceTime calls and the ability to move between devices seamlessly @Apple @TimCook @God,Positive,0.6174364928265524
"Thanks!!!, RT @axolROSE: Can we have 3-way calling on FaceTime calls and the ability to move between devices seamlessly @Apple @TimCook @God",Positive,0.8700993563741015
#OVER fab photo edit app @Apple http://t.co/oOMLujFr9z,Positive,0.5467173385291093
"Like, once I pick up a call on my dying iPad, I want to be able to switch it to my MacBook before my iPad.. @apple @timcook @god",Negative,0.8335937616426421
"RT @OneRepublic: Studio at 45,000 ft.  One outlet,  4 computers.  @Apple we need the batteries of the future NoW!!!! http://t.co/astp9x6KET",Positive,0.6237907541110634
"RT @OneRepublic: Studio at 45,000 ft.  One outlet,  4 computers.  @Apple we need the batteries of the future NoW!!!! http://t.co/astp9x6KET",Positive,0.6237907541110634
My messages aren't sending...@apple tf is going on,Negative,0.6295415647711202
#AAPL:Corrupt Apple exec sentenced to 1 year in prison...http://t.co/uCQYyBqrgM,Negative,0.5545795772057123
Follow all developments in the #AAPL DRM trial that is finally underway. https://t.co/W9mVJwhtNQ,Positive,0.9377054856464923
@apple #apple corporate raiders selling weak products that stop working within weeks&amp;apple gets out of warranty by claiming dampness,Negative,0.6372428527181573
RT @swerviinnn: My messages aren't sending...@apple tf is going on,Negative,0.6295415647711202
@apple I think Steve Jobs would have been proud. #ICantBreathe http://t.co/PKKmKyLSPt,Positive,0.8510633411174887
it's not even programs i use @apple http://t.co/eND84phugU,Positive,0.5165536330571392
@swerviinnn @Apple maybe stop being a whore for once and sleep,Negative,0.5081550474163541
@swerviinnn @Apple clearly its a sign they doing u a favor,Positive,0.7195946312698069
my notifications are so messed up thank u @apple,Positive,0.7348399128955688
"@jimmymujaj @Apple it works again fucker, not being a hoe if it's only one person SMD",Positive,0.7971886207341269
@swerviinnn @Apple multiply by 100,Positive,0.7530231669046844
@swerviinnn @Apple you are very hostile tn,Positive,0.5672379339051172
Apple CEO Tim Cook comes out as gay @Apple   http://t.co/euFQQpMjj6  Via @posh360_Net,Negative,0.5269272531734829
"@Google, @Apple @Unilever are the world's most in-demand employers @LinkedIn",Positive,0.5854092912108005
@applenws @Apple @AppleProducts Ok yall need to reverse my phone back to iOS 7 bc I can't do this anymore,Negative,0.9689231509164766
"RT @OneRepublic: Studio at 45,000 ft.  One outlet,  4 computers.  @Apple we need the batteries of the future NoW!!!! http://t.co/astp9x6KET",Positive,0.6237907541110634
"Hey @Apple - hundreds of  black, white, brown, yellow #EricGarner protestors bum-rushed yo store to stage a Die-In &amp; nothing was stolen. Xo",Positive,0.6836507785417208
@DustynMichael got enough @apple  products? http://t.co/nts3ebIxAL,Negative,0.5216921219612671
Frustrated after unsuccessfully trying to fix outgoing SMTP configuration. &lt;3 @Apple but this is unacceptable #YosemiteProblems #apple #help,Negative,0.6259627289198251
@abbey_ivey here ask my friends @ @apple,Positive,0.8443077715956315
@itsblaney hey @Apple why is this happening to my phone,Positive,0.697343216737228
#AAPL:Steve Jobs Gives Posthumous Testimony In Apple Trial...http://t.co/dZugalT158,Positive,0.7060577771208616
@Apple I'm so done with your products like what kind of a FaceTime call is this @AppStore http://t.co/lxKI8qrlc1,Positive,0.6840761864036555
THE WORLD'S FIRST MURDER VIA FACETIME THANK YOU FOR THIS INNOVATION @Apple http://t.co/Rz8es3q3fj,Positive,0.8590307856913983
RT @ehsonakbary: THE WORLD'S FIRST MURDER VIA FACETIME THANK YOU FOR THIS INNOVATION @Apple http://t.co/Rz8es3q3fj,Positive,0.8590307856913983
RT @ehsonakbary: THE WORLD'S FIRST MURDER VIA FACETIME THANK YOU FOR THIS INNOVATION @Apple http://t.co/Rz8es3q3fj,Positive,0.8590307856913983
. @apple I don't think the '59' should be so close to the '00' when setting an alarm on an iPhone. Many times I have fallen victim to this.,Negative,0.7992700724191181
"Apple: $115 fits to 8.4% increase in earnings. Use 2014Q3 EPS=$1.42 in  #free IOS App Donkey Stocks. #AAPL
https://t.co/pyU6cuTYrX",Positive,0.5661495618613696
RT @ehsonakbary: THE WORLD'S FIRST MURDER VIA FACETIME THANK YOU FOR THIS INNOVATION @Apple http://t.co/Rz8es3q3fj,Positive,0.8590307856913983
RT @LawKitson: Wut? @apple can I have my money back? kthx http://t.co/zVp7MUZDAM,Negative,0.7028570222652809
"Apple: $115 fits to 8.4% increase in earnings. Use 2014Q3 EPS=$1.42 in  #free IOS App Donkey Stocks. #AAPL
https://t.co/8CBUgrEHZS",Positive,0.5661495618613696
"Please @Google, replace Java for another language. Follow @Apple's example, innovate!",Positive,0.8277221808984329
@briankardell @jacobrossi @Apple Apparently even the info if a bug is going to be fixed must be kept secretly. Apple says f*** you to devs.,Negative,0.8479030473475481
North Koreas cyber spies exposed  http://t.co/O7PgXdzydl  @cia @fbi @secretservice @DeptofDefense @dhsgov @usnato @BillGates @apple @android,Positive,0.6076756083725812
#AAPL:Apple's iPhone 6 Lead-Times Still Longer Than Previous Models...http://t.co/2Bgo33v309,Negative,0.8332311641123182
"If you plant an #apple seed, it is almost guaranteed to grow a tree of a different type of @Apple @appletweets__",Positive,0.5947563974155782
The company crushing @Apple and Samsung in China is making an amazing super-cheap phone http://t.co/55GmnhluXz http://t.co/hxOFXT7Lm7,Positive,0.6604244728160406
@illogikal @Apple nigga fuck yo couch lol,Negative,0.5296105526724573
RT @hsmoghul: My @apple autocorrect changes Muslim to awesome and I'm okay with that,Positive,0.855692937358545
Pretty cool ;) stage set at @apple #cwb for @GA_HongKong panel talk on HK's top Instagrammers @instagram #instasavvy http://t.co/YiTBtNcnJ3,Positive,0.8536197218836779
The stage is set at @apple #cwb for @edwardkb @lielaineyl @cc_nimbu @jethromullen Vivien Liu #instasavvy http://t.co/51HQnC7S2O,Positive,0.5894154535377709
When you request custom gift wrap from @apple ... Don't do it ... http://t.co/DoenA0e8nx,Positive,0.5701761388090535
"Facebook CEO Mark Zuckerberg criticizes Apple $AAPL #aapl
http://t.co/EVrsNVdeXe",Positive,0.594237759909518
Can @Apple survive the 2014 Holiday? Investors Say Yes.  http://t.co/N65qhPiM8K,Positive,0.7964444008068721
"Apple Could Face iPhone 6 Shortages Next Year $AAPL #aapl
http://t.co/VpMOXOBFJh",Negative,0.6410344211060492
RT @TheStreet: Can @Apple survive the 2014 Holiday? Investors Say Yes.  http://t.co/N65qhPiM8K,Positive,0.7964444008068721
"Apple Inc. Campus 2 Has $161M Auditorium, $74M Fitness Center http://t.co/9KQhafCbCi #AAPL",Positive,0.5184633695799805
@Apple can you fix your devices!!! Some albums are not available on iTunes I download illegal and this happens. http://t.co/NOdur7Nb8C,Negative,0.7298299729881197
"a split in The Valley on user data? @Apple says, 'totally.' @facebook &amp; @google say,'like, whatever!' #titianfight http://t.co/thGzQY9POH",Positive,0.674588954767839
$aapl @Apple survive the 2014 Holiday? Investors Say Yes.  http://t.co/RanqKt2Q9n'#roc #NYC #California #SanFrancisco #tech #christmas2014,Positive,0.7964444008068721
"Apple Has A New Critic, Mark Zuckerberg $AAPL #aapl
http://t.co/KBMauRHHEp",Positive,0.7029193418290249
RT @TheStreet: Can @Apple survive the 2014 Holiday? Investors Say Yes.  http://t.co/N65qhPiM8K,Positive,0.7964444008068721
"@Apple [#Apple] #Loop: #iPhone6S Rumors, #Steve Job's Garage Myth, iPhone 6C Speculation. (#Saturday, 6 #December) http://t.co/kZ27zJxqhf",Negative,0.5203135473967913
"Apple plans big India push with 500 stores $AAPL #aapl
http://t.co/T9btLKHl74",Negative,0.6643413470014565
"iPhone 7 Release Date With Top 10 Most Needed Features $AAPL #aapl
http://t.co/6jmAQkj3rj",Positive,0.7373262104030448
"Well, it seems that @Apple did not start in a garage after all http://t.co/0Qhr6dhQHZ #business #tech",Positive,0.5404024184051646
"RT @OneRepublic: Studio at 45,000 ft.  One outlet,  4 computers.  @Apple we need the batteries of the future NoW!!!! http://t.co/astp9x6KET",Positive,0.6237907541110634
"On December 11th, @Apple will be hosting Hour of Code programming workshops  via @9to5Mac http://t.co/wD82vIeXw7",Positive,0.5279250731206782
"Apple's iPhone 6 Lead-Times Still Longer Than Previous Models $AAPL #aapl
http://t.co/5WrRKLCXvN",Negative,0.8332311641123182
"RT @OneRepublic: Studio at 45,000 ft.  One outlet,  4 computers.  @Apple we need the batteries of the future NoW!!!! http://t.co/astp9x6KET",Positive,0.6237907541110634
"UBS Sees More Apple iPhone Sales $AAPL #aapl
http://t.co/WyawCVLvne",Negative,0.5923289811042523
@stevewoz @AMCTheatres Steve Woz sits down with an @apple II computer and @BloombergNews https://t.co/ygJZxroDXV,Positive,0.6019095859771466
@stevewoz watcha doing there with the soldering iron woz at @BloombergNews  and the @apple II computer are you swapping caps?,Positive,0.5840646005107002
"Steve Jobs defends Apple from the grave in iPod lawsuit 
$AAPL #aapl
http://t.co/L5rxeW2zKp",Negative,0.5202389693870368
Can @Apple sTOP making their OS installations so damn bloody difficult STOP ASKING ME TO CLEAR SPACE FROM MY HARD DISK,Negative,0.7427713907062921
#AAPL:Apple Inc. (AAPL): Is The Run Over?...http://t.co/Tv2iXZ2r92,Positive,0.5287248489908926
"Apple's Dilemma With Apple TV  $AAPL #aapl
http://t.co/pFXEUXeU3u",Negative,0.5557220947943715
@Apple Planning to Open 500 iStores in India :http://t.co/HhRlHFcdUP,Positive,0.5325145427166442
RT @muchtech: @Apple Planning to Open 500 iStores in India :http://t.co/HhRlHFcdUP,Positive,0.5325145427166442
"RT @JPDesloges: Apple's Dilemma With Apple TV  $AAPL #aapl
http://t.co/pFXEUXeU3u",Negative,0.5557220947943715
I'm learning all about Apple iPad mini Smart Cover - Pink (MD968LL/A) at @Influenster! @Apple http://t.co/TM9cc0fxvT,Positive,0.7953776787720948
"Tax Reform: What to Expect From the New Congress $AAPL #aapl
http://t.co/LKfCA2MkdR",Positive,0.7131738419321382
@Apple #Patents iPhone Drop Protection Mechanism That Changes Device Angle InåÊFreefall http://t.co/PG9Hg8J2Xi via @techcrunch #WickedSmart,Negative,0.7031559940264731
"Apple pivoting iPad education strategy to regain its footing $AAPL #aapl
http://t.co/RWiHidT3Ft",Negative,0.5557220947943715
Dear @Apple:  Where the ever-lovin' heck did you put the navigation arrows in the iTunes store? Do you even use your own software?,Negative,0.6299474078170617
@hoos @apple do not navigate it in this way,Positive,0.6908729874390269
"@apple bought a new iPhone 6, never gets reception in the same places my 4s did and battery life is worse. #nomoreapple",Negative,0.7670092431994996
Thank you to the nice lady at @Apple in #RegentsStreet for helping me grab my phone today ^_^ You are a life saver!,Positive,0.8558406248431103
Nigga my phone has froze 3 times today &amp; it's not even 11 am tf @Apple,Negative,0.5828615879610768
"RT @Vito_sfam: Hey @apple, the battery of my iPhone drops down like my cock when I see a gay porn on the xvideos' main page. Fix this shit!",Negative,0.6117593179469833
"Mark Zuckerberg's Newest Frenemy: Tim Cook $AAPL #aapl
http://t.co/PzNcxFZ68S",Positive,0.7782375781498834
@deet @Apple I'm a rebel (sometimes aka a Luddite).  :p  :),Positive,0.5718734843971743
"RT @Vito_sfam: Hey @apple, the battery of my iPhone drops down like my cock when I see a gay porn on the xvideos' main page. Fix this shit!",Negative,0.6117593179469833
RT @AllisonSalz: When you request custom gift wrap from @apple ... Don't do it ... http://t.co/DoenA0e8nx,Positive,0.5701761388090535
"UBS Increases Apple's iPhone 6 Sales, Revenue And EPS $AAPL #aapl
http://t.co/HgXz2qMVUE",Negative,0.5423268784890861
'@timesofindia: #Facebook CEO Mark Zuckerberg criticizes Apple http://t.co/ifdorJf6u0 http://t.co/DxvZFy5djv' his iPhone 6+ bend! LOL @Apple,Positive,0.5163814689015017
Who annoys me more @at&amp;t or @apple @SamsungMobileUS  here I come for a galaxy s5,Positive,0.5565581763512047
Just got the iPhone 6+ @apple,Negative,0.7342854781648573
"RT @OneRepublic: Studio at 45,000 ft.  One outlet,  4 computers.  @Apple we need the batteries of the future NoW!!!! http://t.co/astp9x6KET",Positive,0.6237907541110634
Left the hoos we 100% now got 50 iPhones are dire @apple suck ur mum,Negative,0.7999633582483304
RT @barrrymitchell: Left the hoos we 100% now got 50 iPhones are dire @apple suck ur mum,Negative,0.7999633582483304
"RT @Vito_sfam: Hey @apple, the battery of my iPhone drops down like my cock when I see a gay porn on the xvideos' main page. Fix this shit!",Negative,0.6117593179469833
"@GiveAwaylPhone5 @BoysQuotations and done I should have won like 5 times alreadt, whats the deal @apple??",Positive,0.6644974799871503
UBS Sees More Apple Inc (AAPL) iPhone Sales http://t.co/RBAa0cIdbE #AAPL,Negative,0.5923289811042523
"#AAPL:Apple Loop: iPhone 6S Rumors, Steve Job's Garage Myth, iPhone 6C Specu...http://t.co/GwQ3JqikZd",Negative,0.5399154745060166
"RT @Vito_sfam: Hey @apple, the battery of my iPhone drops down like my cock when I see a gay porn on the xvideos' main page. Fix this shit!",Negative,0.6117593179469833
I was having wireless drop off connections issues (net interruptus) with my macbook pro. Upgraded to Yosemite. Problems disappeared. @apple,Negative,0.8547007784464704
@Apple why is flag next to delete in email? Wouldn't it make more sense next to Mark as unread on the other side? accidentally deleting,Positive,0.6273473190549154
.@Apple USE THIS 4 UR NEXT AD #funconvo http://t.co/rjPyqmFlWa,Positive,0.7302892236648741
"Major crisis avoided @apple. You guys were able to restore my daughter's  #iPhone. Great service, thanks. #5starservice",Positive,0.7689520780686105
RT Different is Normal http://t.co/6cbUmYzRlm + #FrankCaliendo #IanSomerhalder #RyanDorsey #DanBilzerian #AAPL,Positive,0.783891829794122
Apple's PT raised by Barclays to $140.00. overweight rating. http://t.co/PXFAA3FVRN $AAPL #AAPL via @RatingsNetwork,Positive,0.556903593355219
Most Recent Apple Inc. Lawsuit Hurts Share Price http://t.co/olF6IGu65g #AAPL,Negative,0.7073490553255317
Apple Inc's Brand Value Jumped 21% -- Here Are 3 Companies Soaring Even ... http://t.co/1uquSOjXLm #AAPL,Negative,0.5920014606949128
@lanadelreystan KILL YOURSELF @apple,Negative,0.5856957067753739
Top Expert Consensus for $AAPL is Moderate Buy https://t.co/fVKriCdeDZ #NASDAQ #stocks #AAPL,Positive,0.6620839876978107
"Man I'm @Apple everything
But this @Google Chromecast is pretty sweet!!",Positive,0.7629304046736359
"JMP Securities Thinks Apple, Inc. Is Going to $150: Time to Sell? http://t.co/0K1VgDqHqE #AAPL",Negative,0.606479171834128
It's been over a month of store visits and calls and still my iPhone doesn't receive texts from non @apple or @ATTCares customers #fail,Negative,0.8140092432918505
Not sure who is worse @ATT @Apple vacations or @SovereignBankUS,Negative,0.7150570956710638
#AAPL:Steve Jobs Defends Apple in Taped Deposition...http://t.co/7oXigddEQU,Positive,0.6226444095518087
"Dear @apple , please find a solution to this, it happens with all of your cords: http://t.co/MsnP6PI2O9",Negative,0.6250390952681288
'@WhoaBiebz: GET YOUR SHIT TOGETHER OR I'LL GUY A SAMSUNG GALAXY S5 @APPLE' http://t.co/LEHpmkxK0a,Positive,0.5412245464350871
RT @chemixcalbieber: '@WhoaBiebz: GET YOUR SHIT TOGETHER OR I'LL GUY A SAMSUNG GALAXY S5 @APPLE' http://t.co/LEHpmkxK0a,Positive,0.5412245464350871
#AAPL:Here's The Perfect Gift For Any Apple Fan...http://t.co/uNPTO1gjbL,Positive,0.7028071766583395
RT @chemixcalbieber: '@WhoaBiebz: GET YOUR SHIT TOGETHER OR I'LL GUY A SAMSUNG GALAXY S5 @APPLE' http://t.co/LEHpmkxK0a,Positive,0.5412245464350871
Apple Inc's Brand Value Jumped 21% -- Here Are 3 Companies Soaring Even ... http://t.co/oYaZb1Xeed #AAPL,Negative,0.5920014606949128
Why are your phone chargers so terrible @apple Fix this @Jesus,Negative,0.8050589280126055
RT @QueenCleo_92: Why are your phone chargers so terrible @apple Fix this @Jesus,Negative,0.8050589280126055
@apple y'all shitty,Negative,0.6637874031201154
@apple @TMobile @tim_cook @JohnLegere there is an issue with apple and T-Mobile and calls on LTE dealing with both companies for weeks now,Negative,0.5860767294919322
@Apple @TMobile @tim_cook @JohnLegere 128 iPhone6plus and 128 iPhone6 (lots of cash spent) help...please!,Negative,0.5686391271989524
It shouldn't take a whole week to replace my harddrive @apple this is ridiculous I have homework to do,Negative,0.6707091577130146
"@NorthmanTrader ...and there are many more short candidates,  like #AMZN #NFLX #PCLN even #AAPL.  #SMH is parabolic.  We are close, I sense",Positive,0.5795469166561716
"NO @apple NO! When I make an I phone Album I WANT IT TO STAY ON PHONE, not be removed when camera roll cleared.. GET IT TOGETHER!",Negative,0.5640688180618885
"NO @apple NO! When I make an I phone Album I WANT IT TO STAY ON PHONE, not be removed when camera roll cleared.. GET IT TOGETHER!",Negative,0.5640688180618885
"Happily, @apple restored my faith in them today at their Arndale Store following my earlier complaint.",Negative,0.559888552455583
"Who in the hell @apple thought, let's put the volume display in front of a video. Absolutely dumb. Miss video every time you adjust volume.",Negative,0.541447248280742
#Siri/#Passbook Integration: @Apple Hiring Maps Engineer to Work on Improved Community #Crowdsourcing http://t.co/vMZtQBcImS,Negative,0.6440547441606677
Seems similar to @Apple or @Google doing a cloud backup of my pictures. #OnlineFootprint #ModicumOfPrudence,Negative,0.5469232258858643
"Fans scramble for #iPod Classic, the music player #Apple killed off #aapl

http://t.co/ARjJvuI3b6",Positive,0.5054920418170615
Just had to buy a replacement phone charger for my son's iPhone. $40. That's why I'll never buy and @apple product for myself. Just greedy.,Negative,0.6890604662894363
"RT @OneRepublic: Studio at 45,000 ft.  One outlet,  4 computers.  @Apple we need the batteries of the future NoW!!!! http://t.co/astp9x6KET",Positive,0.6237907541110634
Apple's PT raised by Bank of America to $130.00. http://t.co/Pw11L9wMMe $AAPL #AAPL via @RatingsNetwork,Negative,0.6821607312535598
@WEMO any work on #homekit integration with @apple ?? Looking to purchase but want to get something that is #homekit ready,Negative,0.6935374291360463
"Besides buying basic necessities: gas, groceries, etc, #ShutItDown by not buying from @McDonaldsCorp @apple @Starbucks @Walmart #Ferguson",Positive,0.5824800942839915
Thanks for pushing me into #yosemite @apple it has been the #WORST so slow and clunky. #cantgoback #misssnowleopard #whathappened,Positive,0.7717599085564183
"@Apple @iCloud Family in-app purchase approvals broken since Friday? You might have some very unhappy, money-losing developers come Monday.",Negative,0.6958087758999503
@Apple the no caller ID thing is scary as heck and I suggest you stop it,Negative,0.6099298313398263
"RT @OneRepublic: Studio at 45,000 ft.  One outlet,  4 computers.  @Apple we need the batteries of the future NoW!!!! http://t.co/astp9x6KET",Positive,0.6237907541110634
@wearsy on apple you seem to need a us bank card to do that.  @apple I hate you,Negative,0.9597486272694072
MY T-MOBILE/APPLE CELLULAR HELL! http://t.co/Gs9wNwmawu @apple @TMobile #iPhone6 #iPhone6Plus #Apple #TMobile #tech http://t.co/auHhLb0Plv,Negative,0.6119419793226331
HATE @APPLE SO MUCH. RUIN MY LIFE,Negative,0.863730317251097
that yosemite update is so annoying i regret installing it -_- @apple sort out your shit bro,Negative,0.59365325110864
@aaronpaul_8 @YoBitch you have to do an android version...  or I'll change to @apple @iPhone,Negative,0.5345465405289013
fuck u @apple ur chargers are made like shit,Negative,0.6999684145725809
"ICYMI: iPads are Changing the Way Children Learn in the Classroom http://t.co/ml73T97RBG #Education, #Tech, @Apple, @BoyneCityPS",Positive,0.6530128659433525
@Apple YOU'RE NOT EVEN THE REAL FUCKING APPLE COMPANY WHAT THE FUCK AM I SUPPOSED TO DO,Negative,0.7663608790607808
T-MOBILE/IPHONE CALLING PROBLEM WORK AROUND http://t.co/9EGYFOHeXk @TMobile #TMobile @apple #Apple #iPhone6 #tech http://t.co/0NJBQBrVhZ,Negative,0.5071423609496472
Die ins staged @Macys and @apple gives me food for thought and peaceful demonstrations. #thinkbeforeyoubuy,Negative,0.5521638499369385
"@Apple Watch's high-priced fashion focus on the mark, survey says http://t.co/sujgrCk69t #SNRTG #BMRTG #BTRTG",Positive,0.7147243191195856
Mobile companies really need to learn from @apple @oneplus they don't roll out phones left right &amp; center and yet have strong fan following,Negative,0.6389026498615691
Our @Apple app is coming soon! Still in production!  #HypedTunes,Positive,0.5870243331823609
Day 6 of our #Holiday #Giveaway! To ensure you stay in touch on the go we have the best brands incl. @apple &amp; @amazon http://t.co/uhbvEh7R0f,Positive,0.8498683833231974
@michael_stephen @Apple sorry forgot you were on  apple device...on @Lumia that was process,Negative,0.9133716684891319
"Mark Zuckerberg's Newest Frenemy: Tim Cook: Motley Fool: Throughout 2014, #Apple (NASDAQ: #AAPL) has taken a h... http://t.co/VoV6FEizKt",Positive,0.6604503534313062
"'#Trademark Confusion: While @Apple App Store #Trademark was rejected in Australia, it's been approved in Europe &amp;...http://t.co/eAsponshkf'",Positive,0.5758347827090078
my phone is so slow now that i updated to ios 8 im so angry @apple fix this,Negative,0.7235391096453334
@apple yo when ya coming out with the charger case for the 6? Hurr Up,Negative,0.6196702222538136
I HAVE BEEN THROUGH ABOUT 18 IPHONE 5 CHARGERS @apple @stevejobs @WTF @!!!!!!!!!!!! @notcool,Negative,0.7629389301729621
RT @keelzy: I HAVE BEEN THROUGH ABOUT 18 IPHONE 5 CHARGERS @apple @stevejobs @WTF @!!!!!!!!!!!! @notcool,Negative,0.7629389301729621
"The iPhone 6 autocorrects BeyoncÌ© to the proper spelling with capitalization and the accent. Thank you @apple , took you long enough.",Positive,0.5591322074711177
Review: Harman Kardon Esquire Mini is the best iPhone speakerphone you ... - http://t.co/Fn5X3aeIXw #AAPL #EsquireMini #HarmanKardon,Positive,0.6858283189993848
@apple can i exchange my iphone for a different color lmao  i changed my mind,Positive,0.6501705916086464
Dear @Apple thank you for inventing brightness dimmers for iPhones because my hungover self could not handle it otherwise,Positive,0.542415882225056
"@Apple [#Apple] #Loop: #iPhone6S Rumors, #Jobs And Wozniak's Garage Myth, iPhone 6C .... (#Saturday, 6 #December) http://t.co/o4cQFQgMyv",Negative,0.568420868228489
@KateUpton Too bad your addition does nothing to improve the non-existent customer service of @gameofwar @apple @WIRED @CNN @FoxNews #fail,Negative,0.77707767820308
@apple I cannot see the airplay icon on my macbook air in order to show whats on my computer screen onto my TV through apple tv,Negative,0.621392412021659
@Apple Love #ApplePay and its security features.  Pls. make it work with iTunes 2 eliminate need for my cc info. I'll pay ahead. #PayItSafe,Positive,0.7031734842309122
"Geez @apple I will have my mac by the 3rd of January, I won't postpone any longer.",Negative,0.8462573641414053
@BlackBerry I kinda feel sorry for @Apple tho. #GoodJob with your last product guys!,Negative,0.8080774693988958
"#AAPL:Apple Loop: iPhone 6S Rumors, Jobs And Wozniak's Garage Myth, iPhone 6...http://t.co/Zhmp5JZhvi",Negative,0.6164947114753678
Apple CEO Tim Cook comes out as gay @Apple   http://t.co/euFQQpMjj6  Via @posh360_Net,Negative,0.5269272531734829
"Terrible service at @Apple store in Bethesda, MD. Second time. Will buy my new iPad &amp; cover ($950+) at @BHPhotoVideo. @tim_cook @h_posner",Positive,0.6536258049959535
Get the gaming nerd ads off the sec championship game @apple,Positive,0.6125282592668873
Apple ! @apple http://t.co/tCfTmuauMY,Negative,0.5557220947943715
RT @TypicaIStoner: RT if you think @Apple should approve this Emoji http://t.co/MI6sKtkaye,Positive,0.5822344444345584
Just another reason to hate @Apple!!!!!!!!!!!,Negative,0.9033876926317226
Great! @Apple now on board with #Alabama #LGBT bill named after CEO http://t.co/DNYIip9U5S #equality #Tim #Cook @equalityalabama,Positive,0.8087465350148184
Apple makes bad chargers. The @apple genius said wrap it in electrical tape. I wonder what Jony Ive thinks of that. http://t.co/HvxSJUt39p,Negative,0.5818371294422443
@zdarsky @apple Bad Eyesight is for PC and android users.,Negative,0.9506912464391233
"They should have a screen record on iPhones, just hold the screenshot button down and your recording your screen @apple",Negative,0.5465017869410382
"@viticci @panic @Apple Jesus, why did they create extensions at all? Lighten up Apple.",Positive,0.7011406882024975
"Trade $AAPL #FREE Nightly Updates are #posted here on #Twitter, or you can visit the #Trade #AAPL FREE #website here http://t.co/U4TKeApbxF",Positive,0.6880863740034503
Finally updated to iOS 8...this happened ha weird glitch fix it please @apple http://t.co/LCoGg7yfEz,Negative,0.5091340646540505
"#AAPL:After Decades Of Consolidation, Wall Street Is Fragmenting...http://t.co/0E4rh8SwIX",Positive,0.553371079932955
@fireatwill @Apple I wrapped my charger and it began smoking. Do better Apple.,Negative,0.5879098332055401
@NBCNewYork encourages this marxist BS that @NYPDCommAffairs =ISIS. @Apple gave order 2 not arrest marxist dupes trespass? #PantsUpDontLoot,Negative,0.5826546416969304
bought new @apple earpodstm,Positive,0.8589731831590338
Why @Apple Needs #China to Love the #AppleWatch (AAPL): http://t.co/psajA2okfM via @themotleyfool #Wearables #WearableTech #Apple,Positive,0.6383500972815209
A surprising twist in the @Apple #iPod #Lawsuit ---&gt; Down to One Plaintiff! http://t.co/0hyU4OBfUi  @NYTimes #tech #news,Positive,0.5063596589045632
"Dear @ATT if you are going to copy @apple in your stores - when someone makes an appointment, use it #dipshits",Negative,0.6866680857682272
Dear @Apple can yall please stop making yall chargers cheap pieces of shit I'm tired of having to replace them every 3 monthd,Negative,0.6036040809909801
RT @Hi_IamAaron: Dear @Apple can u please stop making yall chargers cheap pieces of shit I'm tired of having to replace them every 3 months,Negative,0.6462115244149148
@apple @iphone @emoji it is 2014 why is there no canadian flag in the emoji keyboard?,Negative,0.576272079074312
@Apple needs an iCreep app,Negative,0.6661510633093632
@apple SMD with us weak as phone b!!!,Negative,0.6801431467656669
@YouKantFindMe @Apple kashka and clave own your mind,Positive,0.8154405602205199
TRASH. @Apple,Positive,0.5672379339051172
"#Ebay #Music @@Apple TV2 Gen Jailbroken Untethered XBMC, XBMC, FREE SPORTS,ADULTS CHANNELS #Home #Audio http://t.co/eucnnOiN05",Positive,0.8921287016783978
@itsashleyperez @Apple This is an obsession of yours.,Positive,0.5672379339051172
Lmao oh my god why the fuck did it autocorrect it from 'gonna' to 'finna' ahahahah @apple u ghetto child ass youuu http://t.co/H9x2YCwx0T,Negative,0.5581564303025983
Thank you @apple #AppleSantaMonica for fixing my friend's phone in less than 2 hours free of charge. You guys are the best.,Positive,0.7740615660231845
Dear @apple @itunes WOW! You really made iTunes SUCK! Please stop updating it and making it worse than it was before. Thank you.,Negative,0.6712403510252047
@stevewoz @Outback Its good to see you doing these videos on apple ii and doing possible @apple related projects is all very exciting.,Positive,0.7869052854527204
RT @JOJOxSweat: WHY MY CHARGERS ALWAYS GET NECKS &amp; SHIT @apple,Positive,0.5045893384999839
"#iPhone6, #6 Plus Availability And Wait Time Update: @Apple [#Apple] Store, Verizon .... (#Sunday, 7 #December) http://t.co/OyrnRBvtse",Positive,0.5511978832400113
@stevewoz @Outback Personally I am excited about @apple projects like 0 gravity and things in development even though  I only own iPod.,Positive,0.7381995914356166
Apple Inc. (AAPL) iPhone 6 Sales Dent Android Market Share http://t.co/Nbo2TPoG3v #AAPL,Positive,0.6036518714957724
"@NevBackwoods exactly. Come on @apple / other phone companies, get yo shit together",Positive,0.5261010043638314
@Swift_Addiction: lol @apple quicktime MOVs,Positive,0.8622035066411162
Hey @Apple I did another software update and my iPad won't open any webpages. Any ideas here?,Negative,0.7323983353020991
"@MarkZuckerbergF of @facebook and tim cook of @apple are sparring, but can we plz talk REAL connectivity on the web? http://t.co/AKfHP9pL9X",Positive,0.6800541553477436
@Sony and @Apple @iTunesMusic  @AppStore @tim_cook need to combine their efforts and  make one solid system accessible from any device...,Positive,0.534720728567688
New MacBook Pro is AMAZING!  Thanks @Apple,Positive,0.8960181039531581
MY IPAD IS GLITCHING SO BAD AND IT ISNT CHARGING WTF @apple,Negative,0.9279124003454093
dear @Apple get your shit together,Negative,0.6247317776570583
@tim_cook @Apple FIX MY PHONE,Negative,0.6325338416249962
Apple's PT raised by Barclays to $140.00. overweight rating. http://t.co/Wcq9xY6Kor $AAPL #AAPL via @RatingsNetwork,Positive,0.556903593355219
Apple's PT raised by Bank of America to $130.00. http://t.co/gRWIczYxqZ $AAPL #AAPL via @RatingsNetwork,Negative,0.6821607312535598
"Finally updated #iPhone to IOs 8 something, thanks @apple for more shit we don't need. #seriously, thanks a trillion. http://t.co/JK2LnVs4JW",Positive,0.9100980416143258
GREAT READ: Why @Apple @Facebook and @Google created their own programming languages http://t.co/WqZ1xufgtw #Dev,Positive,0.7998806476825535
"Looking down on the crazy George Street, #Sydney in the rain from the @Apple Genius Bar.... http://t.co/fw8BCu1DOD http://t.co/dlrmFkDKHh",Negative,0.5273170672695375
"Looking down on the crazy George Street, #Sydney in the rain from the @Apple Genius Bar... http://t.co/TuBXTBvKy4",Negative,0.5273170672695375
Never ever buy an @apple itouch they are worthless,Negative,0.7081715352178
"RT @Anna_Cochrane: Looking down on the crazy George Street, #Sydney in the rain from the @Apple Genius Bar... http://t.co/TuBXTBvKy4",Negative,0.5273170672695375
"RT @Anna_Cochrane: Looking down on the crazy George Street, #Sydney in the rain from the @Apple Genius Bar... http://t.co/TuBXTBvKy4",Negative,0.5273170672695375
@Anna_Cochrane @Apple Shouldn't you be out walking Anna? Pick me up a iPhone 6 128g while you're there. I can DM an address.,Negative,0.5051482212211934
'@apple: what MacBook @ray_alexander_: Apple. I need my MacBook byke.' http://t.co/5yTCqlOplz,Negative,0.5966667406879889
"RT @OneRepublic: Studio at 45,000 ft.  One outlet,  4 computers.  @Apple we need the batteries of the future NoW!!!! http://t.co/astp9x6KET",Positive,0.6237907541110634
@apple #Yosemite has ruined my wifi,Negative,0.776148939970672
"#AAPL:iPad Mini 3 vs Sony Xperia Z3 Tablet Compact: Step Aside Sony, Apple S...http://t.co/85qGEiH7LO",Negative,0.5775393632272503
I hate you so much @apple @macs,Negative,0.9675913286005516
@L2DAWASHINGTON @Apple I hope them faggots get cancer,Negative,0.5426028184671636
#Apple Campus 2 December 2014 update + Drone Flyover video - http://t.co/WvHhksxGD3 #AAPL #CompanyTagged http://t.co/x3B0qMBvkp,Negative,0.5179359753192685
Siri confirmed for gay communist atheist open your eyes @apple http://t.co/QufLnjXW4T,Negative,0.818478618434286
"Washed my earphones by accident, still works. Thank you @apple , actually did something good",Positive,0.7257792496770158
"Wow @apple I have only family guy and Simpsons 
Yet I can't dowmload the old update 
I really need 2 GB to update 
Can't wait",Negative,0.5678053934639176
fuck you too @apple,Negative,0.7304149368746512
Hey @netflix how come every Saturday movie night fails on #appletv? Do I chuck @apple or you guys? #wifegoingtosleep,Positive,0.8158726250064092
@Apple YH News Apple's iPod Antitrust Lawsuit Is Full Of Great Steve Jobs Quotes: Here's The Top 4: Apple Inc....  http://t.co/hNuWafq0sI,Positive,0.7347965057394014
: it can kill caitlin so caitlin dont eat @apple pie,Negative,0.5716411231687588
@nosheenh2oo9 @Apple this is my most favorite tweet,Positive,0.7771599907745579
RT @_emilymahon: @nosheenh2oo9 @Apple this is my most favorite tweet,Positive,0.7771599907745579
@_emilymahon @nosheenh2oo9 @Apple shut the hell up,Negative,0.6070962013216801
still waiting new emojis where them at @apple,Negative,0.5714621639586561
Bitch yassssss @apple do yall know how long ive been waiting on this feature?!,Negative,0.5928933301094543
@Apple your new ad is fucking racist against the #french,Positive,0.5932204467275748
"@yungshamwow @Apple apple sucks,",Negative,0.9080499762464482
@Apple dog wtf,Negative,0.7704388487176297
Just explained to my kids if @apple made their bunkbed we'd have to get a new one every two months.,Negative,0.5792614126548321
Enjoying my studio wireless beats. @beatsbydre @apple,Positive,0.8106737777264352
FUCK YOU @apple FOR MAKING SHIT PRODUCTS,Negative,0.7565460234954756
@Apple lol. Yea bro.,Positive,0.7887828473058237
#AAPL:iPhone 7 Rumors: Might be Called iPhone 6S; Come in 3 Styles...http://t.co/0XbmuVdZpL,Negative,0.6910746188079102
I hate you @iTunesMusic @apple,Negative,0.979053185330966
T-MOBILE/IPHONE LTE PHONE CALL WORK-AROUND http://t.co/rctGxbHpJH #iPhone6 #TMobile #Apple @apple #tech #smartphone http://t.co/nBlIiAW1JU,Negative,0.5431110429424275
why dont macs have an emoji keyboard @apple u messed up,Negative,0.8203236008407041
Fucka de you @apple,Positive,0.5672379339051172
@jimmyPasha_ @apple apple: nsa infested SHIT http://t.co/1bmqhNbIk0,Negative,0.7294371975846143
what the hell why did lucy's songs just delete off my phone I HATW YOU @iTunesMusic @apple,Negative,0.6016330123275964
"#UBS increases #Apple's #iPhone6 sales, revenue and #EPS http://t.co/7dpnAB6cuY #AAPL $AAPL $UBS #tech #iPhone6Plus http://t.co/pBQ3ijHAnD",Positive,0.6797702110572554
"that was terrifying, suck my ass @apple",Negative,0.7882550694070445
UBS hikes FQ1 #iPhone forecast following Google checks #AAPL http://t.co/92YmzRBBuw,Positive,0.7226147221013504
#Apple: Facing A Challenge From #Google's #Android #AAPL  http://t.co/XlHPrm9dRV,Positive,0.7082181777705712
#BlackBerry: Analyzing The Secusmart Purchase #BBRY  #AAPL  http://t.co/fi80pH6QCR,Positive,0.5187106849002993
Is now a good time to switch to @Apple #iCloud Drive ? http://t.co/XdSZpusYWq,Positive,0.6844053112197142
"The difference between @Apple and everyone else, in one photo http://t.co/RXaKDAJrwm via @qz",Negative,0.5320010175596455
"@apple ima need yall to get your shit together, my phone is fucking up something serious",Negative,0.7338550389019268
@AppIeGivevvay if your not affiliated how the Fuc# you giving away all of these phones? I will be calling @Apple on Monday.,Negative,0.5956577034522395
"@applenws @AppleProducts @Apple ok look, yall still ain't reversed me back to iOS 7. idk what the hold up is but ima need yall to get on it",Negative,0.7056208881204604
"#AAPL:iPhone 7 Rumors: Might be Called iPhone 6S, Coming in 3 Styles...http://t.co/0XbmuVdZpL",Negative,0.703000476817567
My iPod touch case 5 @apple #ipodtouch5thgen http://t.co/8H6UXnwx9P http://t.co/PzaZYtxpGX,Positive,0.5069120965198851
"RT @OneRepublic: Studio at 45,000 ft.  One outlet,  4 computers.  @Apple we need the batteries of the future NoW!!!! http://t.co/astp9x6KET",Positive,0.6237907541110634
"#iPhone6, #6 Plus Availability And Wait Time Update: @Apple [#Apple] Store, Verizon .... (#Sunday, 7 #December) http://t.co/edyMMWIYeN",Positive,0.5511978832400113
"Inspiring People - Steve Jobs  
@apple @iphone6
http://t.co/IEbQfGbgmR",Positive,0.6492287216141733
"#Flipping #great! the @Apple [#Apple] #iPhone 'that won't smash' because it detects when it .... (#Saturday, 6 #... http://t.co/6ZwW81m5Ez",Negative,0.928236455419413
@Apple granted patent for invention that stops you smashing your #iPhone http://t.co/CAgi3qeSZW http://t.co/qyKPMugESw,Positive,0.5533566186926262
Explore all the Apple rumours for 2015 http://t.co/dFfeIjBDZE #Apple2015 #TechIreland @Apple http://t.co/M6vrskWmLF,Negative,0.5557220947943715
hahahaha @Apple Australia loses fight to have 'App Store' trademarked http://t.co/MiSOUGZNpN via @itnews_au,Positive,0.615911326875693
"Oh @apple, why do I have to delete my unwanted photos eight times. Once is enough. I don't want a 'recently deleted' folder.",Negative,0.8227898351929811
Dan Nathan: How To Profit From Apple Inc. (AAPL) Stock? http://t.co/JzTjVsJKhj #AAPL,Negative,0.5079717504890534
I went to @apple to buy an #iphone6. Was told although in stock I had to reserve and return tomorrow to buy. Goodbye. http://t.co/hzET7Xk82h,Negative,0.78667513903527
"Mark Zuckerberg Jabs Apple for Pricey Products $AAPL #aapl
http://t.co/Zk2bIIwS4f",Negative,0.509646704949568
Can I turn auto correct off @apple ?,Positive,0.7428819634256587
RT @Totterdells: Explore all the Apple rumours for 2015 http://t.co/dFfeIjBDZE #Apple2015 #TechIreland @Apple http://t.co/M6vrskWmLF,Negative,0.5557220947943715
"Apple to launch 4-inch iPhone next year: Report $AAPL #aapl
http://t.co/x3lzm9bOoM",Negative,0.5766431905731184
"RT @JPDesloges: Apple to launch 4-inch iPhone next year: Report $AAPL #aapl
http://t.co/x3lzm9bOoM",Negative,0.5766431905731184
"I ordered a Osx from you, but it seems like someone is on my network or i have a cloned copy, ideas?@AppIeOfflciaI @Apple",Negative,0.7291318320621254
"Apple Acted Unfairly In Suppressing Digital Music Competition: Paul Kedrosky $AAPL #aapl
http://t.co/XTbFhpbYf7",Positive,0.7203891793470981
Your iPad game just got shut way down. Like 24K gold way down. http://t.co/Gfcw8Ta0wS (cc: @Apple),Positive,0.6945191938028411
"RT @JPDesloges: Apple Acted Unfairly In Suppressing Digital Music Competition: Paul Kedrosky $AAPL #aapl
http://t.co/XTbFhpbYf7",Positive,0.7203891793470981
I posted 9 photos on Facebook in the album 'WOW TALKS // PASSION FOR DESIGN // LONDON DESIGN FESTIVAL @APPLE' http://t.co/vgRlX9OCMT,Positive,0.8483125870153025
Apple CEO Tim Cook comes out as gay @Apple   http://t.co/euFQQpMjj6  Via @posh360_Net,Negative,0.5269272531734829
"Apple Watch's high-priced fashion focus on the mark, survey says $AAPL #aapl
http://t.co/zyrN5Tfis0",Positive,0.6569448584933929
Get rich quick as a criminal #capitalist. Steal your client's products. #Apple #technology  http://t.co/kUgHhrehpF @apple,Positive,0.5989088629521567
"@apple #stevejobs Sometimes, to control the whole world with your ideas, itå«s necessary to test them in a hard way... http://t.co/ZuzKocA9ZD",Negative,0.5444567762944764
"China Grants Apple 27 Design Patents Covering iOS UI's and Icons $AAPL #aapl
http://t.co/9MWZWP0s6B",Negative,0.5290182338015272
0144 : #Sick : Being sick has a perk. Catching up on a million shows with @apple TV.,Negative,0.8588227999338363
"Tim Cook's $100 Billion 'Mistake' $AAPL #aapl
http://t.co/UOIuZmHheW",Positive,0.5761670047976455
"Why can't Apple meet demand for the iPhone 6? $AAPL #aapl
http://t.co/ipPd0j3n6R",Negative,0.8690277998465378
fun..fun nights..Post birthday celebration of rfrancoben and @apple. http://t.co/maRHLxgV0F,Positive,0.7128866087163103
Yeeaaayyy....awesome OS X Yosemite 10.10.1 roccckkkssss m/ https://t.co/cK8wPnN91V @satan_oppa @apple,Positive,0.5672379339051172
#AAPL:Check Out The Collection Of A Guy Who Started Accumulating Classic App...http://t.co/FlMVxvl9Hw,Positive,0.7841511803085301
@APPLE YOURE SHIT FIX MY PROBLEM,Positive,0.5549797420290632
"@apple #iPhone6 running #ios811 sporadically hangs. Doesn't seem to be when running any app in particular, sometimes none run and it hangs.",Negative,0.8679210058083265
"Apple could release 4-inch iPhone 6 Mini next year $AAPL #aapl
http://t.co/lyomrvbCe0",Negative,0.5475429775004746
@YogscastSjin WOW!! The yogscast is now even sponsored by @Apple XD,Positive,0.5547209567538325
"RT @OneRepublic: Studio at 45,000 ft.  One outlet,  4 computers.  @Apple we need the batteries of the future NoW!!!! http://t.co/astp9x6KET",Positive,0.6237907541110634
'This accessory may not be supported' ok @Apple just tell me that the charger that came with my phone won't work???,Negative,0.846228703414879
"iPhone 6 Shipping Times Drop to 3-5 Days $AAPL #aapl
http://t.co/7BU5WzQ1EE",Negative,0.6758693415372112
"#Robots #fabricando #iPhone, #iPad Pro, @Apple [#Apple] Watch, Apple TV y el #.... (#Sunday, 7 #December) http://t.co/TzzREU7NCt",Negative,0.5222821380244402
non-banks @google @apple @PayPal @Moven @Venmo #FinTech via @stevedenning Can Banks Master Disruptive Innovation? http://t.co/LQ5PgE7vRF,Positive,0.6736488706320299
"#New @Apple [#Apple] #iPhone with 4in screen for #one. (#Sunday, 7 #December) http://t.co/cBdPX3qCVh",Negative,0.6052049457568205
"UBS Increases Apple's iPhone 6 Sales, Revenue And EPS $AAPL #aapl
http://t.co/iSnWQ2glE2",Negative,0.5423268784890861
"RT @OneRepublic: Studio at 45,000 ft.  One outlet,  4 computers.  @Apple we need the batteries of the future NoW!!!! http://t.co/astp9x6KET",Positive,0.6237907541110634
@jimmyPasha_ @apple Another Government Shows Apple The Door http://t.co/GZTsl8ltGq,Negative,0.6173039636012977
"Apple must continue to improve cybersecurity as attacks increase
$AAPL #aapl
http://t.co/kAKiHRC8V0",Positive,0.5313891490873816
INSIGHT FROM APPLE'S TIME COOK http://t.co/96c0F0rfgX @tim_cook @apple #Apple #iPhone6 #Google #Microsoft http://t.co/DeOerErnMf,Positive,0.8162510276652165
"RT @OneRepublic: Studio at 45,000 ft.  One outlet,  4 computers.  @Apple we need the batteries of the future NoW!!!! http://t.co/astp9x6KET",Positive,0.6237907541110634
"iPod replaced. If I never have to set foot in an @apple store again, the world will be a better place.",Negative,0.7076509281703556
"Apple: Kantar's Data Points To A Huge December Quarter $AAPL #aapl
http://t.co/kQvqbBr5Aa",Negative,0.5401174789641106
"#AAPL:How Facebook And Apple, Their Technologies, Reduce Inequality...http://t.co/LFlMYa7dWB",Positive,0.5255149886500414
Seems like @apple #customerservice is going downhill when they say need a new battery due to 600 charges over 14 months. å£50 to change.,Negative,0.7884914648989629
"@Apple Yosimite Detects Faulty RAM Module but Apple Hardware Test Does Not?
#Apple #Yosemite #AHT 
http://t.co/BwFpd3q2xA",Negative,0.5079817659116324
"The discontinued iPod Classic is selling for up to $1,000 online $AAPL #aapl
http://t.co/lnC1yqSxPw",Positive,0.5726377192221481
It's important that Apple not become the developer for the world. We need people to invent their own stuff.' - Tim Cook CEO of @Apple,Positive,0.6968727349419034
"Apple: $115 matches 8.4% increase in earnings. Use 2014Q3 EPS=$1.42 in  #free IOS App Donkey Stocks. #AAPL
https://t.co/pyU6cuTYrX",Positive,0.5661495618613696
@SheLovesQuez fuck @Apple I'm get a note,Negative,0.7048923939419283
@SheLovesQuez @Apple you must not like em,Positive,0.6112754444521533
Been waiting 7 days so far for @apple to approve the new app for #CRMSuite. Should be next week!,Positive,0.568226589477372
"Apple: UBS Evidence Lab Increases iPhone estimates to 70.9 million $AAPL #aapl
http://t.co/nFgAHz2Eul",Negative,0.6300384708328954
Nice job @Apple - Learn to code opportunities next week at Apple stores nationally #edtech #stem #ap http://t.co/JatgD1ce8q,Positive,0.6920977277459552
"It's 2014, why doesn't iTunes support .flac files? I mean at least be able to covert em. Yall so fuckin petty @Apple",Negative,0.8077725242101786
Could Apple Inc. Sell 24 Million Apple Watches in 2015? http://t.co/AS6fzefq8q #AAPL,Negative,0.6508664892287612
RT @galengering: Hey @apple-I know my iCloud storage is full. Thank you for reminding 82 times a day!,Positive,0.9078773624479903
@getlolo_ @apple explain this please http://t.co/G6fZnyuCP8,Positive,0.6225460528725234
I'm learning all about iPod Touch at @Influenster! @Apple http://t.co/It9XKp6LSx,Positive,0.5494941369523758
"Mark #Zuckerberg defends free #Facebook, fires back at @Apple and @Ello http://t.co/BCowoLMizS",Positive,0.7869680503765841
2) @Apple I've got one question for yall. Who is the genius who decided CAPITALIZING random words was a good idea? Bec it wasn't a good idea,Positive,0.6595931295440749
That annoying moment when you realise that your @apple  #iPhone6 has a bend in it on one side ='[,Positive,0.5562764296020339
#AAPL:Has Tim Cook 'Wasted' $100 Billion At Apple?...http://t.co/dMiM2EBgzN,Positive,0.630019531087855
"iPhone 6, 6 Plus Availability And Wait Time Update $AAPL #aapl
http://t.co/qdJLBaw3DZ",Negative,0.526777060617392
@Apple yo this Genius Bar shit is worst than the dmv get it the fuck together,Negative,0.7976767632565092
@Apple you guys should make pipes too!,Positive,0.6952046676475718
"Another shot at the best names in electronics. Day 7 of our #Holiday #Giveaway brings you @Amazon, LG &amp; @Apple. http://t.co/P1xSTsJkFh",Positive,0.6559238921184476
@BmoneySlamdog23 @Apple every time I type the word yA it capitalizes the a. Drives me nuts.,Negative,0.6014913707796117
they have no computer programming classes anywhere in LA @apple whats up with that????,Negative,0.6258384870874936
"Yeah, I'll definitely be going to the @apple store after finals. Damn MBP Graphics card failing again, this is bullshit for a $2500 computer",Negative,0.7853709087000383
RT @all4incognito: HATE @APPLE SO MUCH. RUIN MY LIFE,Negative,0.863730317251097
My phone just charged 23% in 45 seconds thanks @Apple,Positive,0.8165707687771337
@Apple I know you have the most secure OS but you've lost me as you don't have a #dualsim version for us travelling types,Negative,0.8806706662526718
@sammcmanusss @Apple idk it just happend though,Negative,0.8510345917262093
For some odd reason I can't re-add 1989 on my phone. @apple stop depriving me of my jams,Negative,0.8168803530240002
@apple fix this.,Negative,0.5361417528911381
-- @Apple Is Figuring Out How To Sell An Archetype http://t.co/nwt8qyt0wP via @techcrunch #tech http://t.co/KB4G4vtLuA,Negative,0.6569200678390932
@Apple store #nyc I am honored to be here. #travel http://t.co/JnbCd79z1b,Negative,0.5938971243889457
"Foreign Currency Exchange May Be A Headwind For Apple $AAPL #aapl
http://t.co/7GiTFxqS5j",Positive,0.5210113115118882
Yall some hoes BRUH @apple http://t.co/BBVtlFzzpK,Positive,0.6644990983919413
Why I Hate Apple - http://t.co/IbpyJXaOuW #AAPL #Long-Term_Larry,Negative,0.9249917387211606
Here's the @Apple #SmartWatch. I say @HP beats it easily. It's like an elitist toy versus a real machine :-) http://t.co/LVa3EpXeAv,Positive,0.7385126089359244
Archetype? I'd rather have @Apple figure out how to make a product whose UI was intuitive. http://t.co/OdVdGk9MrN @techcrunch @panzer,Positive,0.5331590726838086
Just overheard an @apple employee tell some1 not to use capital letters in their password cause it will be easier to remember! #applefail,Positive,0.5827326163535849
"Could Apple Inc. Sell 24 Million Apple Watches in 2015? $AAPL #aapl
http://t.co/DK99Rq2U1e",Negative,0.6508664892287612
"once a new @apple item comes out, every other product starts tweaking",Positive,0.6235040401737127
Loving my @apple #iPhone6Plus even though I've hyperextended my thumb reaching for the top Apps #thestruggleisreal,Positive,0.5684494862781009
"'#Innovation distinguishes between a #leader and a follower' - Steve Jobs, Co-Founder of @Apple",Positive,0.7301874406145318
@ProfessorF @Apple @HP I am a bigger fan of the @LGElectronics G Watch R.,Positive,0.7175628629205982
@Macys Why do I have to sign when making an @Apple Pay transaction?,Positive,0.7097515397736516
"Update: Apple's HealthKit Seeing Early Adoptions $AAPL #aapl
http://t.co/oX78q6xlw4",Positive,0.5470531276235175
@apple when are you going to fix the maps app. The navigation sucks!!! Face it and just switch to google maps.,Negative,0.6787058601439055
@ProfessorF @Apple @HP Best smartwatch is still the Pebble.,Positive,0.5021038389022229
@GordieStewart22 @Apple welcome to the club!,Positive,0.8927628214108736
@Amy_Mc blame @apple and their rubbish memory on my phone,Negative,0.6818979492768855
Footage of the Apple-1 computer running. #ComputerHistory @apple @christiesinc http://t.co/nTGfnJWZ7G,Negative,0.6870398073287376
Safari consumes less battery by pausing flash video every 5 seconds. Thanks @apple,Positive,0.5368181437993835
"@ProfessorF @Apple @HP
I find your predictions to be excellent contra indicators for how I should invest my money.",Positive,0.7242001744130478
"Apple: Market Maker Price Range Forecast Update $AAPL #aapl
http://t.co/pxOoOAKuy8",Positive,0.5382315694373732
#AAPL #iPadAir2 RT @waltmossberg Apple Unveils New iPad Air 2 Ads http://t.co/XCsTkCpQWo  via @KurtWagner8 http://t.co/KkUUQBhK9q,Positive,0.5134958907846244
RT @QueenCleo_92: Why are your phone chargers so terrible @apple Fix this @Jesus,Negative,0.8050589280126055
@apple You know your iPhone is fucked when the lettering on the screen goes back-to-front..,Negative,0.7980604645610658
Seriously?! @apple that stupid add of the macbook with the different stickers you can put on it?! I hate how gullible people can be.,Negative,0.8553916728918225
"#Music is always part of my life, and everyday @Apple is also as important as music to me http://t.co/oAeF2IIvrm",Positive,0.8008903987535977
"Trade $AAPL #FREE Nightly Updates are #posted here on #Twitter, or you can visit the #Trade #AAPL FREE #website here http://t.co/U4TKeApbxF",Positive,0.6880863740034503
how do I have 1% then plug in my phone and jumps to 4% @apple stop playing games,Positive,0.5043331947111788
Thanks to @Etsy @amazon @BestBuy &amp; @apple my postman will be working overtime.,Positive,0.7837530414669137
Apple Debuts New iPad Air 2 TV Ad 'Change' with New Website Section http://t.co/8q8satHa2S #AAPL,Positive,0.6977497578932766
@Apple technology..is becoming very undesirable. These glitches are constantly stopping my from working,Negative,0.5908055676422737
Been a while since I bumped into @apple @NicoleMoudaber artist page now ready to go with 2 releases worth of music. Best link to send??,Positive,0.8791729161832272
Apple Inc. Weekly Roundup: Facebook Ads &amp; iPad 4 http://t.co/1YrNUvCJel #AAPL,Positive,0.6277751469199652
"Cool Stuff Found: @Apple Posts 'iPad Air 2 - Change' Commercial with Focus on New Ways of Doing Things
http://t.co/5ufiV90QAO",Positive,0.8077255060878826
RT: YahooTech: @Apple admits to years of removing non-iTunes music from #iPods http://t.co/tAuWVJlgQ2,Positive,0.5616896964787861
@danjo_1 @Apple @HP @LGElectronics I've seen that one. Looks nice too.,Positive,0.773242805729411
"New @Apple iPhone 'that won't smash',b/c its sensor detects fall &amp; TURN OVER before impact http://t.co/5eE46mo2TN",Negative,0.6446914629483198
"tweeks @apple get a new patent for protection with a center gravity motor. Automatically senses the impact ratio. 
http://t.co/Z26FdliVf3",Positive,0.5762565559423968
@BestBuy @apple wishes do come true!http://t.co/yK9niORzif,Negative,0.6911175714819465
@Apple iSchool? http://t.co/CMo0TsbHpI #education @applenws,Positive,0.5672379339051172
FUCK OFFFFFF @apple http://t.co/vVQqXuhbrM,Negative,0.7304149368746512
ive literally gone through 5 iPhone 5 cords in a little over a year @apple fix this you all suck,Negative,0.9373015041580416
T-MOBILE / IPHONE LTE CALLING PROBLEM WORK AROUND http://t.co/9EGYFOHeXk #TMobile @TMobile #iPhone6 #LTE @apple http://t.co/MWdefRbVZJ,Negative,0.6514274310888832
@kapelianis @Apple @HP My portfolio is actually doing quite well post-election. October was a bad month.,Positive,0.6240859246075621
"Apple Inc. Leads Momentum Stocks, Tesla Motors Inc Loses Steam http://t.co/4eviw5kcsz #AAPL",Negative,0.5557220947943715
@lisapjackson any stats on use of @Apple's recycling program?,Positive,0.536610946433356
@sprint refuses to unlock my out of contract iPhone 5. They sent me to @apple knowing that they can't unlock phones. WAFWOFT,Negative,0.8900467390542426
iPad Air 2 NEW TV Ad: Change. Promoting graphic design apps. Video. http://t.co/i3Z7vvJJvz @apple @tim_cook http://t.co/LmgAODR89y,Negative,0.5082600679562485
RT @thomasaugusto: @apple ? @jesus ? @god ? Get back to me when you get a free moment...,Positive,0.671606893489635
@apple's calendar app has judiciously listed virtually every holiday imaginable - yet neglects my birthday.,Positive,0.5364873920127466
Lol tryna figure out why this file say its from 1984? @tim_cook @apple @StephanieKMBC http://t.co/oxgYTgW3P7,Positive,0.7093290194991461
What happened to all my podcasts on my ipod?! @apple?!,Negative,0.8909159510940367
"#AAPL:Buzz Stocks: Apple Inc. (AAPL), RadioShack Corporation, and dELiA's, I...http://t.co/OgEzr09gUL",Negative,0.5557220947943715
@apple please make an iflipphone,Positive,0.6528206710635247
"#Robots #fabricando #iPhone, #iPad Pro, @Apple [#Apple] Watch, Apple TV y el #.... (#Sunday, 7 #December) http://t.co/Ba8eb8r60N",Negative,0.5222821380244402
RT @NYDailyNews Steve Wozniak @stevewoz reveals that @Apple did not start in a garage. http://t.co/8rqzuBCOpx  http://t.co/mUrpwQ3kHB,Positive,0.7495168934272249
.@apple fix yourself http://t.co/l1VsGFaQib,Negative,0.5361417528911381
@brock_and_r0ll @Apple @sam_sock hey I look weird af,Positive,0.8945160658107907
RT @brock_and_r0ll: .@apple fix yourself http://t.co/l1VsGFaQib,Negative,0.5361417528911381
3 Simple Things #Investors Ought to Know Before Buying a #Stock (#AAPL) http://t.co/geA6xHhQSk,Positive,0.717186115104903
#AAPL:Apple Donating Portion of Profit to Fight Against AIDS...http://t.co/BR05N1U3Qr,Positive,0.525823379836265
@Apple get your shit together I hate you,Negative,0.891990220982025
"Ha, poor @apple trying to make its iPad and MacBook look useful in its commercials. Not even close to the power of @surface Pro 3",Negative,0.7928445442710904
@apple new voice texting......how about just hit DIAL instead#whataconcept say no to #apple-aid,Positive,0.7380516096154124
Top Expert Consensus for $AAPL is Moderate Buy https://t.co/fVKriCdeDZ #NASDAQ #stocks #AAPL,Positive,0.6620839876978107
"85 Ideas from 85 Years: Microchips, @google , @Walmart, @apple, junk bonds, the Pill and Singapore make the list. http://t.co/515obKajDK",Positive,0.5169175785965946
fuck type of shit is this @Apple @autocorrect @Siri http://t.co/5zyb6SUepz,Negative,0.7945717833241255
RT @mrtomeoni: Lol tryna figure out why this file say its from 1984? @tim_cook @apple @StephanieKMBC http://t.co/oxgYTgW3P7,Positive,0.7093290194991461
@apple don't delete music off of my iPhone that I payed GOOD MONEY FOR,Negative,0.6822199362759607
I just had 40% now I have 8% wtf @apple,Negative,0.6936038860828453
WHY DID MY IPOD CHANGE THE ORDER OF THE SONGS IN THE PLAYLIST I ALWAYS LISTEN TO WHAT THE FLYING FUCK THIS ISNT OKAY @APPLE,Negative,0.6160294175915029
Thanks @Apple store @RobinaTC for helping me out with my iPhone today! Great service with a smile. #Apple,Positive,0.9127738849308322
@apple you should make more emojis,Positive,0.7008961174723819
RT @hsmoghul: My @apple autocorrect changes Muslim to awesome and I'm okay with that,Positive,0.855692937358545
#AAPL:Exchange iPhone for Passport and Receive Up to $550...http://t.co/dIskJKI4Ch,Negative,0.6884777100587791
My phone turned off iMessage and won't let me turn it back on and oh yeah no message will load or send. Thanks @apple!,Negative,0.6398276462152666
ayo @Apple I think u should create a 'video message' option so when @CarlaBarlaCakes doesn't answer my facetime I can leave her a VIDEO MAIL,Negative,0.5768356201940424
"RT @OneRepublic: Studio at 45,000 ft.  One outlet,  4 computers.  @Apple we need the batteries of the future NoW!!!! http://t.co/astp9x6KET",Positive,0.6237907541110634
$AAPL to $120.00 before Christmas? Can't see the slid going any further. #AAPL,Negative,0.7523521238398859
Thanks @Apple for getting the last word. http://t.co/AH8BIbz6pm,Positive,0.8593190978731273
@CarlaBarlaCakes @MoBiggaa @Apple snapchat?,Positive,0.5672379339051172
my evolution on Apple products! @Apple http://t.co/VxYpHcuuFR,Negative,0.5926148516893427
@apple get your shit together.,Negative,0.5675172494354228
"@kodam13 and #blunderblock if fricking @Apple ever gets their act together!!!!
@AppStore we need Blunderblock by
@BrandiGlanville",Negative,0.624654378419373
@ikerscasillas currently googling on how to downgrade to Mavericks again thanks @apple,Positive,0.9540630691826799
@AllenYork @CarlaBarlaCakes @Apple no a video message from missing my face time like you missed my call you leave a voicemail,Negative,0.8899551950218418
@AllenYork @CarlaBarlaCakes @Apple you can already leave snap video messages in Apple txts but they go away in 2 mins if you don't watch,Negative,0.8141091324850754
@apple yo these new headphones i got with my 6 dont work so send me some new ones. Ill dm u my address,Positive,0.5510969663458165
MY TEXTING ISNT WORKING AND @VerizonWireless BLAMES @apple AND APPLE BLAMES VERIZON. SOMEONE FIX THIS. ITS BEEN 36 HOURS OF THIS CRAP.,Negative,0.9229798596616688
#AAPL:Apple Could Pay Up To $1 Bln Penalty In IPod ITunes Antitrust Litigati...http://t.co/FjwnyKPXv3,Negative,0.7251178733374248
Excuse me @apple ... Why is there no Bat Signal emoji yet? Hmm?,Positive,0.7070328421678043
Yall need to fix this flicker/flash when I swipe up to close apps @Apple,Negative,0.7297849828059229
"Myths vs. Reality-Full Time #Trading http://t.co/JH7BMS1Kgb #stocks
#futures #forex #trader #es #aapl #gpro #eSignal http://t.co/bFnkHl3EYx",Positive,0.6826772236869519
"For a limited time, the iBookstore is offering our eBook at the lowest price ever. http://t.co/I23zcKUoeW @Apple @iBooks",Positive,0.503966810401941
#AAPL:Apple Pay faces challenge as two drug stores reject it...http://t.co/iqdLBVYEam,Positive,0.5232147280909994
First to own 2600 digital languages is the NEW leader of the Internet. .@Samsung  .@google .@apple .@Micromax_Mobile #onlinegaming  .@WoW_en,Positive,0.7731307631211951
MY COMPUTER IS NOT TURNING BACK ON HELP @APPLE,Negative,0.5229479077993706
Gonna be dreaming about my laptop.. If only @Apple would hurry the heck up..,Negative,0.5248696212933947
Imovie screws up my project yet again. I really hate @apple,Negative,0.8647090805011011
I hope no one ever cons me into getting another crappy @apple product again,Negative,0.5648095228352475
There needs to be a Texas flag emoji @apple,Negative,0.6751437236223936
RT @cl4yt0n_c00p3r: There needs to be a Texas flag emoji @apple,Negative,0.6751437236223936
@apple STOP TRYING TO BE LIKE SAMSUNG I CHOSE YOU AND NOT SAMSUNG FOR A REASON,Negative,0.6219881420402465
The most #innovative company (#Apple) doesn't have an official #Twitter acct. for the company http://t.co/kcf5liWWF4. @apple @AppIeOfflciaI,Negative,0.5811976048737668
RT @cl4yt0n_c00p3r: There needs to be a Texas flag emoji @apple,Negative,0.6751437236223936
fuck you @apple,Negative,0.7304149368746512
RT @cl4yt0n_c00p3r: There needs to be a Texas flag emoji @apple,Negative,0.6751437236223936
@apple I have been on hold for 30 minutes thank god I sold most of my stock is this comcast or apple?,Positive,0.5261352575122136
Got my iPhone 6 #iPhone6 #iPhone @apple  @AppStore,Negative,0.7342854781648573
@apple @drdre next big thing. Wireless earbuds. Aka earplugs with sound. Soundplugs,Positive,0.6452325511715015
Enjoyed #ApplePay ads by @Chase (w/@BleachersMusic) http://t.co/RaB5yNyU03 &amp; @WellsFargo http://t.co/cRGCTSsKa1 Where u at @CVSHealth? #AAPL,Positive,0.887850975204572
can we get a touch screen macbook @apple,Positive,0.5779936896883013
RT @FrankThePilot: can we get a touch screen macbook @apple,Positive,0.5779936896883013
@apple please stop notifying me to 'upgrade iCloud storage' because I do not use iCloud enough to upgrade it nor would I pay for such things,Positive,0.5081705344188236
RT @FrankThePilot: can we get a touch screen macbook @apple,Positive,0.5779936896883013
@apple your freaking computer went psycho and ruined my life thanks a lot!!!,Positive,0.5030522707846282
RT @FrankThePilot: can we get a touch screen macbook @apple,Positive,0.5779936896883013
hey @apple why won't you let me facetime claire stop being rude,Negative,0.8053754358593226
STUPID FUCKING IPHONE CHARGERS ARE STUPID AND BREAK TOO EASY FUCK YOU @APPLE,Negative,0.925300569178302
RT @tschwettman: hey @apple why won't you let me facetime claire stop being rude,Negative,0.8053754358593226
@tschwettman @Apple THIS IS THE WORST DAY OF MY LIFE,Negative,0.8210004874671453
Apple Inc (AAPL) Stock in Upward Trend After 'Explosive' Holiday Quarter ... http://t.co/fT0pET25SU #AAPL,Negative,0.575014308171134
@apple I wish camera on the side in next #iPhone and #landscapeTwitter on @twitter app in new #2015! #RD,Negative,0.657224288169167
Survey feedback on @Apple iWatch positioning as a fashion accessory over geek-centric gadget http://t.co/33xSmA4r9J http://t.co/LrpnZNR4rY,Positive,0.6758966838358631
#AAPL:Corporate Earnings to Contract; Short Apple: Best of Kass...http://t.co/59VMgqR0tH,Positive,0.5499937085807645
RT @FrankThePilot: can we get a touch screen macbook @apple,Positive,0.5779936896883013
@cehajek @tschwettman @Apple ellyeah vine this is gonna be the worst day of my liiiiife ohhh yeaaaaah,Negative,0.824274658168955
"It's Sunday night, wanna watch #COMET online? If you're an @apple person then just head on over to @itunes. https://t.co/xTwFKIAHZV",Positive,0.6328681489132576
"Congratulations to @Apple for firmly reasserting itself at the top of my most-hated corporations list today.

#justnotabumfluffbohemian",Positive,0.8964164639439849
Live from the @Apple Ginza Store! #Applephania #photography #tech http://t.co/rk4eZE1g52,Negative,0.5798119690255386
Nice try @apple http://t.co/or4mMBkQIG,Positive,0.9042689070700515
my computers so slow right now its making me want to shoot someone its a god dam mac i shouldnt hav 2 deal with this! @Apple,Negative,0.7303106327755009
How do I log into iCloud on my phone? Not the cut down mobile version. Argh! Anyone know? @apple,Negative,0.8416441544771319
really pissed at @apple . trying to edit video and can't convert files due to not having the mpeg 2 component anymore because of os update.,Negative,0.9750984799542858
@apple all this despite the fact that the mpeg 2 component CAME WITH MY PURCHASE OF FINAL CUT PRO.,Negative,0.7098419062546826
"@apple but i can't use the component on my tcp install disc, due to the stupid os update. so now i have to pay 20 bucks to re-download it?!",Negative,0.8828522664941236
@apple so thanks for being greedy assholes who force me to pay to get something THAT I ALREADY FUCKING PAID FOR WITH FINAL CUT PRO.,Negative,0.5502747125086229
I bet #SIRI @apple is better some peeps http://t.co/V19M9YnmAn,Positive,0.5832838876160009
honestly fuuuuccckkkk you @apple http://t.co/0aV4VreGUj,Positive,0.6244429543077558
Am I the only one that thinks the @Apple MacBook Pro needs to have Touch ID?,Negative,0.6116325021471197
Could Apple Inc. Sell 24 Million Apple Watches in 2015? http://t.co/SLtEs6ZKFE #AAPL,Negative,0.6508664892287612
@Apple planning to strengthen #India presence with 500 stores across #cities and #towns http://t.co/FbJHxEl328,Positive,0.6651354168253688
@iress_data #agl #sab.jse #aapl.nas #agl.lse #ire.asx #fbu.nzx #PBE.nzx,Positive,0.5672379339051172
@apple fuck yo shit,Negative,0.8301131849085182
@Apple loses appeal to trademark 'app store' in #Australia http://t.co/cmfU7qfVWY,Negative,0.5386302196608903
@Apple When will you follow through &amp; equip #MacBooks with SIMs too? Can do well without SD Card reader #mobileoffice #innovation #Userstory,Positive,0.656763401408301
FUCK ALL FUCK IT ALL IM SOOOOO SLEEP FIX YOUR SHIT @APPLE,Negative,0.8091500971544723
@Juicy_Potato @Apple tbh annoyed with apple's shit at the moment,Negative,0.6978212669982232
@jaureganoo @Apple i say we start a riot. or something. i can supply the pitchforks,Positive,0.7300722467811822
"RT @uTunes3000: Hitting below the belt! @Apple 'deleted' rivals' music from iPods, court hears. http://t.co/QiyqAukvc1 #musicnews",Negative,0.6721741717154679
90% nd i aint even leave the house yet @apple water u doin fam,Negative,0.7790760529774523
Could #Apple Inc. Sell 24 Million #AppleWatches in 2015? | The Motley Fool #aapl http://t.co/JA0hy8d4U3,Negative,0.5792881439226636
TheStreet:  Corporate Earnings to Contract; Short #Apple: Best of Kass #aapl http://t.co/vrsw8sPbpd,Positive,0.6174415928855099
Thanks @Apple for the preview of your smartwatch. #fitnesstracker #quantifiedself #IoT http://t.co/WAGN08SDNc,Positive,0.9414371644860844
RT @fakebananas: Thanks @Apple for the preview of your smartwatch. #fitnesstracker #quantifiedself #IoT http://t.co/WAGN08SDNc,Positive,0.9414371644860844
@apple is laughing its pants off with the school programs here in Australia. They even manage to wringe money out of the poorest of people,Positive,0.5371372182370396
Do not disturb setting so nice THX @apple,Positive,0.8596379675094407
Photo: Yaaass. Shoutout to @apple.holidays and to @stevejobs for being amazing! #iPhone #stevejobs... http://t.co/6IObBn59MQ,Positive,0.6893697978012089
RT @fakebananas: Thanks @Apple for the preview of your smartwatch. #fitnesstracker #quantifiedself #IoT http://t.co/WAGN08SDNc,Positive,0.9414371644860844
@edwardkb haha iPhone #autocorrectfail -- @apple not @Applebees !!,Positive,0.6666945786041705
RT @fakebananas: Thanks @Apple for the preview of your smartwatch. #fitnesstracker #quantifiedself #IoT http://t.co/WAGN08SDNc,Positive,0.9414371644860844
S/o @apple for the headphones!,Negative,0.510982144805358
Since Steve jobs left this world.. I have been having problems with my: #iphone5 #ipad2 #G5macpro @apple is done.. http://t.co/E4YLHjtK93,Negative,0.6067185351360576
Poor dudes out here gettin slandered because he wants to argue against @apple,Negative,0.9757451994704173
RT @yungjoseg: Poor dudes out here gettin slandered because he wants to argue against @apple,Negative,0.9757451994704173
"Extra 5% Off on @Apple iPad Air using @Flipkart App  http://t.co/60WDEAHZg7

#flipkart #BigAppShoppingDays #apple #ipadair #iPad #offer",Positive,0.519390275471526
Why @Apple Should Ditch TomTom and License Map Data from @HERE http://t.co/mBGyrvP0lB,Positive,0.5767467974499784
@apple when u gonna publish 64gb again to nationwide store i almost cry,Negative,0.9013322572861557
"@Apple [#Apple]'s #iPhone6 China Unicom Lead. (#Monday, 8 #December) http://t.co/SLrkhghDPe",Negative,0.5116153339374098
My phone is so shitty even the time freezes @Apple http://t.co/7Mh7RMlqFX,Negative,0.8090774059039615
Wars and Battles is featured on the App Store in the category 'Best New Games' in 108 countries! @Apple Thanks! http://t.co/HTGO8T3Yj8,Positive,0.8856397744825796
#AAPL:Apple's iPhone 6 China Unicom Lead-Times...http://t.co/UGTZfd2Huj,Negative,0.7018545517817905
"Happy Monday! My camera on my fancy @Apple #iPhone6Plus suddenly stopped working this weekend, so instead - I meme. http://t.co/ktImoxWESr",Negative,0.5676618817046468
@Maine_Nitin Good morning! Looks like I'll be hanging at the @Apple store with the students and snowbirds sometime this week.,Positive,0.8482329485426182
@stevewoz @apple apple stock has doubled since Steve jobs death and increased 15x since his return in the late 90s,Positive,0.5054013314771609
"@stevewoz @apple iPhone 6 the next iPhone will be out in 6 months making the the case 1,mm thicker would make sturdier and lens flush",Negative,0.5457892386134082
Take the stress out of looking for Christmas presents &amp; get a 15% student discount at @Apple http://t.co/ulqHvLVzLY http://t.co/3VoUTa45gb,Positive,0.620980357395793
"Apple: $115 matches 8.4% increase in earnings. Use 2014Q3 EPS=$1.42 on your #iPhone. #AAPL
https://t.co/pyU6cuTYrX",Positive,0.5608325138313951
Apple's Best of the iTunes Store 2014: 'Elevate' and 'Pixelmator' Win Top App Honors http://t.co/4K31wjWouD #AAPL,Positive,0.6587921821071858
"Apple could release 4-inch iPhone 6 Mini next year $AAPL #aapl
http://t.co/JlWfU8Jey4",Negative,0.5475429775004746
"#Will the #IPhone6Plus Shortage Hurt @Apple [#Apple] This Christmas?. (#Monday, 8 #December) http://t.co/i1QB6uaRms",Negative,0.7598500030981783
"#18 #million iPHONE USERS HAVE NEVER BONKED to @Apple [#Apple]Pay. (#Monday, 8 #December) http://t.co/MVYxufAhD9",Negative,0.7766062082078149
@SuzanneBoyd @Apple it stopped working? I would be screaming. I'm getting mine 12/24.,Negative,0.7471639104262175
http://t.co/gRR3bUFPkS Follow @apple.holidays http://t.co/Z28vBvo3gy,Positive,0.7364134179730207
My ear deleted What's app during a phone call. @apple,Negative,0.6980698623181727
"Will Apple Inc.'s Profit Margin Continue Upward? $AAPL #aapl
http://t.co/mK7jx2SlhF",Negative,0.5409044936222474
#AAPL:Apple Exec Gets A Federal Prison Sentence For Taking Kickbacks On Leak...http://t.co/PTyctVo4ya,Negative,0.5663019962472121
"#Will @Apple [#Apple] head back to #Jobs ideology with 4in #iPhone6s?. (#Monday, 8 #December) http://t.co/wpplCjgEYf",Negative,0.6456089338730944
All they do is steal your money @apple :),Negative,0.5275511343093477
"Apple Doesn't Need No Stinking Streaming Media Stick! $AAPL #aapl
http://t.co/HmXdZ9fzlC",Negative,0.8323037239883928
"#AAPL:UPDATE 1-Taiwan Nov export growth tops expectations, despite China wea...http://t.co/DwZ3UnxqPT",Negative,0.5780852731084032
@Apple I give up. You beat me. Trying to manually add music to my iphone has left me a broken man. #itunes #apple,Negative,0.8839964508316535
@apple my app store aint working. y??,Negative,0.7107671140420895
@SuzanneBoyd @Apple Is that a chic-filet mug he's holding? My daughter brought on these characters home that talks...absolutely hilarious.,Positive,0.7791014667657183
Lesson: Don't Fuck With @Apple! Apple exec has been given a year in prison for leaking information to Asian suppliers http://t.co/WO0ONrk0te,Negative,0.7000729962311016
"#Alle #News zu #iPhone, #iPod und @Apple [#Apple] Watch. (#Monday, 8 #December) http://t.co/iO3m7jkK4t",Positive,0.6223333097570437
@apple ur products are shit they break 24/7 ur ruining my life,Negative,0.6224887288843848
@zoee_janoskians @Apple WHAT HAPPENED OMD,Negative,0.8617444455283174
@HlPSTALUKE @Apple one of you stepped on my phone last night and its smashed and doesnt work :),Negative,0.8984963848555928
@zoee_janoskians @Apple what the fuck show me,Negative,0.6415003401058011
"Dan Nathan: How To Profit From Apple Stock? 
$AAPL #aapl
http://t.co/wkEoflid2Q",Negative,0.5079717504890534
@Apple I'd like to see emojis that look like me,Positive,0.6895487257374534
"Former Apple Inc. Supply Manager Sentenced To Prison, Fined $4.5 Million For Corporate Espionage  $AAPL #aapl
http://t.co/snXCwUk1pI",Negative,0.5906649234559618
Ahhhh!! Y el @apple store of course!!!! @MadridXanadu,Negative,0.5037956674389712
"Apple Price Target Raised at BMO Capital; Sees Unfulfilled iPhone 6 Demand Pushed Into March Quarter $AAPL #aapl
http://t.co/V1l7dkfTJw",Negative,0.5715354268773994
"Hope @apple store Arndale could pass on to the staff member staff thats visually impaired she is an inspiration, Great work #InAwe #WellDone",Positive,0.5281245785464056
"Apple Stock in Upward Trend After 'Explosive' Holiday Quarter, Apple Watch Release in 2015 $AAPL #aapl
http://t.co/zv0dTpBYla",Negative,0.5378439317042065
Doh! Turns out the iPod at the heart of the $350M @Apple antitrust case is the wrong model http://t.co/wJRiv059ZV,Negative,0.8014697109561969
Doh! Turns out the iPod at the heart of the $350M @Apple antitrust case is the wrong model http://t.co/sCFohYXkiN,Negative,0.8014697109561969
"Apple: Facing A Challenge From Google's Android $AAPL #aapl
http://t.co/mpcU3cC4fM",Positive,0.6020567114667787
Help? 4s won't sync (doesn't even give option) w/ latest @itunes. Tried fixes I found... no bueno. Thoughts? @apple #techsupport,Negative,0.8982296146305675
"Apple's iPhone 6 Lead-Times Still Longer Than Previous Models  $AAPL #aapl
http://t.co/bk0tn6WTTm",Negative,0.8332311641123182
@Apple lawsuit could collapse as new #evidence comes to fore http://t.co/w3h3JSDFLq,Positive,0.5951565663688904
"Will the iPhone 6 Plus Shortage Hurt Apple This Christmas?  $AAPL #aapl
http://t.co/TJfgAEHzhA",Negative,0.8133273939949892
"So, Which #PromoProduct suppliers carry brandable @Apple compliant adapters? #HeadsAreGoingToRoll #MFi",Negative,0.5187188604072117
"Apple May Be Forced to Re-think iPod Touch As Demand Surges  $AAPL #aapl
http://t.co/Ap4huZ7Wf9",Negative,0.5340756918503352
Former Apple Inc. Exec Gets A Year In Prison For Selling Secrets http://t.co/6Ya9YQwVlR #AAPL,Negative,0.521845080791221
@apple well done you #cunts my printer don't work since your #fucking #Yosemite #UPDATE #Pricks!,Negative,0.5322886769698845
"RT @BrandFuel: So, Which #PromoProduct suppliers carry brandable @Apple compliant adapters? #HeadsAreGoingToRoll #MFi",Negative,0.5187188604072117
@Apple retail locations to offer free coding workshops Dec 11th as part of 'The Hour of Code' http://t.co/4YVXawpyjb,Positive,0.8311437178167098
"APPLE Intraday Comments - Pre-Opening - PREMIUM USERS  #aapl #Stockaction #trading #Stocks #MKt
http://t.co/G0TeDLCB9z",Positive,0.5154593675237964
"RT @OneRepublic: Studio at 45,000 ft.  One outlet,  4 computers.  @Apple we need the batteries of the future NoW!!!! http://t.co/astp9x6KET",Positive,0.6237907541110634
"After #China, #Russia may ban some @Apple products, fearing #espionage: 

http://t.co/uJUZ2SWqgD http://t.co/5dJC9KeUqP",Positive,0.50320050560086
"MUST READ: Apple's iPhone 6 China Unicom Lead-Times $AAPL #aapl
http://t.co/KgB8fuFlo3",Negative,0.6572958393300866
"RT @SRIG911: After #China, #Russia may ban some @Apple products, fearing #espionage: 

http://t.co/uJUZ2SWqgD http://t.co/5dJC9KeUqP",Positive,0.50320050560086
"Trade $AAPL #FREE Nightly Updates are #posted here on #Twitter, or you can visit the #Trade #AAPL FREE #website here http://t.co/U4TKeApbxF",Positive,0.6880863740034503
What is going on with #AAPL....SELL OR HOLD.,Negative,0.5934704166968954
@Apple - Minneapolis isn't Cupertino. When Siri tells me it's 36å¡ in December no need to add the 'brr!' 'F yeah' might be more appropriate.,Negative,0.6796795808472444
.@apple Is the iPhone 6 y3k compliant?,Negative,0.7629389301729621
"#aapl might invest in #Tsla to increase R&amp;D plus increase production multi-folds in EV Cars, SUV,s. By 2015 most of US &amp; China-Supercharged.",Positive,0.6770709319355476
The power of @Apple 's strong branding and store design in one photo http://t.co/CJObpVZeZk via @qz http://t.co/hD6P7hJhW8,Positive,0.5363314862804756
Guys my Mac is flipping out! Flashing folder with question mark at start up!?! What do I do?? #help #apple #mac #macbook @apple #computer,Positive,0.7339068647998471
.@dell ordering a laptop today. How about I try @apple or @lenovo instead. Maybe their reps will be kind instead of THIS behavior.,Positive,0.598186447620165
Apple's PT raised by Citigroup Inc. to $135.00. http://t.co/LNHaOfRxU2 $AAPL #AAPL,Positive,0.5672379339051172
Apple's PT raised by Citigroup Inc. to $135.00. http://t.co/uRDSOSzGY7 $AAPL #AAPL,Positive,0.5672379339051172
"Need to lock down a #Sponsorship deal with @Swatch , @Nike &amp; @Apple 

Thank you for your cooperation.  
Regards, 
Uncle Mike",Positive,0.6598136826436904
@apple thank you http://t.co/wmSinAAuQf,Positive,0.9621727191066098
"RT @SRIG911: After #China, #Russia may ban some @Apple products, fearing #espionage: 

http://t.co/uJUZ2SWqgD http://t.co/5dJC9KeUqP",Positive,0.50320050560086
"APPLE - Fibonacci Technicals Levels - Intraday - Pre-Opening $AAPL #aapl 
http://t.co/geQDxkq8YX",Negative,0.5557220947943715
.@McDonalds Shares a Slice With #iPhone6 Lovers @apple http://t.co/Vv5TzERoKz,Positive,0.6384990471408915
#SteveJobs Predicted The Future Of #ECommerce Back In 1996 And Got It Exactly Right #aapl http://t.co/uKFVal2EAU,Positive,0.7662007967032191
"Apple Inc. vs Google Inc: The Battle Of The Tech Giants $AAPL #aapl
http://t.co/JrU4mZeGcG",Positive,0.6669934681509448
Here Is The New @iPad Ad #aapl http://t.co/Ec6QKDdTsK http://t.co/Cbpe7mtKvb,Positive,0.8715723356159262
"#AAPL:12 Under-the-Radar Stock Picks From Buffett, Icahn, Soros and Fellow B...http://t.co/QSxQQPAg2q",Positive,0.6008574002026689
Woah. Woke up to 20+ @apple emails of someone trying to verify that email for their device. My email minus . (which makes no diff on gmail),Negative,0.7738345423087636
Takes more than #marketing to convert shoppers to buyers. @Apple &amp; @VictoriasSecret create a total sense experience. http://t.co/5a4G6455JR,Positive,0.8444052134748448
"#AAPL slide, opens opportunity. Can't fill iPhone 6 or 6Plus orders, 6Plus rumored to be much much higher % than prev reported.",Negative,0.8030693451934177
Apple CEO Tim Cook comes out as gay @Apple   http://t.co/euFQQpMjj6  Via @posh360_Net,Negative,0.5269272531734829
"APPLE - Fibonacci Technicals Levels - Intraday  Update - $AAPL #aapl 
http://t.co/7i8cTId71P",Negative,0.5555549526062871
#IPhone6 #Plus Captures 41% of US #phablet Sales #aapl http://t.co/pbM5D7Z7Gw,Positive,0.6797702110572554
BLOCK TRADE detected in #AAPL,Positive,0.5143322102389286
Bruh @apple real niggas need that 128GB Ipod touch already,Negative,0.6750448784222411
"APPLE Intraday Comments - Updated RANGE  - PREMIUM USERS  #aapl #Stockaction #trading #Stocks #MKt
http://t.co/G0TeDLCB9z",Positive,0.573069605851099
Apple Continues Beefing Up Digital Audio Expertise by Hiring Dana Massie From Audience http://t.co/v4OFDCnz85 #AAPL,Negative,0.5020876267172345
#AAPL:One Of Apple's Earliest Employees Describes The First Time Steve Jobs ...http://t.co/4E0xzglORa,Positive,0.710479826083085
"Apple: $115 matches 8.4% increase in earnings. 2014Q3 EPS=$1.42 in  #IOS App Donkey Stocks on your #iPhone. #AAPL
https://t.co/8CBUgrEHZS",Negative,0.5136041083986316
my phone keeps restarting on its own @apple dont play me like that???,Negative,0.7415506403147514
RT @RatingsNetwork: Apple's PT raised by Citigroup Inc. to $135.00. http://t.co/LNHaOfRxU2 $AAPL #AAPL,Positive,0.5672379339051172
"RT @SRIG911: After #China, #Russia may ban some @Apple products, fearing #espionage: 

http://t.co/uJUZ2SWqgD http://t.co/5dJC9KeUqP",Positive,0.50320050560086
"Why the iPad is anything but doomed $AAPL #aapl
http://t.co/Fk8z5OpEMJ",Positive,0.6598377324740403
"Reminiscing on the first low-cost computer which, out of the box, you didn't have to be a geek to use. http://t.co/YH8Mvtfznk @Apple",Positive,0.5111825683392781
Last night I had like 10 more apps than I do now. What's up with that @apple  I hate you,Negative,0.8970365431116256
"Our first ever #OnFoodableWeekly! Much to discuss on this episode! @Apple Pay, @habitburger http://t.co/eMFKvWNgIo",Negative,0.5185338687326794
"@Apple [#Apple] #is developing an #iPhone that fires LASER BEAMS to #map surroundings .... (#Monday, 8 #December) http://t.co/D78wUFxrkK",Positive,0.5672379339051172
"APPLE Intraday Comments - Updated RANGE. - PREMIUM USERS  #aapl #Stockaction #trading #Stocks #MKt
http://t.co/G0TeDLCB9z",Positive,0.573069605851099
Headed to @IKEA and @Apple Store today. Yikes or Yay? #dayoffduties,Positive,0.652300344118022
@jeffstaple Tell @apple to update their events page. There's no listing for your presentation.,Positive,0.6603706846282773
"APPLE - Fibonacci Technicals Levels - Intraday  Update - $AAPL #aapl 
http://t.co/XXlH6ZbOGu",Negative,0.5555549526062871
#edgf14 Jane Horvath (director of global #privacy @Apple) is speaking,Positive,0.7133812516934681
"Former Apple Manager Sentenced to One Year in Prison, $4.5 Million Fine in Leaked Secrets Case [Mac Blog] http://t.co/9VmeiomrtN #AAPL",Positive,0.52254590244622
im so pissed i plugged my phone in overnight but it didnt charge fuck u @apple,Negative,0.8916760258831947
"@apple Siri was wildin last night, yall need to get her http://t.co/46sdzupvS4",Negative,0.6594409485418475
"iPhone 6 And 6 Plus Sales Are Growing Steadily Worldwide $AAPL #aapl
http://t.co/xdW6U3ORH5",Negative,0.6596920925186467
@smileforgoogle @Apple yknow that time it restarted and then my phone got blue screen lol wtf,Negative,0.5682943337964687
Why does #Yosemite constantly restart due to an error when left over night? #onlyme @apple,Negative,0.8540392191059143
BloombergTV:  Former #Apple Exec Sentence to 1 Year in Prison for Fraud http://t.co/h93QHz0uWA #aapl,Positive,0.5260191229429168
There is nothing in life more fragile than an Apple branded lightning cord. @Apple,Negative,0.6613314696915453
What has @Apple done now? RT @mitrebox: http://t.co/1HLmk87pQV,Positive,0.7571269845538853
Purchase a $99 @apple TV ($99 Value) simply by watching ads on @VidFall? Check out #vidfallauction here https://t.co/fxdy3PU8BM,Positive,0.8700586875931628
"Consumers Demand More Units Of The iPhone 6 And 6 Plus $AAPL #aapl
http://t.co/vUn5f5bKlP",Negative,0.6631608919433283
wtf is my conputer doing I left it alone for five minutes and it does this?? help @apple @billgates http://t.co/KTmXOrp03w,Negative,0.9120248796855328
@kayhlogan @Apple @BillGates the void awakens,Positive,0.5672379339051172
Shout out to @Apple for making crappy iPhone alarms that don't go off and make me late for my final..,Negative,0.7273677815529164
"Apple Assigned AA- Credit Rating by Morningstar  $AAPL #aapl
http://t.co/SLQQRKwGYP",Negative,0.65372419779212
"Updated to Yosemite on two machines. Both are now painfully slow. Thanks, @Apple.",Positive,0.7829450239163063
"@apple @testflightapp You should tell testers that if using Gmail on iOS, your app won't work. Doesn't tell testers at all.",Negative,0.8163167032085746
"Apple Continues Beefing Up Digital Audio Expertise by Hiring Dana Massie From Audience $AAPL #aapl
http://t.co/sT69lLINWY",Negative,0.5020876267172345
What if @Apple bought Telsa? Talent is key. Cook has access to Musk's bright mind on a permanent basis. Read more: http://t.co/nxhkHTGJ4L,Positive,0.7884626026448487
Steve Jobs Predicted Future Of E-Commerce Back In 1996 &amp; Got It Exactly Right! http://t.co/w7q2G2SCbH via @sai #ecommerce #AAPL,Positive,0.7562256683365596
Yo @apple I didn't need a subject line for my text &amp; iMessages folk.,Negative,0.6730820695524673
"APPLE - Fibonacci Technicals Levels - Intraday  Update - $AAPL #aapl 
http://t.co/ypWnW3gFRd",Negative,0.5555549526062871
New iPad ad focuses on getting things done | ZDNet http://t.co/vI9EzcTT5W via @ZDNet &amp; @the_pc_doc @Apple,Positive,0.8219433685255301
"Dear @Apple &amp; @iTunesMusic, I understand you want to protect me. Is there any way you can cool it on password lockouts &amp; resets?",Positive,0.624217359184266
Will #Apple and #Facebook Crush #Google? | The Motley Fool #aapl #fb #goog http://t.co/Me8RLrIoDf,Positive,0.595387713158598
3 #Tech Stocks That Could Soar in 2015 | The Motley Fool #goog #aapl #fb http://t.co/6LcuT1XTzX,Positive,0.5904376649511736
RT @mydigitalcoco: .@McDonalds Shares a Slice With #iPhone6 Lovers @apple http://t.co/Vv5TzERoKz,Positive,0.6384990471408915
Hey @apple my iPod touch is acting all wonky and I've done the factory settings and reinstalled stuff and nothing. Any other ideas?,Positive,0.5844616591415122
"Citigroup Inc. Boosts Apple Price Target to $135.00 $AAPL #aapl
http://t.co/yJaYxMBi4S",Negative,0.5111192423513184
I'm short on #AAPL with #put #options on the #Apple #stock.,Positive,0.5376893111016959
"APPLE Intraday Comments - Updated RANGE,. - PREMIUM USERS  #aapl #Stockaction #trading #Stocks #MKt
http://t.co/G0TeDLCB9z",Positive,0.573069605851099
BLOCK TRADE detected in #AAPL,Positive,0.5143322102389286
"#AAPL:Knicks, Jets, Giants ... all New York Sports are Rotten to the Big App...http://t.co/96GcJetwIb",Positive,0.6363088075548734
Pretty bad @apple my #iphone5 has 20%life left and it is only 11am.,Negative,0.8816993112004325
It makes you smarter.  Elevate is @apple app of the year!  Congratulations @jessepickard and team.  http://t.co/r0cgmthoCC,Positive,0.8213490399727054
"Happy Monday! My camera on my fancy @Apple #iPhone6Plus suddenly stopped working this weekend, so instead - I meme. http://t.co/XdySgcxUuv",Negative,0.5676618817046468
Apple Inc. To Open 500 Stores In India http://t.co/AMx3jhn1YH #AAPL,Negative,0.6801056198295294
"APPLE - Fibonacci Technicals Levels - Intraday  Update - $AAPL #aapl 
http://t.co/Q9Zkal66xy",Negative,0.5555549526062871
I've Abandoned #iTunes And I'm Never Going Back Because #GoogleMusic Is So Much Better #aapl #goog http://t.co/dp6pTxrTvp,Negative,0.5302768814184555
#AAPL:How to get an unsubsidized smartphone for $25...http://t.co/frqhIwnfP5,Positive,0.5263779193628875
RT @nicwill30: Shout out to @Apple for making crappy iPhone alarms that don't go off and make me late for my final..,Negative,0.7273677815529164
"Hey @apple, my iPhone 6 was fully charged at 7:30 am. Now it's on 20%. Is that a common battery life?",Positive,0.5712520166562761
Innovation has died with Steve Jobs #Apple #macintosh #aapl http://t.co/pJGz3buFC1,Negative,0.7352242647383866
Apple Inc. is doomed. $AAPL dropped by 1.27%! Currently priced at 113.535. http://t.co/K6PKMj3Sbf #AAPL,Negative,0.5004920409947229
Apple CEO Tim Cook comes out as gay @Apple   http://t.co/euFQQpMjj6  Via @posh360_Net,Negative,0.5269272531734829
RT @schreier: It makes you smarter.  Elevate is @apple app of the year!  Congratulations @jessepickard and team.  http://t.co/r0cgmthoCC,Positive,0.8213490399727054
"Who's Buying All Those New iPhones Anyway? $AAPL #aapl
http://t.co/oErygGHnsc",Positive,0.8791460719517681
RT @schreier: It makes you smarter.  Elevate is @apple app of the year!  Congratulations @jessepickard and team.  http://t.co/r0cgmthoCC,Positive,0.8213490399727054
BLOCK TRADE detected in #AAPL,Positive,0.5143322102389286
@schreier @sequoia @Apple @jessepickard yes it surely is a smart game . Even peak is good,Positive,0.9012212937412192
RT @schreier: It makes you smarter.  Elevate is @apple app of the year!  Congratulations @jessepickard and team.  http://t.co/r0cgmthoCC,Positive,0.8213490399727054
Knock for iPhone now lets you lock as well as unlock your Mac via Bluetooth http://t.co/vKKAUvargg #smhq #aapl,Positive,0.5940328474197444
RT @HamzeiAnalytics: BLOCK TRADE detected in #AAPL,Positive,0.5143322102389286
"Happy Monday! My camera on my fancy @Apple #iPhone6Plus suddenly stopped working this weekend, so instead - I meme. http://t.co/Mb067jv5SD",Negative,0.5676618817046468
"In the @Apple iPod antitrust case, recent development - Plaintiffs may never have bought the iPods in the first place http://t.co/ivBJa2YJgM",Positive,0.554228629537541
@apple make a fucking phone so the screen doesn't break.  I want my phone to be naked and free.,Negative,0.776390160695462
Why @Apple Needs #China to Love the #AppleWatch (AAPL): http://t.co/NOoedA2IZt via @themotleyfool #Wearables #WearableTech #Apple,Positive,0.6383500972815209
I hate it that my office email's not pushing emails now. It's fetching but on my settings it says push. #appleprobs #appleproblems @apple,Negative,0.7016198706455352
Love the new @apple @ipadair_2 TV spot - http://t.co/nW7a6iXsjE,Positive,0.9290387580412423
@SforSimrat I thought abt @Apple when bought @Dell lemon. Tried to save $. Wasn't worth savings. Regretting ever since. @DellCares #DellHell,Negative,0.7161504709742552
"#CondoSeniors said @Apple needs to supply condo with dedicated tech. So many issues with iphone, imac, ipads warrants it. Tech will eat well",Negative,0.7646557456465358
"Reminiscing on the first low-cost computer which, out of the box, you didn't have to be a geek to use. http://t.co/XqAsPopg9K @Apple",Positive,0.5111825683392781
MasterCard Teams Up With Gwen Stefani to Promote Apple Pay and 'Priceless Surprises' http://t.co/8SqKEuVjp5 #AAPL,Negative,0.5105437330342232
"Tim Cook Shows Off Apple Watch to Chinese Internet Official, Discusses Security Issues http://t.co/4nrcjqs75m #AAPL",Positive,0.5200649879530709
"We know that @Apple have a strong supply chain, but what is it that makes it that way? #SupplyChain #Operations http://t.co/Pk95RjYhcV",Positive,0.7278621611445404
"Apple is developing an iPhone that fires LASER BEAMS to map surroundings, patent reveals
http://t.co/fG4Zrvq8Bk #aapl #hnhd",Negative,0.7365392533622106
First to own 2600 digital languages IP is NEW leader of the Internet. Terms based on performance! .@apple .@samsung http://t.co/J1Jfx5occV,Positive,0.7200824925043605
"@5wa Haha, @Apple techs seeing the #CondoSeniors cookery should jump at opportunity! ;-)",Positive,0.8455786072367703
"APPLE - Fibonacci Technicals Levels - Intraday  Update - $AAPL #aapl 
http://t.co/3hXqrYtnfz",Negative,0.5555549526062871
"Job Listings Suggest Apple Plans to Boost Its Rumored Virtual Reality Program
http://t.co/OYLhaPsBTs #vr #aapl",Negative,0.6744754798496138
Thank u @Apple for having outstanding customer service &amp; exchanging a phone case that was clearly not made 4 the power user #customerforlife,Positive,0.7850918329444019
Glad I'm getting a non @apple computer . Four macs in a row http://t.co/KLr4GFao3n,Positive,0.6046106976179694
fucking @apple are memer FAGGOTS http://t.co/w8hbpxTRCJ,Negative,0.6685186075569061
@nigxnog @Apple bruh that means u type that a lot u fuckin punk bitch,Negative,0.5993401490435593
#AAPL:Glu Mobile (GLUU) Stock Gains on Insider Buys...http://t.co/ntKUYblUTi,Positive,0.5140828737753409
S/O to the techs at @apple,Positive,0.5672379339051172
#Samsung: How Will The #Galaxy #Note5 Improve On Its Predecessor? #SSNLF  #AAPL http://t.co/q0SrBLpbGV,Positive,0.6745980958016642
RT @schreier: It makes you smarter.  Elevate is @apple app of the year!  Congratulations @jessepickard and team.  http://t.co/r0cgmthoCC,Positive,0.8213490399727054
"#Apple, #PayPal, And #MobilePayments Worldwide  #AAPL http://t.co/VUMGuw3Yqr",Positive,0.5672379339051172
"Dear @Apple 
Can you please create a middle finger emoji ASAP
Sincerely,
All IPhone users",Negative,0.660399222958796
"RT @TheywantVonnie: Dear @Apple 
Can you please create a middle finger emoji ASAP
Sincerely,
All IPhone users",Negative,0.660399222958796
"RT @TheywantVonnie: Dear @Apple 
Can you please create a middle finger emoji ASAP
Sincerely,
All IPhone users",Negative,0.660399222958796
"APPLE - Fibonacci Technicals Levels - Intraday  Update - $AAPL #aapl 
http://t.co/t2uV8nZ46v",Negative,0.5555549526062871
"Debunking One of #Apple's Biggest Myths 

http://t.co/ZljMUApQV6

#AAPL",Positive,0.7044452803495234
"RT @JPDesloges: APPLE - Fibonacci Technicals Levels - Intraday  Update - $AAPL #aapl 
http://t.co/t2uV8nZ46v",Negative,0.5555549526062871
You gotta be kidding me @apple http://t.co/9xb06QOnHO,Positive,0.6719411236629083
Theyre not RT @Naivana_: You gotta be kidding me @apple http://t.co/GeeL25AlT1,Positive,0.6396941811239318
RT @LunchGod: Theyre not RT @Naivana_: You gotta be kidding me @apple http://t.co/GeeL25AlT1,Positive,0.6396941811239318
At all. RT @LunchGod: Theyre not RT @Naivana_: You gotta be kidding me @apple http://t.co/FFxW2fqJpi,Positive,0.6396941811239318
Yesh. RT @LunchGod: Theyre not RT @Naivana_: You gotta be kidding me @apple http://t.co/0MTt6MwUvd,Positive,0.6396941811239318
"RT @TheywantVonnie: Dear @Apple 
Can you please create a middle finger emoji ASAP
Sincerely,
All IPhone users",Negative,0.660399222958796
All of my apple product chargers look like that RT @LunchGod: Theyre not RT @Naivana_: You gotta be kidding me @apple http://t.co/4lXkHinwd2,Positive,0.6366704864750107
Apple Inc.'s (AAPL) Momentum Seems Nearly Unstoppable http://t.co/54tGY7Qezx #AAPL,Negative,0.5692177017944458
"Here's @Apple's Favorite Apps of 2014. http://t.co/dsqCRMiwAQ Elevate is #1. Threes! is
game-of-the-year. http://t.co/ny1lOKFQBK",Positive,0.572625507147157
"@Apple [#Apple] #Names Its Best #iPhone and #iPad Apps of the #Year. (#Monday, 8 #December) http://t.co/mjyS7WNCqv",Positive,0.5459895508760618
Same struggle.  RT @LunchGod: They're not RT @Naivana_: You gotta be kidding me @apple http://t.co/rkRKS5pn1M,Positive,0.6396941811239318
would you RECOMMEND buy the #AAPL DIPS...,Positive,0.554099402086652
Higher Price Targets Are Not Helping #Apple's Shares - Forbes #aapl http://t.co/ZESpZ5B8YC,Positive,0.5371122537314686
"Higher Price Targets Are Not Helping Apple's Shares $AAPL #aapl
http://t.co/QTLiiXy1Ed",Positive,0.5371122537314686
"RT @JPDesloges: Higher Price Targets Are Not Helping Apple's Shares $AAPL #aapl
http://t.co/QTLiiXy1Ed",Positive,0.5371122537314686
@scarlettsinatra @LunchGod @Naivana_ @apple simple solution http://t.co/TWSWCaXC3j,Positive,0.7670343195237407
"Typo Launches New iPhone 6 Keyboard, Avoiding Previous BlackBerry Lawsuit [iOS Blog] http://t.co/M431nBVAAX #AAPL",Positive,0.5670820971908493
Interesting apps pop up when you search for 'beta' on the @apple App Store,Positive,0.5949195935917652
CNBCTV:  Bulls running with #GoPro &amp; #Apple #gpro #aapl  http://t.co/zNj09hU6jb,Positive,0.6689962672851228
Our @Apple watch prototype for the male couch potato @smithandbeta @Clorox  @zemanta #digidaydbs http://t.co/ZkzvK5bxAw,Positive,0.684240928216413
CNBCTV:  Citi's #Apple optimism #aapl http://t.co/CGRe961fib,Positive,0.5672379339051172
"Yeah +1 thing I'm inspired by is Apple of course. So, Apple++. Here is TV ad from 2002: http://t.co/s5MgeHg9bO @apple #tvad",Positive,0.6318411771682585
"APPLE - Fibonacci Technicals Levels - Intraday  Update - $AAPL #aapl 
http://t.co/Kd64HwG6m2",Negative,0.5555549526062871
MasterCard debuts new ad spot starring #Apple Pay and Gwen Stefani - http://t.co/GppcWzeTBu #AAPL #GwenStefani,Positive,0.7733277858690389
BloombergTV:  #Wozniak: What Really Happened in #SteveJobs' Garage http://t.co/dmNbZukzoz #aapl,Negative,0.7404786502229528
Here's why #Apple shares will reach $135: Analyst #aapl http://t.co/KMU1kNQTY0,Positive,0.6850428977129701
"@Apple [#Apple] #is developing an #iPhone that fires LASER BEAMS to #map surroundings .... (#Monday, 8 #December) http://t.co/iFTHvj3Xvz",Positive,0.5672379339051172
RT @PulsePointBuzz: Our @Apple watch prototype for the male couch potato @smithandbeta @Clorox  @zemanta #digidaydbs http://t.co/ZkzvK5bxAw,Positive,0.684240928216413
"RT @AcrossTheBarTV: Our first ever #OnFoodableWeekly! Much to discuss on this episode! @Apple Pay, @habitburger http://t.co/eMFKvWNgIo",Negative,0.5185338687326794
Great service at @Apple #BethesdaRow thanks Jenna and Brandon!!!!!!!,Positive,0.9303787021794775
@Apple conclusion : Best client service ever,Positive,0.6889054343538897
How many iphone chargers do I need to go through? @Apple make charger durability a point in the new iPhone,Negative,0.7335714577047852
NO CALLER ID must be able to be BLOCKED on @AppIeOfflciaI products. @applenws @apple #Apple #iPhone6 #iPhone6Plus,Negative,0.8264453614092121
"Tim Cook Shows Off Apple Watch to Chinese Internet Official, Discusses Security Issues $AAPL #aapl
http://t.co/1YgmLj3v9D",Positive,0.5200649879530709
Nice1 @Uber... @Apple says these are the best #apps of 2014 http://t.co/HafmqqQdo5 via @Techland,Positive,0.6909077728831173
Comparison between @apple maps and @google maps: http://t.co/FyzGWVm6NR #longreads #webdesign,Positive,0.5672379339051172
"yo @Apple , why yall make it so hard to grip the 6?.",Positive,0.5083256359947412
#Apple Just Patented An Idea That #SteveJobs Would Have Hated #aapl http://t.co/EhK4iZ6t4R http://t.co/bi30fx5pTE,Negative,0.5863538651348474
@google @facebook @intel @apple Pay your taxes in our country!!! http://t.co/jS4K3jV1sj,Positive,0.5095370356925781
"Apple Watch's high-priced fashion focus on the mark, survey says $AAPL #aapl
http://t.co/1d9CjG42iQ",Positive,0.6569448584933929
#AAPL:Apple Returns Cash To Shareholders Because It's Out Of Ideas On How To...http://t.co/AvzNJvSQNq,Negative,0.6805730884934272
How many of @apple's top apps of 2014 do you have downloaded on your phone? http://t.co/BTOgs1cDGc,Positive,0.526889494917368
#applecare only cares about @Apple beware of false prophetsI mean profits!,Positive,0.6118961982128694
"@granitewinger @Apple 
Beware of anything that includes the word CARE.",Positive,0.719179421578311
"APPLE - Fibonacci Technicals Levels - Intraday  Update - $AAPL #aapl 
http://t.co/cXx1dFrHTM",Negative,0.5555549526062871
"I've been talking with @Apple support for almost 2 hours, absolutely no help at all.",Positive,0.6648955580127353
Why the fuck is there a 'recently deleted' photo album? @Apple,Negative,0.6665724076802242
"Come on #aapl, get your shit together!",Negative,0.558249179384283
The 5 best #iPhone games you should play this week http://t.co/SSokhrtlIL via @Techland #aapl,Positive,0.6919431684768983
RT @JustPoetic_: Why the fuck is there a 'recently deleted' photo album? @Apple,Negative,0.6665724076802242
"Massive mobile tech companies like @apple @xiaomi are excited by wearables and investing 40 million into @misfit

http://t.co/8geAEnRqdH",Positive,0.6673485516209325
"Massive mobile tech companies like @apple @xiaomi are excited by wearables and investing 40 million into @misfit

http://t.co/PNShe0GZ3y",Positive,0.6673485516209325
"UK:  Where to buy #iPhone6, iPhone 6 #Plus, iPhone 5S, iPhone 5C, iPhone 5, iPhone 4S http://t.co/N6NZpR1ZUl #aapl",Negative,0.7692204317678585
"MasterCard Teams up with Gwen Stefani to Promote Apple Pay $AAPL #aapl
http://t.co/EToKp308cW",Negative,0.5105437330342232
"#Apple #AAPL Plans to Launch #iPhone6Mini Version in 2015 - Dec 8, 2014 - http://t.co/9vQBCn64Qr http://t.co/EAxUGfqKqo via @ZacksResearch",Negative,0.5844164734554058
See Which 11 Guru Fund Managers Hold #Apple #aapl http://t.co/7DnMlXMFVh,Positive,0.7312246738108816
@Apple stores will host #free #coding workshops for #HourOfCode on 12/11/14 http://t.co/339o5OVY6H Via @TechCrunch @codeorg #computerscience,Positive,0.6812446231939845
Oh @Apple this is horrible packaging and shipping. #shame http://t.co/JaRpJYJ5Zu,Negative,0.7627496492110248
"Apple Plans to Launch iPhone 6 Mini Version in 2015  $AAPL #aapl
http://t.co/CIvVif64xC",Negative,0.6827789759008256
"APPLE - Fibonacci Technicals Levels - LAST Intraday  Update - $AAPL #aapl 
http://t.co/YF5rGxvaWX",Negative,0.6750661966455849
.@panic The inconsistency and overall weirdness that controls the @apple #appstore is why I archive previous versions.. easy to downgrade.,Positive,0.7037286169354603
Tryng to get back on snapchat but the App Store isn't cooperating @apple,Negative,0.7574710191444796
"Rumor Roundup: A tale of three rumor blogs $AAPL #aapl
http://t.co/67H4rfCIWC",Positive,0.687404984369884
"@viticci when is @Dropbox removing photo upload? And are @apple covering refund for those who purchased based on features, that are no more?",Positive,0.6471866321593327
"RT @OneRepublic: Studio at 45,000 ft.  One outlet,  4 computers.  @Apple we need the batteries of the future NoW!!!! http://t.co/astp9x6KET",Positive,0.6237907541110634
RT @WillliamLemar: RT @JustPoetic_: Why the fuck is there a 'recently deleted' photo album? @Apple,Negative,0.6665724076802242
"@Apple #iOS8 Notification Center is a pain in the ass: No way to sort, no way to dismiss all notifications, and hitting that [x] on each app",Positive,0.5405762821804184
iPhone6 fell 2 ft. Screen shattered like it was blown up. @apple wants an additional $109 to fix it. Maybe make a product that lasts?,Negative,0.7115515877420644
Is Apple a symptom of a tech bubble? Could Apple be overvalued? 700B Reasons for Apple's Valuation: https://t.co/MssFgcQiaF #Apple #AAPL,Positive,0.5224200682513699
F u @Apple UR geniuses can suck my ass!,Negative,0.7882550694070445
@justinbieber @apple get on it,Positive,0.5263779193628875
"APPLE Intraday Comments - LAST Update - PREMIUM USERS  #aapl #Stockaction #trading #Stocks #MKt
http://t.co/G0TeDLCB9z",Negative,0.6081074359293868
#AAPL:Jim Cramer: Why This Is Not the Tech Bubble We Saw in 2000...http://t.co/Yag6HUnBTa,Positive,0.6142548750378315
"Apple: Dec 8 Total Trading Daily Profits 2.78/sh  #aapl #Stockaction #trading #Stocks #MKt 
http://t.co/Le2r9f5crg",Positive,0.557707525459933
BLOCK TRADE detected in #AAPL,Positive,0.5143322102389286
"I hate my phone, I can't use it it's gone completely silent, and if I were to call @apple I would get even less help than I get now.",Negative,0.9449394850533169
Tim Cook Nominated for TIME's 2014 Person of the Year http://t.co/DUC1WnKodT #AAPL,Positive,0.7450245886066367
#Apple TV #Sales Topped by Chromecast: #AAPL Being Pushed Out: #Apple Inc. (AAPL) never made much of a fuss ab... http://t.co/F8iVLaaahw,Negative,0.6637285875168306
@Apple You should have your old products available to the people at the same economic standing as our current market at this sec. @AppStore,Positive,0.5600051565893261
Time is running out! #trading #stocks #futures #forex #trader #spy #qqq #baba #aapl #gpro #fb #eem http://t.co/JH7BMS1Kgb,Positive,0.604058433386357
thank you @apple for being such a little troll but putting the option close right above the save tab. LEGENDS,Positive,0.6865840664339922
RT @IHCFO: Gonna go out on a limb. #Twtr will be this decade's #AAPL.,Positive,0.5353531187919707
"Apple Inc. price at close, December 08, 2014, is 112.4. #apple #AAPL",Negative,0.640707625649337
APPLE'S TIM COOKE HITS THE NAIL ON THE HEAD http://t.co/96c0F0rfgX @tim_cook @apple #Apple #technews http://t.co/5cbhUAQbrL,Negative,0.5662380276196661
"Monday's Analyst Moves: Apple Inc., Chevron Corporation, Starbucks ... http://t.co/WoLR3QcwBy #AAPL",Negative,0.5223786140904099
I love my phone so much thank you based god @apple,Positive,0.8489266696131432
#AAPL:Here's why Apple shares will reach $135: Analyst...http://t.co/KTqY2USXRh,Positive,0.6058740975786315
"@apple @AppStore I want to exchange a sealed 16GB air 2 for a 64GB air 2, I will pay the difference. May I do this in a store?",Negative,0.7436838760413225
Daring Fireball: Transmit iOS and iCloud Drive @Apple http://t.co/kCByq0221c,Negative,0.6132429948914009
The UI of the future: Three takeaways from @Apple pioneer Bill Fernandez @ZDNet @jasonhiner http://t.co/lS1u0QFSGh,Positive,0.6672902464216028
"Can we see the evidence, please? http://t.co/RCPyCRIfky #FactCheckThis RT @apple @snopes @moronwatch",Positive,0.7045645884273095
"HOW TO: Make a realistic, song-length drum track using @apple Logic Pro X Drummer: http://t.co/5o26s4ZrqC #ProAudio http://t.co/PNlkoLdie6",Positive,0.7412634290948173
@India especially telling me that I've been randomly selected for a grant from our broke ass govt. I'm not @apple I don't get free govt $$$$,Negative,0.7560076244444087
"The 10 biggest differences between #Mac and #PC.  Yep, I'll stick with my Mac! #apple http://t.co/R45I1MHYX5 @apple @LisaEadicicco",Positive,0.7057520268045083
New Hearthstone Expansion 'Goblins vs Gnomes' Officially Launches [iOS Blog] http://t.co/LGJGwH13Va #AAPL,Positive,0.8255792792140373
"Happy Monday! My camera on my fancy @Apple #iPhone6Plus suddenly stopped working this weekend, so instead - I meme. http://t.co/lp9KPujmPg",Negative,0.5676618817046468
Apple Inc. and Facebook Clash; Neither Is Wrong http://t.co/ELe0YAQdQO #AAPL,Negative,0.6388401486191069
You'll be back in my life soon @apple,Positive,0.8044289233093198
Few spots left @WWCLondon's 10 Dec event @Apple http://t.co/LbKkp81uKE w/ @coderinheels @Dr_Black @WATC_girl @isabelladegen @bridget_connell,Negative,0.8349434451857292
"@em_magazine @apple been hearin' alot of bad drums lately including ahem, http://t.co/erpgqILCEl... let's hope they check this guide out",Positive,0.600058886463228
"The 10 biggest differences between #Mac and #PC.  Yep, I'll stick with my Mac! #apple http://t.co/bxbjni5iHn @apple @LisaEadicicco",Positive,0.7057520268045083
"The 10 biggest differences between #Mac and #PC.  Yep, I'll stick with my Mac! #apple http://t.co/obykvsjfJY @apple @LisaEadicicco",Positive,0.7057520268045083
@Apple HEY FUCK U MY PHONE SPEAKER NO LONGER WORKS JUST B/C,Positive,0.5254441610283509
@apple hey nvm but I shouldn't have to restart my phone to make it work,Positive,0.5064687984650469
RT @HorseshoeBmore #Holiday #Giveaway! To ensure you stay in touch on the go ck out brands like @Apple @amazon http://t.co/EhR3sX3DJG,Positive,0.7358029378081289
RT @HorseshoeBmore #Holiday #Giveaway! To ensure you stay in touch on the go ck out brands like @Apple @amazon http://t.co/3mcZw84vbp,Positive,0.7358029378081289
RT @HorseshoeBmore #Holiday #Giveaway! To ensure you stay in touch on the go ck out brands like @Apple @amazon http://t.co/v2GViV6qnh,Positive,0.7358029378081289
RT @HorseshoeBmore #Holiday #Giveaway! To ensure you stay in touch on the go ck out brands like @Apple @amazon http://t.co/jMAL4mOWmz,Positive,0.7358029378081289
"@Apple [#Apple] #Names Its Best #iPhone and #iPad Apps of the #Year. (#Monday, 8 #December) http://t.co/diZhjbZbKn",Positive,0.5459895508760618
"Apple Inc. is Catching up on iPhone 6 Supply, But Still Lagging Demand http://t.co/4b8UD92o8A #AAPL",Negative,0.8458091415919863
Here's @Apple's picks for best apps and games of 2014. http://t.co/1BWd8k32gv,Positive,0.6400337456970104
#AAPL deep in the money Calls,Positive,0.5670525335013906
#AAPL:See Which 11 Guru Fund Managers Hold Apple...http://t.co/Yt92v0Ove3,Positive,0.6253223284068564
"@CBCHomestretch my @Apple #iMac caught fire while not in use, just sitting on my desk. Luckily I was nearby and was able to sort it out.",Positive,0.652022543275994
"In case of accident, stay safe with our free @Apple app #Winnipeg http://t.co/wYJVGqW6qT",Positive,0.6161712705889272
I don't know what you're trying to do @apple but phone updates are turned off. Thanks for letting me 'aware' by error http://t.co/yMyoY61hz5,Positive,0.5032599740646299
#AAPL providing another great entry point &lt; $115,Positive,0.8197880411087183
@AzakFeverAFC phone is awful. Why is there a green line? Need a new one. @Apple sort it out. Not on. AF,Negative,0.848237598035566
@AzakFeverAFC @Apple Do you need Intel. Dm. JW.,Negative,0.799467103914011
"Trade $AAPL #FREE Nightly Updates are #posted here on #Twitter, or you can visit the #Trade #AAPL FREE #website here http://t.co/U4TKeApbxF",Positive,0.6880863740034503
#AAPL:Apple Inc. and Facebook Clash; Neither Is Wrong...http://t.co/UuvN8TkrRs,Negative,0.6388401486191069
@AzakFeverAFC @Apple or you could learn to take pictures off the internet better,Positive,0.7417676647692987
Steve Wozniak Says @Apple Starting In Garage Is A Complete Myth @stevewoz- http://t.co/JyAtqxYwha http://t.co/EaBOxjAoFd,Negative,0.5003947035433797
RT @jimmy5098: @AzakFeverAFC @Apple or you could learn to take pictures off the internet better,Positive,0.7417676647692987
I'm learning all about Apple iPad mini Smart Cover - Green at @Influenster! @Apple http://t.co/RioO60xsQ1,Positive,0.706572845842074
"@brettgilmour @Apple You're not the only one apparently, based on that last interview we did with @carmilevy",Negative,0.5251553407717631
"the ##Best #iPhone Apps Of The Year, #According To @Apple [#Apple]. (#Monday, 8 #December) http://t.co/rFE2j3C60K",Negative,0.6735314971205056
"@Apple [#Apple] #(AAPL) Plans to #Launch #iPhone6 Mini Version in #2015. (#Monday, 8 #December) http://t.co/pq4NgQfDb3",Negative,0.591620698497322
Bose Products Could Be Returning to Apple Store Shelves Next Week http://t.co/0CMkapShb4 #AAPL,Negative,0.6103871659772752
"Good grief, @Apple, could you all have a more sucky hold music queue playlist? No offense, but, ewwwwww! Johnny Cash into a rap song? Gross",Positive,0.5369892227413933
"@Apple: You were doing great with Johnny cash, but Damn that was jarring!",Negative,0.6852053474359956
"@EM_Magazine @Apple How about showing us also in Sonar X3,Ableton Live,Propellerhead Reason,Reaper and MixCraft.",Negative,0.5161827050273147
"Apple Stock in Upward Trend After 'Explosive' Holiday Quarter, Apple Watch Release in 2015 -  http://t.co/P5XPaYCE7t #AAPL",Negative,0.5378439317042065
The only reason I have an iPhone is because of iMessage. @apple BRUH make a better battery,Negative,0.6021918931694409
Check out @Apple MacBook Pro 15.4 Retina 2.6 Ghz i7 8gb 500gb ssd mid 2012 GT 650M 2magsafe #Apple http://t.co/6t7L3R7tIx via @eBay,Positive,0.5737663848597347
"Citi, BMO boost Apple price targets http://t.co/U3muDVsKbV #News #AAPL #Applepricetargets #Applestock #Apple #iPhone #News",Negative,0.5111192423513184
#aapl #Apple stock price plummeting... Time to sell for a bit?,Negative,0.5627754503907421
We're so excited to be named to @Apple's 'App Store Best of 2014' list this year! http://t.co/d7qlmti4Uf #Apple,Positive,0.8778803272299733
RT @SwiftKey: We're so excited to be named to @Apple's 'App Store Best of 2014' list this year! http://t.co/d7qlmti4Uf #Apple,Positive,0.8778803272299733
RT @SwiftKey: We're so excited to be named to @Apple's 'App Store Best of 2014' list this year! http://t.co/d7qlmti4Uf #Apple,Positive,0.8778803272299733
@apple - bring back #classiciPod #cantbelieveitsgone,Positive,0.6452629918565059
Day 12 without access to my @iTunes passwd. Apple 'working on it'. No new apps or calendar. @apple ecosystem has achilles? Your move @google,Negative,0.673977166946853
@SwiftKey @Apple Oh In wish you guys would port hebrew from the android version already! I have swapping abck and forth,Negative,0.8769454844713896
Bose products reportedly set to return to #Apple Store shelves as early as next week - http://t.co/fqnkD6rsDT #AAPL #JimmyIovine,Negative,0.5254547484715526
"Too much completely broken shit in the world, fucks sake. (And Fuck You @Apple for the bullshit 'autocorrects')",Negative,0.8606617622841317
"#Apple Inc. #AAPL Price Target, EPS Estimates Raised by BMO http://t.co/LzZw8c3xhv via @ValueWalk",Positive,0.5648654326933972
#Apple PT Raised to $135.00 #AAPL http://t.co/Ads3dEj0UR via @RatingsNetwork,Positive,0.556903593355219
RT @SwiftKey: We're so excited to be named to @Apple's 'App Store Best of 2014' list this year! http://t.co/d7qlmti4Uf #Apple,Positive,0.8778803272299733
@SwiftKey @Apple too bad all third party keyboards on iOS are buggy as hell and therefore completely unusable. Undeserved.,Negative,0.708091449757406
#Former @Apple exec sentenced to one year in prison for selling #company #secrets http://t.co/EByDSh8Ufv #uasm,Positive,0.5088703232894717
I wonder if @Apple is aware that they use the international symbol for #KissMyAss in their retail stores? http://t.co/Z16LEgkKNO,Positive,0.654694939437405
"Watch the weekend's new TV ads from @RadioShack, @Apple and more http://t.co/cKdkibI6PL",Positive,0.5932812161574883
Best Buy Cuts Apple Inc. iPad Prices to Boost Sales http://t.co/ca3m9oiAYb #AAPL #iPad,Positive,0.6595398290913635
Great time had @Apple store on Friday. @RussellFerg &amp; his #krumpers &amp; a #talkBack http://t.co/N6RdHXm2oP @TWDanceCenter #UrbanNutcracker,Positive,0.810051889164958
"RT @adage: Watch the weekend's new TV ads from @RadioShack, @Apple and more http://t.co/cKdkibI6PL",Positive,0.5932812161574883
"RT @ColdDimSum: Too much completely broken shit in the world, fucks sake. (And Fuck You @Apple for the bullshit 'autocorrects')",Negative,0.8606617622841317
#AAPL:Apple Just Patented An Idea That Steve Jobs Would Have Hated...http://t.co/7ZWB6A98Kj,Positive,0.5103695601056293
Omg this girl is STILL using my email to try and login to her @Apple act! You have the wrong email! Stop trying to 'verify'!,Negative,0.8228523249567321
"RT @adage: Watch the weekend's new TV ads from @RadioShack, @Apple and more http://t.co/cKdkibI6PL",Positive,0.5932812161574883
"RT @adage: Watch the weekend's new TV ads from @RadioShack, @Apple and more http://t.co/cKdkibI6PL",Positive,0.5932812161574883
Completely in love with my @apple #iphone6 right now. Playing with my #newphone &amp; digging into some @pappajohns. Day=Complete #pizza,Positive,0.8585044194498221
@Apple @iTunes #WhitePower #HateMusic #HateSpeech #IcantBreathe Not A Good Look http://t.co/ayV9kMemfj,Positive,0.9338710709933239
@FastCoExist If you use @Apple congrats you just gave the government permission to spy on you.  #Apple,Positive,0.7898619981911693
@matt_garber @levifig @dcurtis hah. I wasn't defending it. But this is @apple and they don't understand the internet.,Negative,0.7805433246508328
cool 90 minutes later I now have Yosemite X on Macbook not bad for an almost 10 year old computer still run strong @Apple #winning,Negative,0.5051086116632573
"Apple Inc. is Catching up on iPhone 6 Supply, But Still Lagging Demand http://t.co/kevjUx24MN #AAPL",Negative,0.8458091415919863
Always so impressed with the customer service at the @apple store square one. My laptop works again and didn't cost me a dime!,Negative,0.6800827885969646
.@Apple there is still not a suicide note template on your most recent pages update how much longer do I have to wait,Negative,0.7581729681529797
Few spots left @WWCLondon's 10 Dec event @Apple w/ @coderinheels @Dr_Black @WATC_girl @isabelladegen... http://t.co/2XLmDI61HF,Negative,0.8349434451857292
thanks @apple for making life complicated,Positive,0.9341705130947613
"#mkt Final #AAPL #PutCallRatios for Monday, December 8, 2014:  http://t.co/PMJ7YF8RtB",Negative,0.7272333248811076
"Final #AAPL #PutCallRatios for Monday, December 8, 2014 http://t.co/Ocz4egZX8h via Hamzei  $$",Negative,0.6983072011638056
thanking @apple for the 'do not disturb' feature,Positive,0.6560759297926497
the most offensive thing is the lack of a trashcan emoji stop the discrimination @apple,Negative,0.5142540994607397
RT @saigeist: the most offensive thing is the lack of a trashcan emoji stop the discrimination @apple,Negative,0.5142540994607397
"RT @OptionsFeed: Final #AAPL #PutCallRatios for Monday, December 8, 2014 http://t.co/Ocz4egZX8h via Hamzei  $$",Negative,0.6983072011638056
Apple Inc. vs Google Inc: The Battle Of The Tech Giants http://t.co/eQx6S6fxtP #AAPL,Positive,0.6669934681509448
RT @gxldblvnts: thanking @apple for the 'do not disturb' feature,Positive,0.6560759297926497
Hope @Apple &amp; #iOS will allow compact views for 3rd party keyboards like #SwiftKey and #Swype do on #Android.,Positive,0.7635670075155372
"My MacBook Pro is now as annoying as my ASUS Windows 8 computer. Freezing, laggy, etc.  So much for @apple's excellence.",Negative,0.7202450298632539
RT @recentrates: Best Buy Cuts Apple Inc. iPad Prices to Boost Sales http://t.co/ca3m9oiAYb #AAPL #iPad,Positive,0.6595398290913635
@VRich_ I want a gold metallic MacBook to go with my iPhone 6 plus @apple,Negative,0.7216046502060618
Natalie Portman Passes on Aaron Sorkin's Steve Jobs Movie http://t.co/mHR1YwcFKW #AAPL,Positive,0.6551555888528948
5 Companies Growing Faster Than Apple Inc. http://t.co/SvbEfgMS7O #AAPL,Negative,0.5384189963383835
"Final #AAPL #PutCallRatios for Monday, December 8, 2014 http://t.co/m7kpdgqeyy",Negative,0.7272333248811076
From @verso: @Apple Retail Celebrates Computer Science Education Week http://t.co/TfAY5reAce #hourofcode,Negative,0.5981322690775132
Why can't we FaceTime more than one person at a time @apple ? I need answers dammit until then oovoo winning.,Negative,0.8502243729293546
"@Armitagina well they don't want people recording the movie, I guess. We'll see. I know it's crazy! But just RA, LP and LE will be @Apple.",Positive,0.5172275321280424
#Apple 'hoarding' #iPhone6 supply for its own stores http://t.co/2pXYcbV7gd #IBDBlogs via @IBDinvestors  #aapl,Positive,0.508343198760751
.@Apple needs to consider these emoji's! I REALLY NEED THEM IN MY LIFE!!! http://t.co/HYpcrcgJ44 via @buzzfeed,Negative,0.6337947830707432
'Not a book on how @Apple or @Starbucks grow global brands. This is your book on how to grow your #stickybrand ' http://t.co/aJt29u9Bt1,Positive,0.7194624450880014
"#Apple Inc. is Catching up on #iPhone6 Supply, But Still Lagging Demand | The Motley Fool #aapl http://t.co/qI7Wh3yh48",Negative,0.67690891347941
#Apple Inc. and #Facebook Clash; Neither Is Wrong | The Motley Fool #fb #aapl http://t.co/AAy60rtQFC,Negative,0.6052059064620359
My old iPhone exploded for no good reason @apple what the heck??? http://t.co/z0SDrKsbwT,Positive,0.5737056564139985
CNBCTV: Buy #Apple's pullback? http://t.co/nlu6irYKVL #aapl,Negative,0.512407695977792
my computer sux @apple fix it,Negative,0.7773552335284071
"No videos tonight, turns out iPads still need electricity to function. Figure it out, @apple 

PS lol key studies at 144",Negative,0.7896698280841629
"Protesters stage #DieIn protests in @Apple store in NYC... Is it me, or is this anger misplaced? RETWEET if you agree.",Positive,0.6815347757214584
"For the past week my phone stay freezing &amp; closing out apps on me, wtf @apple?!",Negative,0.7628945970188543
"RT @TeamCavuto: Protesters stage #DieIn protests in @Apple store in NYC... Is it me, or is this anger misplaced? RETWEET if you agree.",Positive,0.6815347757214584
"RT @TeamCavuto: Protesters stage #DieIn protests in @Apple store in NYC... Is it me, or is this anger misplaced? RETWEET if you agree.",Positive,0.6815347757214584
"RT @TeamCavuto: Protesters stage #DieIn protests in @Apple store in NYC... Is it me, or is this anger misplaced? RETWEET if you agree.",Positive,0.6815347757214584
"RT @TeamCavuto: Protesters stage #DieIn protests in @Apple store in NYC... Is it me, or is this anger misplaced? RETWEET if you agree.",Positive,0.6815347757214584
"RT @TeamCavuto: Protesters stage #DieIn protests in @Apple store in NYC... Is it me, or is this anger misplaced? RETWEET if you agree.",Positive,0.6815347757214584
"RT @TeamCavuto: Protesters stage #DieIn protests in @Apple store in NYC... Is it me, or is this anger misplaced? RETWEET if you agree.",Positive,0.6815347757214584
"RT @TeamCavuto: Protesters stage #DieIn protests in @Apple store in NYC... Is it me, or is this anger misplaced? RETWEET if you agree.",Positive,0.6815347757214584
"RT @TeamCavuto: Protesters stage #DieIn protests in @Apple store in NYC... Is it me, or is this anger misplaced? RETWEET if you agree.",Positive,0.6815347757214584
"RT @TeamCavuto: Protesters stage #DieIn protests in @Apple store in NYC... Is it me, or is this anger misplaced? RETWEET if you agree.",Positive,0.6815347757214584
"RT @TeamCavuto: Protesters stage #DieIn protests in @Apple store in NYC... Is it me, or is this anger misplaced? RETWEET if you agree.",Positive,0.6815347757214584
"RT @TeamCavuto: Protesters stage #DieIn protests in @Apple store in NYC... Is it me, or is this anger misplaced? RETWEET if you agree.",Positive,0.6815347757214584
"RT @TeamCavuto: Protesters stage #DieIn protests in @Apple store in NYC... Is it me, or is this anger misplaced? RETWEET if you agree.",Positive,0.6815347757214584
"@TeamCavuto @Apple Neil, the problem is NOT the POLICE but the GOVT as Neal Bootz points out so well: http://t.co/UNaoaL3cOP",Positive,0.7943077173991809
"RT @TeamCavuto: Protesters stage #DieIn protests in @Apple store in NYC... Is it me, or is this anger misplaced? RETWEET if you agree.",Positive,0.6815347757214584
"RT @TeamCavuto: Protesters stage #DieIn protests in @Apple store in NYC... Is it me, or is this anger misplaced? RETWEET if you agree.",Positive,0.6815347757214584
"RT @TeamCavuto: Protesters stage #DieIn protests in @Apple store in NYC... Is it me, or is this anger misplaced? RETWEET if you agree.",Positive,0.6815347757214584
"RT @TeamCavuto: Protesters stage #DieIn protests in @Apple store in NYC... Is it me, or is this anger misplaced? RETWEET if you agree.",Positive,0.6815347757214584
"RT @TeamCavuto: Protesters stage #DieIn protests in @Apple store in NYC... Is it me, or is this anger misplaced? RETWEET if you agree.",Positive,0.6815347757214584
"RT @TeamCavuto: Protesters stage #DieIn protests in @Apple store in NYC... Is it me, or is this anger misplaced? RETWEET if you agree.",Positive,0.6815347757214584
"RT @TeamCavuto: Protesters stage #DieIn protests in @Apple store in NYC... Is it me, or is this anger misplaced? RETWEET if you agree.",Positive,0.6815347757214584
"RT @TeamCavuto: Protesters stage #DieIn protests in @Apple store in NYC... Is it me, or is this anger misplaced? RETWEET if you agree.",Positive,0.6815347757214584
"RT @TeamCavuto: Protesters stage #DieIn protests in @Apple store in NYC... Is it me, or is this anger misplaced? RETWEET if you agree.",Positive,0.6815347757214584
"RT @TeamCavuto: Protesters stage #DieIn protests in @Apple store in NYC... Is it me, or is this anger misplaced? RETWEET if you agree.",Positive,0.6815347757214584
"RT @TeamCavuto: Protesters stage #DieIn protests in @Apple store in NYC... Is it me, or is this anger misplaced? RETWEET if you agree.",Positive,0.6815347757214584
"Apple sux '@TeamCavuto: Protesters stage protests in @Apple store in NYC... Is it me, or is this anger misplaced? RETWEET if you agree.'",Negative,0.5207946576059628
"RT @TeamCavuto: Protesters stage #DieIn protests in @Apple store in NYC... Is it me, or is this anger misplaced? RETWEET if you agree.",Positive,0.6815347757214584
"@TeamCavuto @Apple Not just you, I agree, we need to refocus on peace, there is to much violence in the USA nowdays",Positive,0.6154532498809927
"RT @TeamCavuto: Protesters stage #DieIn protests in @Apple store in NYC... Is it me, or is this anger misplaced? RETWEET if you agree.",Positive,0.6815347757214584
"RT @TeamCavuto: Protesters stage #DieIn protests in @Apple store in NYC... Is it me, or is this anger misplaced? RETWEET if you agree.",Positive,0.6815347757214584
"RT @TeamCavuto: Protesters stage #DieIn protests in @Apple store in NYC... Is it me, or is this anger misplaced? RETWEET if you agree.",Positive,0.6815347757214584
"RT @TeamCavuto: Protesters stage #DieIn protests in @Apple store in NYC... Is it me, or is this anger misplaced? RETWEET if you agree.",Positive,0.6815347757214584
"RT @TeamCavuto: Protesters stage #DieIn protests in @Apple store in NYC... Is it me, or is this anger misplaced? RETWEET if you agree.",Positive,0.6815347757214584
"RT @TeamCavuto: Protesters stage #DieIn protests in @Apple store in NYC... Is it me, or is this anger misplaced? RETWEET if you agree.",Positive,0.6815347757214584
@prettynumbers @TeamCavuto @Apple For so many reasons. https://t.co/aeHBi4IvoG,Positive,0.5852099572915811
@TeamCavuto @Apple all they are doing now is alienating people. Blocking Federal Interstates need to be stopped too. Endangering lives.,Negative,0.8136331513048654
"RT @TeamCavuto: Protesters stage #DieIn protests in @Apple store in NYC... Is it me, or is this anger misplaced? RETWEET if you agree.",Positive,0.6815347757214584
"RT @TeamCavuto: Protesters stage #DieIn protests in @Apple store in NYC... Is it me, or is this anger misplaced? RETWEET if you agree.",Positive,0.6815347757214584
"RT @TeamCavuto: Protesters stage #DieIn protests in @Apple store in NYC... Is it me, or is this anger misplaced? RETWEET if you agree.",Positive,0.6815347757214584
"@prettynumbers @TeamCavuto @Apple Also, Steve Jobs? Overrated. https://t.co/0Zu1Cga8kP",Positive,0.7280042876341337
"RT @TeamCavuto: Protesters stage #DieIn protests in @Apple store in NYC... Is it me, or is this anger misplaced? RETWEET if you agree.",Positive,0.6815347757214584
"RT @TeamCavuto: Protesters stage #DieIn protests in @Apple store in NYC... Is it me, or is this anger misplaced? RETWEET if you agree.",Positive,0.6815347757214584
"RT @TeamCavuto: Protesters stage #DieIn protests in @Apple store in NYC... Is it me, or is this anger misplaced? RETWEET if you agree.",Positive,0.6815347757214584
@eternalmuke wtf Siri step your game up @apple,Negative,0.5729976929583476
"RT @TeamCavuto: Protesters stage #DieIn protests in @Apple store in NYC... Is it me, or is this anger misplaced? RETWEET if you agree.",Positive,0.6815347757214584
"RT @TeamCavuto: Protesters stage #DieIn protests in @Apple store in NYC... Is it me, or is this anger misplaced? RETWEET if you agree.",Positive,0.6815347757214584
"RT @TeamCavuto: Protesters stage #DieIn protests in @Apple store in NYC... Is it me, or is this anger misplaced? RETWEET if you agree.",Positive,0.6815347757214584
"RT @TeamCavuto: Protesters stage #DieIn protests in @Apple store in NYC... Is it me, or is this anger misplaced? RETWEET if you agree.",Positive,0.6815347757214584
"RT @TeamCavuto: Protesters stage #DieIn protests in @Apple store in NYC... Is it me, or is this anger misplaced? RETWEET if you agree.",Positive,0.6815347757214584
"RT @TeamCavuto: Protesters stage #DieIn protests in @Apple store in NYC... Is it me, or is this anger misplaced? RETWEET if you agree.",Positive,0.6815347757214584
"RT @TeamCavuto: Protesters stage #DieIn protests in @Apple store in NYC... Is it me, or is this anger misplaced? RETWEET if you agree.",Positive,0.6815347757214584
"@TeamCavuto @Apple Macy's and Apple, they just want to be on the news",Negative,0.8168478740543794
@TeamCavuto @Apple At this point it's not anger. It's simply a manifestation of stupid.,Negative,0.5437709952385604
@TeamCavuto @Apple Most of these stooges have no idea why they're even out there. This is Occupy v.2.,Negative,0.6192398229758243
@TeamCavuto @Apple Whose paying the Professional Protesters? They seem Occupy Wall Street types.  Wake Up America. This is disgust BS.,Negative,0.644352095638094
"RT @TeamCavuto: Protesters stage #DieIn protests in @Apple store in NYC... Is it me, or is this anger misplaced? RETWEET if you agree.",Positive,0.6815347757214584
"RT @TeamCavuto: Protesters stage #DieIn protests in @Apple store in NYC... Is it me, or is this anger misplaced? RETWEET if you agree.",Positive,0.6815347757214584
@SealsKevin @TeamCavuto @Apple Hopefully endangering their own lives!,Positive,0.53940801637136
"RT @TeamCavuto: Protesters stage #DieIn protests in @Apple store in NYC... Is it me, or is this anger misplaced? RETWEET if you agree.",Positive,0.6815347757214584
"RT @TeamCavuto: Protesters stage #DieIn protests in @Apple store in NYC... Is it me, or is this anger misplaced? RETWEET if you agree.",Positive,0.6815347757214584
"RT @TeamCavuto: Protesters stage #DieIn protests in @Apple store in NYC... Is it me, or is this anger misplaced? RETWEET if you agree.",Positive,0.6815347757214584
"RT @TeamCavuto: Protesters stage #DieIn protests in @Apple store in NYC... Is it me, or is this anger misplaced? RETWEET if you agree.",Positive,0.6815347757214584
"RT @TeamCavuto: Protesters stage #DieIn protests in @Apple store in NYC... Is it me, or is this anger misplaced? RETWEET if you agree.",Positive,0.6815347757214584
"RT @TeamCavuto: Protesters stage #DieIn protests in @Apple store in NYC... Is it me, or is this anger misplaced? RETWEET if you agree.",Positive,0.6815347757214584
"RT @TeamCavuto: Protesters stage #DieIn protests in @Apple store in NYC... Is it me, or is this anger misplaced? RETWEET if you agree.",Positive,0.6815347757214584
"RT @TeamCavuto: Protesters stage #DieIn protests in @Apple store in NYC... Is it me, or is this anger misplaced? RETWEET if you agree.",Positive,0.6815347757214584
"RT @TeamCavuto: Protesters stage #DieIn protests in @Apple store in NYC... Is it me, or is this anger misplaced? RETWEET if you agree.",Positive,0.6815347757214584
"RT @TeamCavuto: Protesters stage #DieIn protests in @Apple store in NYC... Is it me, or is this anger misplaced? RETWEET if you agree.",Positive,0.6815347757214584
"RT @TeamCavuto: Protesters stage #DieIn protests in @Apple store in NYC... Is it me, or is this anger misplaced? RETWEET if you agree.",Positive,0.6815347757214584
@pambesteder @TeamCavuto @Apple well said,Positive,0.6645069357234579
"RT @TeamCavuto: Protesters stage #DieIn protests in @Apple store in NYC... Is it me, or is this anger misplaced? RETWEET if you agree.",Positive,0.6815347757214584
"RT @TeamCavuto: Protesters stage #DieIn protests in @Apple store in NYC... Is it me, or is this anger misplaced? RETWEET if you agree.",Positive,0.6815347757214584
"#AAPL:Apple trial continues, without a plaintiff for now...http://t.co/DjDkC4HkPZ",Negative,0.684362239931606
"RT @TeamCavuto: Protesters stage #DieIn protests in @Apple store in NYC... Is it me, or is this anger misplaced? RETWEET if you agree.",Positive,0.6815347757214584
"RT @TeamCavuto: Protesters stage #DieIn protests in @Apple store in NYC... Is it me, or is this anger misplaced? RETWEET if you agree.",Positive,0.6815347757214584
"RT @TeamCavuto: Protesters stage #DieIn protests in @Apple store in NYC... Is it me, or is this anger misplaced? RETWEET if you agree.",Positive,0.6815347757214584
I just got this charger like 2 weeks ago what the frick @apple,Negative,0.6663011325773744
"RT @TeamCavuto: Protesters stage #DieIn protests in @Apple store in NYC... Is it me, or is this anger misplaced? RETWEET if you agree.",Positive,0.6815347757214584
@TeamCavuto @Apple They're staging a die in ar an Apple store while being on their iPhone.,Negative,0.8135554974845118
Anyone else notice the arm hair color of the Fallon/Timberlake hand models is backwards in the @apple iPhone gaming spot?,Negative,0.61568997743459
"RT @TeamCavuto: Protesters stage #DieIn protests in @Apple store in NYC... Is it me, or is this anger misplaced? RETWEET if you agree.",Positive,0.6815347757214584
"RT @TeamCavuto: Protesters stage #DieIn protests in @Apple store in NYC... Is it me, or is this anger misplaced? RETWEET if you agree.",Positive,0.6815347757214584
RT @pambesteder: @TeamCavuto @Apple At this point it's not anger. It's simply a manifestation of stupid.,Negative,0.5437709952385604
"RT @TeamCavuto: Protesters stage #DieIn protests in @Apple store in NYC... Is it me, or is this anger misplaced? RETWEET if you agree.",Positive,0.6815347757214584
"RT @TeamCavuto: Protesters stage #DieIn protests in @Apple store in NYC... Is it me, or is this anger misplaced? RETWEET if you agree.",Positive,0.6815347757214584
.@TeamCavuto @Apple I don't believe it matters if you think this anger is misplaced. #DieIn,Positive,0.5732834199558384
"RT @TeamCavuto: Protesters stage #DieIn protests in @Apple store in NYC... Is it me, or is this anger misplaced? RETWEET if you agree.",Positive,0.6815347757214584
@TeamCavuto @Apple It's like a temper tantrum. Like little kids who aren't getting their way. 30-year-old children having tantrums.,Positive,0.5241397616355706
"RT @TeamCavuto: Protesters stage #DieIn protests in @Apple store in NYC... Is it me, or is this anger misplaced? RETWEET if you agree.",Positive,0.6815347757214584
"RT @TeamCavuto: Protesters stage #DieIn protests in @Apple store in NYC... Is it me, or is this anger misplaced? RETWEET if you agree.",Positive,0.6815347757214584
"RT @TeamCavuto: Protesters stage #DieIn protests in @Apple store in NYC... Is it me, or is this anger misplaced? RETWEET if you agree.",Positive,0.6815347757214584
"RT @TeamCavuto: Protesters stage #DieIn protests in @Apple store in NYC... Is it me, or is this anger misplaced? RETWEET if you agree.",Positive,0.6815347757214584
"@TeamCavuto @Apple A protest should not show any form of violence, because violence is very destructive: https://t.co/DvTwIh8MdV",Negative,0.5679174472817694
"@TeamCavuto @Apple Blacks (13% of pop.) murder 1000 more people per yr. than whites (63% of pop.)! 
THIS is what police deal with!",Positive,0.7824783840318512
"RT @TeamCavuto: Protesters stage #DieIn protests in @Apple store in NYC... Is it me, or is this anger misplaced? RETWEET if you agree.",Positive,0.6815347757214584
"RT @TeamCavuto: Protesters stage #DieIn protests in @Apple store in NYC... Is it me, or is this anger misplaced? RETWEET if you agree.",Positive,0.6815347757214584
@TeamCavuto @FairOaksTrader @Apple These actions are not helping their cause. #DemocratsWaronTruth,Positive,0.5060443003313521
"RT @TeamCavuto: Protesters stage #DieIn protests in @Apple store in NYC... Is it me, or is this anger misplaced? RETWEET if you agree.",Positive,0.6815347757214584
.@Apple seems to have killed Genius Bar reservations online or via Macs in Apple Stores even.,Negative,0.7590194331168023
"RT @TeamCavuto: Protesters stage #DieIn protests in @Apple store in NYC... Is it me, or is this anger misplaced? RETWEET if you agree.",Positive,0.6815347757214584
Judge rules banks can sue @Target over credit card breach; @Apple #Pay value proposition intensifies http://t.co/cGfpVxBtb8,Negative,0.5679043372573831
"@TeamCavuto @FairOaksTrader @Apple  Still Misplaced, but they are the companies with the most power to do something.",Negative,0.6657727518432637
@TeamCavuto @FairOaksTrader @Apple it's all a game it's the continuation of the occupy clown thing. Trying to relieve the 60s. Drugs sex etc,Positive,0.5712891353015167
"RT @TeamCavuto: Protesters stage #DieIn protests in @Apple store in NYC... Is it me, or is this anger misplaced? RETWEET if you agree.",Positive,0.6815347757214584
@Listen2Lena 3x bonus airmiles @Apple right now! #airmilesshops,Negative,0.5401142242963892
RT @Sjado: @Listen2Lena 3x bonus airmiles @Apple right now! #airmilesshops,Negative,0.5401142242963892
RT @Sjado: @Listen2Lena 3x bonus airmiles @Apple right now! #airmilesshops,Negative,0.5401142242963892
"RT @TeamCavuto: Protesters stage #DieIn protests in @Apple store in NYC... Is it me, or is this anger misplaced? RETWEET if you agree.",Positive,0.6815347757214584
"RT @TeamCavuto: Protesters stage #DieIn protests in @Apple store in NYC... Is it me, or is this anger misplaced? RETWEET if you agree.",Positive,0.6815347757214584
"RT @TeamCavuto: Protesters stage #DieIn protests in @Apple store in NYC... Is it me, or is this anger misplaced? RETWEET if you agree.",Positive,0.6815347757214584
"RT @TeamCavuto: Protesters stage #DieIn protests in @Apple store in NYC... Is it me, or is this anger misplaced? RETWEET if you agree.",Positive,0.6815347757214584
"RT @TeamCavuto: Protesters stage #DieIn protests in @Apple store in NYC... Is it me, or is this anger misplaced? RETWEET if you agree.",Positive,0.6815347757214584
"RT @TeamCavuto: Protesters stage #DieIn protests in @Apple store in NYC... Is it me, or is this anger misplaced? RETWEET if you agree.",Positive,0.6815347757214584
MY T-MOBILE / IPHONE NIGHTMARE http://t.co/Gs9wNwmawu #iPhone6 @BlackBerry @apple @TMobile http://t.co/YtoMvsJfVx,Negative,0.8169389273046508
"RT @TeamCavuto: Protesters stage #DieIn protests in @Apple store in NYC... Is it me, or is this anger misplaced? RETWEET if you agree.",Positive,0.6815347757214584
@JustinRaimondo @TeamCavuto @Apple This is #morphing into actions against police as Praetorian Guards working for the unaware rich.,Positive,0.5855808132705509
"RT @TeamCavuto: Protesters stage #DieIn protests in @Apple store in NYC... Is it me, or is this anger misplaced? RETWEET if you agree.",Positive,0.6815347757214584
"RT @TeamCavuto: Protesters stage #DieIn protests in @Apple store in NYC... Is it me, or is this anger misplaced? RETWEET if you agree.",Positive,0.6815347757214584
"RT @TeamCavuto: Protesters stage #DieIn protests in @Apple store in NYC... Is it me, or is this anger misplaced? RETWEET if you agree.",Positive,0.6815347757214584
"RT @TeamCavuto: Protesters stage #DieIn protests in @Apple store in NYC... Is it me, or is this anger misplaced? RETWEET if you agree.",Positive,0.6815347757214584
"RT @TeamCavuto: Protesters stage #DieIn protests in @Apple store in NYC... Is it me, or is this anger misplaced? RETWEET if you agree.",Positive,0.6815347757214584
"RT @TeamCavuto: Protesters stage #DieIn protests in @Apple store in NYC... Is it me, or is this anger misplaced? RETWEET if you agree.",Positive,0.6815347757214584
"RT @TeamCavuto: Protesters stage #DieIn protests in @Apple store in NYC... Is it me, or is this anger misplaced? RETWEET if you agree.",Positive,0.6815347757214584
"An LG G3, Apple iPhone 6 Plus Comparison - Apple Plays Catch-Up @LGUS, @Apple, #ComparePhones, #AppleVsLG -... http://t.co/UmM3hC6i3C",Negative,0.5899208560565821
"RT @TeamCavuto: Protesters stage #DieIn protests in @Apple store in NYC... Is it me, or is this anger misplaced? RETWEET if you agree.",Positive,0.6815347757214584
"RT @TeamCavuto: Protesters stage #DieIn protests in @Apple store in NYC... Is it me, or is this anger misplaced? RETWEET if you agree.",Positive,0.6815347757214584
@Apple fuck u n this weak ass iPhone,Negative,0.7944873084353706
"RT @TeamCavuto: Protesters stage #DieIn protests in @Apple store in NYC... Is it me, or is this anger misplaced? RETWEET if you agree.",Positive,0.6815347757214584
"RT @TeamCavuto: Protesters stage #DieIn protests in @Apple store in NYC... Is it me, or is this anger misplaced? RETWEET if you agree.",Positive,0.6815347757214584
"RT @TeamCavuto: Protesters stage #DieIn protests in @Apple store in NYC... Is it me, or is this anger misplaced? RETWEET if you agree.",Positive,0.6815347757214584
"RT @TeamCavuto: Protesters stage #DieIn protests in @Apple store in NYC... Is it me, or is this anger misplaced? RETWEET if you agree.",Positive,0.6815347757214584
"RT @TeamCavuto: Protesters stage #DieIn protests in @Apple store in NYC... Is it me, or is this anger misplaced? RETWEET if you agree.",Positive,0.6815347757214584
"RT @TeamCavuto: Protesters stage #DieIn protests in @Apple store in NYC... Is it me, or is this anger misplaced? RETWEET if you agree.",Positive,0.6815347757214584
cocky ass apple. i was talking bout da fruit. fuck you. @apple http://t.co/nxK3gcg7v0,Positive,0.5328319962550652
"@TeamCavuto @SharNeal @Apple 'Hey Bro, can I check out that ipod while I'm down here?'",Positive,0.8196433483810208
"RT @TeamCavuto: Protesters stage #DieIn protests in @Apple store in NYC... Is it me, or is this anger misplaced? RETWEET if you agree.",Positive,0.6815347757214584
"RT @TeamCavuto: Protesters stage #DieIn protests in @Apple store in NYC... Is it me, or is this anger misplaced? RETWEET if you agree.",Positive,0.6815347757214584
Lmfao RT @hellvcopter: cocky ass apple. i was talking bout da fruit. fuck you. @apple http://t.co/HjISNmx6aZ,Positive,0.5506814203842652
Leading Android fansite recommends Apple Inc iPad Air 2 as best tablet in ... http://t.co/RkGpcFlV7q #AAPL,Positive,0.5315307285844154
"RT @TeamCavuto: Protesters stage #DieIn protests in @Apple store in NYC... Is it me, or is this anger misplaced? RETWEET if you agree.",Positive,0.6815347757214584
"RT @TeamCavuto: Protesters stage #DieIn protests in @Apple store in NYC... Is it me, or is this anger misplaced? RETWEET if you agree.",Positive,0.6815347757214584
FUCK YOU @Apple,Negative,0.7304149368746512
"RT @TeamCavuto: Protesters stage #DieIn protests in @Apple store in NYC... Is it me, or is this anger misplaced? RETWEET if you agree.",Positive,0.6815347757214584
"RT @TeamCavuto: Protesters stage #DieIn protests in @Apple store in NYC... Is it me, or is this anger misplaced? RETWEET if you agree.",Positive,0.6815347757214584
"RT @TeamCavuto: Protesters stage #DieIn protests in @Apple store in NYC... Is it me, or is this anger misplaced? RETWEET if you agree.",Positive,0.6815347757214584
"RT @TeamCavuto: Protesters stage #DieIn protests in @Apple store in NYC... Is it me, or is this anger misplaced? RETWEET if you agree.",Positive,0.6815347757214584
"RT @TeamCavuto: Protesters stage #DieIn protests in @Apple store in NYC... Is it me, or is this anger misplaced? RETWEET if you agree.",Positive,0.6815347757214584
"RT @TeamCavuto: Protesters stage #DieIn protests in @Apple store in NYC... Is it me, or is this anger misplaced? RETWEET if you agree.",Positive,0.6815347757214584
"@TeamCavuto @USAlivestrong @Apple Misplaced Neil. They should protest At city hal and the mayors office, and Police Station. Not Apple.",Negative,0.519205119538778
"RT @TeamCavuto: Protesters stage #DieIn protests in @Apple store in NYC... Is it me, or is this anger misplaced? RETWEET if you agree.",Positive,0.6815347757214584
"RT @TeamCavuto: Protesters stage #DieIn protests in @Apple store in NYC... Is it me, or is this anger misplaced? RETWEET if you agree.",Positive,0.6815347757214584
"RT @TeamCavuto: Protesters stage #DieIn protests in @Apple store in NYC... Is it me, or is this anger misplaced? RETWEET if you agree.",Positive,0.6815347757214584
RT @schreier: It makes you smarter.  Elevate is @apple app of the year!  Congratulations @jessepickard and team.  http://t.co/r0cgmthoCC,Positive,0.8213490399727054
"RT @TeamCavuto: Protesters stage #DieIn protests in @Apple store in NYC... Is it me, or is this anger misplaced? RETWEET if you agree.",Positive,0.6815347757214584
"RT @TeamCavuto: Protesters stage #DieIn protests in @Apple store in NYC... Is it me, or is this anger misplaced? RETWEET if you agree.",Positive,0.6815347757214584
Oh @espn your live streaming on @apple tv blows.,Negative,0.6028418706330723
@TeamCavuto @charliekirk11 @Apple what did Macy's have to do with it or the other stores they blocked?,Negative,0.7169827231702957
"RT @TeamCavuto: Protesters stage #DieIn protests in @Apple store in NYC... Is it me, or is this anger misplaced? RETWEET if you agree.",Positive,0.6815347757214584
"RT @TeamCavuto: Protesters stage #DieIn protests in @Apple store in NYC... Is it me, or is this anger misplaced? RETWEET if you agree.",Positive,0.6815347757214584
"RT @TeamCavuto: Protesters stage #DieIn protests in @Apple store in NYC... Is it me, or is this anger misplaced? RETWEET if you agree.",Positive,0.6815347757214584
"RT @TeamCavuto: Protesters stage #DieIn protests in @Apple store in NYC... Is it me, or is this anger misplaced? RETWEET if you agree.",Positive,0.6815347757214584
"RT @TeamCavuto: Protesters stage #DieIn protests in @Apple store in NYC... Is it me, or is this anger misplaced? RETWEET if you agree.",Positive,0.6815347757214584
If you can't make or receive calls on your iPhone: You might not be able to make or receive calls on yo... http://t.co/9bqhLAkDRZ @apple,Negative,0.6922529760864736
"RT @TeamCavuto: Protesters stage #DieIn protests in @Apple store in NYC... Is it me, or is this anger misplaced? RETWEET if you agree.",Positive,0.6815347757214584
"RT @TeamCavuto: Protesters stage #DieIn protests in @Apple store in NYC... Is it me, or is this anger misplaced? RETWEET if you agree.",Positive,0.6815347757214584
Why does my battery die so quick @apple,Negative,0.6423114794419807
"RT @TeamCavuto: Protesters stage #DieIn protests in @Apple store in NYC... Is it me, or is this anger misplaced? RETWEET if you agree.",Positive,0.6815347757214584
@teamcavuto @apple It's all phony anger. These protestors don't really care about blacks dieing or how. If they did they'd be after Chicago.,Negative,0.5808166815366096
@TeamCavuto @stuntbrain @Apple No rule against protesting and picking up a spare lightening cable,Negative,0.5247775345298015
"RT @TeamCavuto: Protesters stage #DieIn protests in @Apple store in NYC... Is it me, or is this anger misplaced? RETWEET if you agree.",Positive,0.6815347757214584
"RT @TeamCavuto: Protesters stage #DieIn protests in @Apple store in NYC... Is it me, or is this anger misplaced? RETWEET if you agree.",Positive,0.6815347757214584
"RT @TeamCavuto: Protesters stage #DieIn protests in @Apple store in NYC... Is it me, or is this anger misplaced? RETWEET if you agree.",Positive,0.6815347757214584
"RT @TeamCavuto: Protesters stage #DieIn protests in @Apple store in NYC... Is it me, or is this anger misplaced? RETWEET if you agree.",Positive,0.6815347757214584
@Apple airplay sucks on Yosemite,Negative,0.9617656372368404
"RT @TeamCavuto: Protesters stage #DieIn protests in @Apple store in NYC... Is it me, or is this anger misplaced? RETWEET if you agree.",Positive,0.6815347757214584
"RT @TeamCavuto: Protesters stage #DieIn protests in @Apple store in NYC... Is it me, or is this anger misplaced? RETWEET if you agree.",Positive,0.6815347757214584
"RT @TeamCavuto: Protesters stage #DieIn protests in @Apple store in NYC... Is it me, or is this anger misplaced? RETWEET if you agree.",Positive,0.6815347757214584
"RT @TeamCavuto: Protesters stage #DieIn protests in @Apple store in NYC... Is it me, or is this anger misplaced? RETWEET if you agree.",Positive,0.6815347757214584
@ok_fatty @apple thanks 4 almost burning my house down,Positive,0.8247817491392786
"@apple everybody else can track when stuff will show up, why can't you?  #USPS has great small package tracking.",Positive,0.6387760340988101
"RT @TeamCavuto: Protesters stage #DieIn protests in @Apple store in NYC... Is it me, or is this anger misplaced? RETWEET if you agree.",Positive,0.6815347757214584
"RT @TeamCavuto: Protesters stage #DieIn protests in @Apple store in NYC... Is it me, or is this anger misplaced? RETWEET if you agree.",Positive,0.6815347757214584
"@panic @jpetersen good call I thought @Apple was going to compete with dropbox, @droplr etc. This is a bad sign like my MacPro std 250GB HD",Positive,0.572787344694407
I seriously f-ing HATE this new version of @Apple iTunes. Spend HOURS trying to figure out how to synch w/o deleting everything.,Negative,0.8506761124448843
@Apple!! What the heck??? My phone screen looks like it lost a battle with a windstorm! http://t.co/HcTgCIjxBS,Negative,0.8152705107667662
"Congrats @Apple I mean he wasn't using @googlehangouts_, right? #Apple #Google http://t.co/A3kHN5Hzk8",Positive,0.639732906447332
"RT @TeamCavuto: Protesters stage #DieIn protests in @Apple store in NYC... Is it me, or is this anger misplaced? RETWEET if you agree.",Positive,0.6815347757214584
"RT @TeamCavuto: Protesters stage #DieIn protests in @Apple store in NYC... Is it me, or is this anger misplaced? RETWEET if you agree.",Positive,0.6815347757214584
RT @smartoutsource1: Steve Wozniak calls @Apple's legendary garage 'a bit of a myth' http://t.co/Wl2kJTcRNR,Positive,0.7248570485652527
"RT @TeamCavuto: Protesters stage #DieIn protests in @Apple store in NYC... Is it me, or is this anger misplaced? RETWEET if you agree.",Positive,0.6815347757214584
"@TeamCavuto @Rowdman53 @Apple It's democrat funded OWS &amp;paid protesters distraction from democrat failures ACA, Amnesty,taxes,debt,economy",Positive,0.5672379339051172
Just received my @auugmotionsynth. Just gotta wait for @apple to approve their app now!,Positive,0.6564828587430842
"RT @TeamCavuto: Protesters stage #DieIn protests in @Apple store in NYC... Is it me, or is this anger misplaced? RETWEET if you agree.",Positive,0.6815347757214584
"RT @TeamCavuto: Protesters stage #DieIn protests in @Apple store in NYC... Is it me, or is this anger misplaced? RETWEET if you agree.",Positive,0.6815347757214584
"RT @TeamCavuto: Protesters stage #DieIn protests in @Apple store in NYC... Is it me, or is this anger misplaced? RETWEET if you agree.",Positive,0.6815347757214584
Why does my phone suck so much @apple,Negative,0.8948625026970376
"@AEvan720 @Apple dude I play trombone....
I'm worried",Negative,0.6291843173648222
"@Apple [#Apple] #(AAPL) Plans to #Launch #iPhone6 Mini Version in #2015. (#Monday, 8 #December) http://t.co/s79PqzLbsg",Negative,0.591620698497322
"RT @adage: Watch the weekend's new TV ads from @RadioShack, @Apple and more http://t.co/cKdkibI6PL",Positive,0.5932812161574883
RT @animaItoes: Why does my phone suck so much @apple,Negative,0.8948625026970376
RT @animaItoes: Why does my phone suck so much @apple,Negative,0.8948625026970376
@Apple fix addis' phone so we can text each other pls and thx,Positive,0.6496051991340489
"RT @adage: Watch the weekend's new TV ads from @RadioShack, @Apple and more http://t.co/cKdkibI6PL",Positive,0.5932812161574883
'@apple : Hey you wanna use iFon Siks? Jas follow @rizalscandal and u will get it! ',Positive,0.8720061307704432
RT @abdinsyakirin: '@apple : Hey you wanna use iFon Siks? Jas follow @rizalscandal and u will get it! ',Positive,0.8720061307704432
@Apple can you please make a charger that actually last,Negative,0.5346812290126173
"RT @TeamCavuto: Protesters stage #DieIn protests in @Apple store in NYC... Is it me, or is this anger misplaced? RETWEET if you agree.",Positive,0.6815347757214584
"@arstechnica @joemullin Come on @Apple, @Google, et al.-get your STB together so we can bypass cable/satellite companies.",Positive,0.6674261346125443
"RT @TeamCavuto: Protesters stage #DieIn protests in @Apple store in NYC... Is it me, or is this anger misplaced? RETWEET if you agree.",Positive,0.6815347757214584
"RT @TeamCavuto: Protesters stage #DieIn protests in @Apple store in NYC... Is it me, or is this anger misplaced? RETWEET if you agree.",Positive,0.6815347757214584
I applied for @apple's 'head of social media' opening. I have a leg up because of my twitter skillz. I am like the mark twain of twitter.,Positive,0.6956629273149584
@Windows And yet I somehow would rather have a MacBook Air.  @Apple,Negative,0.6861212956418208
Ayyy my fourth phone charger this week broke today @apple fuck you,Negative,0.9117333206488254
"@Apple #Pay Or @google #Wallet: Which is Better?
#BiztechLTD
http://t.co/gZXeMYRwln http://t.co/stDkprq0SR",Positive,0.7576178548317645
"@Apple [#Apple] #Inc. is Catching up on #iPhone6 Supply, #But Still Lagging Demand. (#Monday, 8 #December) http://t.co/9QpCt7zirF",Negative,0.7726162465870118
"the ##Best #iPhone Apps Of The Year, #According To @Apple [#Apple]. (#Monday, 8 #December) http://t.co/VNvaZcNEMP",Negative,0.6735314971205056
#AAPL:In Their Own Words: Investor Robin Chan Talks About Xiaomi's Lei Jun...http://t.co/kwkPByJ4p7,Positive,0.7561162771623954
"Watch the weekend's new TV ads from @RadioShack, @Apple and more http://t.co/hXhnN8og6K",Positive,0.5932812161574883
"So here's the deal, I'm taking this phone and beating the shit out of it. Fuck you @AppStore @Apple whatever your damn twitter is, Fuck You",Negative,0.7618176800177989
My iPhones working without a SIM card on 3G (not on wifi) #wtf @apple,Negative,0.6003234670046049
"iPhones are mad sensitive bro, if it's too cold, it dies even with a lot of battery left. If it's too hot, it shuts down as well SMFH @Apple",Negative,0.9046603129296162
"RT @TeamCavuto: Protesters stage #DieIn protests in @Apple store in NYC... Is it me, or is this anger misplaced? RETWEET if you agree.",Positive,0.6815347757214584
but when is @apple gonna let me italicize,Negative,0.5064241827015763
#xcode #AAPL - source kit crash in swift - getting annoying now.,Negative,0.580751704776972
"RT @TeamCavuto: Protesters stage #DieIn protests in @Apple store in NYC... Is it me, or is this anger misplaced? RETWEET if you agree.",Positive,0.6815347757214584
@Tyniaaaa_  FUCK @JColeNC  and @apple,Negative,0.7304149368746512
Worst thing I ever did was update the software on my computer. This update is trash @apple,Negative,0.7644129629253036
@SimplyYours_Joh @Tyniaaaa_ @JColeNC @Apple  yeah,Positive,0.6482133106393752
@SimplyYours_Joh @ScarFaceSheed_ @JColeNC @Apple I told him that but he's crazy,Positive,0.5012550332241595
@SimplyYours_Joh @ScarFaceSheed_ @JColeNC @Apple did the link bring you back to the Pre ordered thing,Positive,0.703549666169411
"#Meet #Elevate, @Apple [#Apple]'s Pick For Best #iPhone App Of the #Year. (#Monday, 8 #December) http://t.co/ouS5IygQ1k",Positive,0.7496063083779481
@Apple now is your chance with Apple TV.  #Verizon #FIOS is going downhill fast.  They are now using crappy plastic STBs with no displays!,Negative,0.6994542620115254
@ScarFaceSheed_ @JColeNC @Apple he ain't steal it apple did,Negative,0.6073597842459446
"RT @TeamCavuto: Protesters stage #DieIn protests in @Apple store in NYC... Is it me, or is this anger misplaced? RETWEET if you agree.",Positive,0.6815347757214584
I'm not playing no games @JColeNC @Apple https://t.co/bu9uX2zR8J,Positive,0.6547984163752358
so with ios8 u can delete a contact but its not actually deleted fml fuck u @apple,Negative,0.8334456813807929
RT @dbreeeezy_: so with ios8 u can delete a contact but its not actually deleted fml fuck u @apple,Negative,0.8334456813807929
"RT @TeamCavuto: Protesters stage #DieIn protests in @Apple store in NYC... Is it me, or is this anger misplaced? RETWEET if you agree.",Positive,0.6815347757214584
@Apple my phone just died at 5% and I feel betrayed.,Negative,0.974300566170161
"RT @OneRepublic: Studio at 45,000 ft.  One outlet,  4 computers.  @Apple we need the batteries of the future NoW!!!! http://t.co/astp9x6KET",Positive,0.6237907541110634
Dear @apple. Worst idea ever. Fix it. http://t.co/TSisv9EJhg,Negative,0.8676690379707249
"i need new emojis , preferably some brown people an shxt like that @apple",Negative,0.5322539014915826
"RT @Jus_Trippy: i need new emojis , preferably some brown people an shxt like that @apple",Negative,0.5322539014915826
@Apple make the settings page less horrific,Positive,0.6730215178281375
Hey @Apple what the hell is this hahaha http://t.co/r1Uspl8dHn,Positive,0.8820696146255911
I wish phones had an infinite amount of storage @apple you need to do something about that,Negative,0.8720376930409017
"My spellcheck makes me wanna stab somebody, that isn't the fuckin word I wanted to use @apple",Negative,0.799319856708742
I'm learning all about Apple Store at @Influenster! @Apple http://t.co/5h0uQyYpXO,Negative,0.5367270430808369
"@Apple YH News China reminds Apple on need to support privacy, security in its products: Apple can have access...  http://t.co/hNuWafq0sI",Negative,0.5393801099604922
@angelicaxpham does it look like i fucking have 12 days @apple,Negative,0.5902351484132305
"#AAPL:Apple Inc., International Business Machines Corp., Exxon Mobil Corpora...http://t.co/0XWPHhpA6C",Positive,0.6014591007831849
Yosemite is dope except for that one glitch that moves the message window all over the place.  @apple,Negative,0.5907297167849971
@LaurelCatherine @Apple @GotNewsDotCom that proves nothing..,Negative,0.712250220696636
"Where are they going with this? Come on, @Apple http://t.co/R014Nwlml5",Positive,0.5561187755915991
@ganondaIf why is the quality so bad on these WEBCAM PICS EXCUSE ME @APPLE,Positive,0.5853721802980462
Losing Two-Factor Recovery Key Could Permanently Lock Apple ID http://t.co/nIAGAIrtiB #AAPL,Negative,0.8097374873996741
"RT @Jus_Trippy: i need new emojis , preferably some brown people an shxt like that @apple",Negative,0.5322539014915826
Great @apple my phone number is so accurate http://t.co/vI4USr1tvy,Positive,0.8236342336382619
@apple thanks for making the shittiest chargers,Positive,0.9526493815229197
The hell does this mean @apple one day Skype won't let me login now I can't even open the app http://t.co/SegFVq5Mzx,Negative,0.9321855316985115
@Mzhoov @BionicBombshell They got a nigga in a turban. Why cant we have a sista in a headscarf @Apple?!,Negative,0.9576295318008842
"Apple: $113 matches 8% increase in earnings. 2014Q3 EPS=$1.42 in  #IOS App Donkey Stocks on your #iPhone. #AAPL
https://t.co/8CBUgrEHZS",Negative,0.5136041083986316
"@Mzhoov @BionicBombshell Be warned @Apple: If Consuela gets a quincenera emoji, Tasha BETTER get a juke session emoji!",Positive,0.6512627071270531
@Mzhoov @BionicBombshell Damnit @Apple I. Want. Footwork!,Negative,0.9005458053493475
These Damn @Apple Commercials Are Getting Worse and Worse,Negative,0.942135573244798
@Mzhoov @BionicBombshell @Apple Nope. Thats Danny Terrio. I want Jamal doing the percolator!,Negative,0.6652664756890581
"No, @Apple, don't 'remind me tomorrow'. Just f'ing TELL ME what the updates you want to install actually ARE.",Negative,0.6970256268971929
@LydiasLyfe @BionicBombshell @Apple Apple better get to working,Negative,0.5190551503897719
#AAPL:In Their Own Words: Baidu's Robin Li On Xiaomi Founder Lei Jun's 'Guts...http://t.co/1lhPbkTPpF,Positive,0.7561162771623954
"Last plaintiff in iTunes antitrust lawsuit disqualified, but the show must ... - http://t.co/RzMEx5JOM5 #AAPL #Apple #MariannaRosen",Negative,0.6881477963616142
RT @SwiftKey: We're so excited to be named to @Apple's 'App Store Best of 2014' list this year! http://t.co/d7qlmti4Uf #Apple,Positive,0.8778803272299733
Congrats @apple on making an iPhone recording DRM protected so we can't play it anywhere we want #fail,Negative,0.7488909795628067
"Does anyone know if theres a #smartwatch  with a old fashioned clock face? 
Grandma needs a watch. @Samsung  @apple @mota",Negative,0.778997371502385
Danger* but ok @Apple wanna fuck with me,Negative,0.7899623453517075
"RT @WildJazie: Does anyone know if theres a #smartwatch  with a old fashioned clock face? 
Grandma needs a watch. @Samsung  @apple @mota",Negative,0.778997371502385
my iphone6 plus is impossible to hold without a cover it slides out if my hand #apple #iphone @apple,Positive,0.5167772471587833
Just used Apple Pay for the first time thanks @apple,Positive,0.7590445846512266
@apple #ios8 The lack of true keyboard integration is KILLING me! Half-assed implementations aren't solutions!,Negative,0.7593368586409688
#AAPL:Accel Partners Leads $50M Series C Funding in DataGravity...http://t.co/LUjpQPfkXm,Positive,0.601635784745623
"RT @Jus_Trippy: i need new emojis , preferably some brown people an shxt like that @apple",Negative,0.5322539014915826
um where's the mango emoji @apple,Negative,0.7627638163677758
RT @baImains: um where's the mango emoji @apple,Negative,0.7627638163677758
RT @SwiftKey: We're so excited to be named to @Apple's 'App Store Best of 2014' list this year! http://t.co/d7qlmti4Uf #Apple,Positive,0.8778803272299733
RT @SwiftKey: We're so excited to be named to @Apple's 'App Store Best of 2014' list this year! http://t.co/d7qlmti4Uf #Apple,Positive,0.8778803272299733
"RT @TeamCavuto: Protesters stage #DieIn protests in @Apple store in NYC... Is it me, or is this anger misplaced? RETWEET if you agree.",Positive,0.6815347757214584
@Apple Is Already Building Its Next Massive Business And No One Seems To Have Noticed http://t.co/ff3D820nFT,Negative,0.7765917042078394
"What Every Young #Designer Should Know, From Legendary @Apple Designer Susan Kare
http://t.co/7vqhjJ7BWC http://t.co/NHthTHaG3g",Positive,0.6153707548964046
@apple should really invest in terabyte storage,Negative,0.6681087261509568
Best apps 2014 it seems. What's wrong with @apple? http://t.co/fhdU46pFZh,Negative,0.8463542137464186
"There is no @Apple presales in India. Their toll free keeps ringing. O yes, either you need it or you don't need! Why ask anything?",Positive,0.642369400219394
"RT @TeamCavuto: Protesters stage #DieIn protests in @Apple store in NYC... Is it me, or is this anger misplaced? RETWEET if you agree.",Positive,0.6815347757214584
@Apple announces its top apps of 2014. Did your favourite app make the list? (via @mashable) #AppStore2014 http://t.co/rAaX3Wp3q2,Positive,0.6843747511534489
@Coachella to have @Apple #iBeacon technology,Positive,0.6362882146795084
@windows How can #Microsoft compete with @Apple if  they are so slow in giving most demanded data toggler shortcut #BigDreamsButSmallAct,Negative,0.6165266415116691
"BREAKING $AAPL 'buy' reiterated,  target set to $143 by Cantor $AAPL Brief explanation here:  https://t.co/up6MHIcXJ4 #AAPL",Negative,0.5705898596014727
"Here we go again wit this 'waiting for items to copy' shit on iTunes, y'all pissing me off @Apple",Negative,0.7436913837377173
.@Apple says security measures have cut phone theft by nearly 40 percent (in some places) http://t.co/W29uk41Md5,Positive,0.5418690990843918
Top #iOS apps of 2014. @Apple names Elevate Brain Training as #1 iPhone app. http://t.co/tyRNmYGnDP,Negative,0.6341629005599931
A Orwellian vision of the world once @Apple Pay takes over by @Chris_Skinner http://t.co/oEdBHAki1Z,Positive,0.7397645699628425
RT @Amdocs: Top #iOS apps of 2014. @Apple names Elevate Brain Training as #1 iPhone app. http://t.co/tyRNmYGnDP,Negative,0.6341629005599931
How is my battery already 83% within 15 minutes of usage. Fix up @apple,Negative,0.652790012999262
It'd be real cute if I could sync music to my phone @apple @god :-),Positive,0.6964054467329401
#AAPL:'Fast Money' Recap: Will Oil Companies Start Cutting Their Dividends?...http://t.co/6dEQ9drYwQ,Positive,0.5469219230465349
#AAPL:PM Abe says Apple to build big R&amp;D center in Japan: media...http://t.co/DeavV9AYMk,Negative,0.5798562785204033
@ohaiigloria @hahahamark @apple explain yourselves,Positive,0.6398664878537141
"PM Abe says Apple to build big R&amp;D center in Japan: media $AAPL #aapl
http://t.co/xhZ1SRhB0U",Negative,0.5798562785204033
"#apple earns more #profit in on quarter than #amazon has earned in its lifetime.
@amazon
@Apple
@WoWFactz
@Dessytech http://t.co/s38mbqkChT",Positive,0.5672379339051172
"#apple earns more #profit in on quarter than #amazon has earned in its lifetime.
Amazon
@apple
WoW Facts... http://t.co/9BPay5nh8G",Positive,0.7158060510151041
@Apple iSchool? http://t.co/Wh7sh5uDov #education @applenws,Positive,0.5672379339051172
@VentureBeat @obrien .@Apple First to own 2600 digital lang. IP is NEW leader of the Internet /games .@samsung #games http://t.co/yfWxG1FdPA,Positive,0.6640441629046963
@apple#ipad #irig  For the price to connect my guitar I could buy a real amp loud enough to perform! #ripoff,Positive,0.6314941798521789
Counting down the minutes! Interest in full time #trading #stocks #futures #forex #trader #spy #qqq #aapl #gpro #fb http://t.co/JH7BMS1Kgb,Positive,0.7231956651411534
"#apple earns more #profit in on quarter than #amazon has earned in its lifetime.
@amazon
@Apple
@WoWFactz
@Dessytech http://t.co/xXSdVqBdbI",Positive,0.5672379339051172
"#apple earns more #profit in on quarter than #amazon has earned in its lifetime.
@amazon
@Apple
@WoWFactz
@Dessytech http://t.co/eXfvnpDEYX",Positive,0.5672379339051172
MFN is not just about international trade. It's the key issue in @apple's #ebook appellate case says @rparloff. http://t.co/nrhCcuPfk6,Negative,0.5481133178548129
"Apple Plans to Launch iPhone 6 Mini Version in 2015 $AAPL #aapl
http://t.co/BPlf0dCyvK",Negative,0.6827789759008256
#CNBC   how does that fat finger on #AAPL look NOW!  #@BobPisani only a few days later,Negative,0.5077839915684896
YES I LOVE WHEN NONE OF MY STUFF WORKS THANK YOU @APPLE,Positive,0.9203495134340923
real quick shout out to @apple for your technology never working,Positive,0.5945014354065966
"Apple Returns Cash To Shareholders Because It's Out Of Ideas On How To Invest It $AAPL #aapl
http://t.co/OLEVFjA8HP",Negative,0.6805730884934272
"Apple to build major new R&amp;D facility in Japan, prime minister reveals $AAPL #aapl
http://t.co/CysxBbg4YW",Positive,0.5186329924322963
i need to take that ride/drive to the FL Mall today so i can schedule an appt. at @Apple for my mac daddy,Negative,0.5512452022933299
"How Apple Will Boost Profits During the Holiday Quarter and Beyond $AAPL #aapl
http://t.co/lHsL5ORJS7",Negative,0.6196120194233357
"RT @JPDesloges: Apple to build major new R&amp;D facility in Japan, prime minister reveals $AAPL #aapl
http://t.co/CysxBbg4YW",Positive,0.5186329924322963
"RT @JPDesloges: Apple to build major new R&amp;D facility in Japan, prime minister reveals $AAPL #aapl
http://t.co/CysxBbg4YW",Positive,0.5186329924322963
"RT @JPDesloges: How Apple Will Boost Profits During the Holiday Quarter and Beyond $AAPL #aapl
http://t.co/lHsL5ORJS7",Negative,0.6196120194233357
"RT @JPDesloges: How Apple Will Boost Profits During the Holiday Quarter and Beyond $AAPL #aapl
http://t.co/lHsL5ORJS7",Negative,0.6196120194233357
"Apple's first patent reassignment from PrimeSense buy hints at 3D mapping on Apple TV, iPhone $AAPL #aapl
http://t.co/2n2KjtmU2g",Negative,0.6232344110071937
The new @Apple iPad Air 2: Change. http://t.co/90CNf5S654,Positive,0.5511700167520803
"RT @TeamCavuto: Protesters stage #DieIn protests in @Apple store in NYC... Is it me, or is this anger misplaced? RETWEET if you agree.",Positive,0.6815347757214584
Attention @apple! Your free iPads would go faster if your emails didn't go straight to junk folders. #sortitout,Positive,0.8189960924051247
"Apple antitrust hearing will continue despite every plaintiff being disqualified $AAPL #aapl
http://t.co/SwG5FGUYU3",Negative,0.5706287111296695
"Dear @apple - sometimes when I write 'gave' it means I want the word 'gave', not the word 'have. It's not a typo.",Negative,0.7191626725650431
"Here are @SFBJEditor 5 things to know today, including who is hoarding the @Apple #iPhone6 http://t.co/lwacRDp3vU",Positive,0.6108235948639583
"Apple Stores recruiting fashion/luxury experts ahead of Apple Watch debut $AAPL #aapl
http://t.co/AD9wcBYfRa",Positive,0.5473433542836912
Apple Inc. Hires More Fashion Pros Before 'iWatch' Launch http://t.co/VihmcUKj3J #AAPL,Positive,0.6317629916072579
"See Which 11 Guru Fund Managers Hold Apple $AAPL #aapl
http://t.co/NDlLVROPDb",Positive,0.6253223284068564
"Considering the ads in my FB feed + #facebook privacy changes I think @Apple 's Tim Cook was spot on, how about you? http://t.co/Pm5CVHGpGT",Positive,0.7262259314720365
Hey @Apple the keyboard on my phone is all sorts of drunk this morning send help pls thx,Positive,0.7837036338901711
"APPLE Intraday Comments - Pre-Opening - PREMIUM USERS  #aapl #Stockaction #trading #Stocks #MKt
http://t.co/G0TeDLCB9z",Positive,0.5154593675237964
"Translate Your App! Success story from TAUS member @smartling - go global with @Apple, @Tesla, @GoPro http://t.co/TgZJhMNlS6",Positive,0.7411622487620392
"Translate Your App! Success story from TAUS member @smartling - go global with @Apple, @Tesla, @GoPro http://t.co/SfeAP0AP33",Positive,0.7411622487620392
"Sales Of The iPhone 6 Plus Have Settled A Long-Running Argument About Apple And Smartphones $AAPL #aapl
http://t.co/4oaDjSZwg9",Negative,0.5753660995934962
Just did my first transaction with @Apple Pay using my @Chase card. Very neat.,Positive,0.7446299445236122
Apple's Siri now partnered with Yahoo? -- watch out Google #AAPL #YHOO #GOOG http://t.co/58ranVcqGX,Positive,0.7250043462640241
#aapl traders? chart looks weaker than I'd like. already below 20 sma. momentum drop. Could sell off drag price to its 50 sma? #stockmarket,Negative,0.6710132090667118
Why @Apple Won't Be A Trillion Dollar Company According To Billionaire #VC @JimBreyer http://t.co/3qakpK0KJu  @businessinsider @applenws,Negative,0.7061640874978674
Certified by @Zebra.  Partnered with @Apple Business.  Collaborated with @SAP.  Now... http://t.co/02MVhmiOLn,Positive,0.674038749709656
The Boom 2 equaliser app for iMac is sooooo sick!!! Blow the roof off! Also thank you @Apple for my free hard drive replacemrnt! #cosumerlaw,Negative,0.5605858482861352
"My actual Stock Market positions are starting to show some profits: Long #TVIX, #CrudeOil, Short #Aapl at 116 $ and #NASDAQ",Negative,0.5083181275025055
@JustinPulitzer Any comment on #aapl today?,Positive,0.869522335837306
Finally! Brooklyn Is Getting Its Own #Apple Store #aapl http://t.co/IpjMgjGQw5 http://t.co/Ow2BSRLbAx,Positive,0.6599640840809377
"Brooklyn finally getting an #Apple Store, expected to open in April 2015 - http://t.co/ceZsxzL7SS #AAPL #DiscussBrooklyn",Positive,0.5235044990709051
@Apple to Open New Research Site in Japan - WSJ #aapl http://t.co/uy5ssKxIaC,Negative,0.5033263044592231
It looks like I have a software update saved in my storage on my IPhone. Can I delete this or do I need it? @Apple #Applesupport,Negative,0.7310844738716018
Why @Apple don't got layaway lol I need an iMac man,Negative,0.7166420393939719
"APPLE - Fibonacci Technicals Levels - Intraday - Pre-Opening $AAPL #aapl 
http://t.co/e1SAonnElg",Negative,0.5557220947943715
@TeamCavuto @CaliCard1 @Apple It's not handled well but folks like myself do not think Eric Garner's death should simply go away.,Positive,0.6638858782985425
It's official: #Williamsburg is no longer hip anymore. http://t.co/YqM55v8SBD @Apple,Negative,0.7886461123101499
@Apple reveals its Best of 2014 app list- Elevate and Threes! top the list http://t.co/mihPqPozLt via @Techland,Positive,0.7783157025350753
"RT @SFBJNews: Here are @SFBJEditor 5 things to know today, including who is hoarding the @Apple #iPhone6 http://t.co/lwacRDp3vU",Positive,0.6108235948639583
"The Best #iPhone Apps Of The Year, According To @Apple  http://t.co/fp7Dlo85iP",Negative,0.5301399700041473
"Apple Planning New Retail Store in Williamsburg, Brooklyn [Mac Blog] http://t.co/XIW4JKns7z #AAPL",Positive,0.7126566852630389
BLOCK TRADE detected in #AAPL,Positive,0.5143322102389286
Have been brave and taken out an #AAPL CFD as the drop to $110 seems overdone.,Negative,0.8424833792278436
Short Menu 3.1 now live in the @apple #appstore. @floschliep,Positive,0.5225521395789475
"APPLE Intraday Comments - Updated RANGE - PREMIUM USERS  #aapl #Stockaction #trading #Stocks #MKt
http://t.co/G0TeDLCB9z",Positive,0.573069605851099
"@Apple seems to be nailing it with @applepay, building on their success &amp; brand http://t.co/za9T4z6xRN #AppleID #NoMorePaywords",Positive,0.523854061460205
"@Apple seems to be nailing it with @applepay, building on their success &amp; brand https://t.co/swWzgA5o11 #AppleID #NoMorePaywords",Positive,0.523854061460205
"Report: Apple's Hiring Fashionistas To Help Flog Its Watch  $AAPL #aapl
http://t.co/uFZCW60Ocr",Positive,0.5707407461265412
Design-driven companies like @Apple and @Coca-Cola have outperformed the S&amp;P 500 by 228% over the past 10 years. http://t.co/Ho3yn3gU8F,Negative,0.5503690888428945
"APPLE Intraday Comments - Updated RANGE'  - PREMIUM USERS  #aapl #Stockaction #trading #Stocks #MKt
http://t.co/G0TeDLCB9z",Positive,0.573069605851099
"$AAPL as expected, some users still like small screens, iPhone 6 mini reportedly on its way #AAPL http://t.co/QDj4eBlP6H",Negative,0.5974128180906288
"APPLE - Fibonacci Technicals Levels - Intraday  Update - $AAPL #aapl 
http://t.co/3jdrjlbYm3",Negative,0.5555549526062871
"RT @JPDesloges: APPLE - Fibonacci Technicals Levels - Intraday  Update - $AAPL #aapl 
http://t.co/3jdrjlbYm3",Negative,0.5555549526062871
#AAPL:10 Best and Coolest Tech Gadgets for the 2014 Holiday Season...http://t.co/TeEYOCBb4l,Positive,0.605712000952775
"RT @JPDesloges: APPLE - Fibonacci Technicals Levels - Intraday  Update - $AAPL #aapl 
http://t.co/3jdrjlbYm3",Negative,0.5555549526062871
.@Samsungtweets claims tht its open access devpt platform goes beyond either @Apple HealthKit or @GoogleFit http://t.co/5iZsQ1VVFL,Negative,0.7102059211953895
The #AppleWatch And Its $11 Billion Impact On Earnings In One Year #AAPL http://t.co/OUZBVanyRh,Negative,0.5020646209617954
That moment when you're typing a tweet and the official @Twitter client on your @Apple #iPad 1 CRASHES. &gt;:(,Positive,0.7298035779765785
Apple Inc. is doomed. $AAPL dropped by 1.11%! Currently priced at 111.155. http://t.co/K6PKMj3Sbf #AAPL,Negative,0.5004920409947229
#AAPL:Finally! Brooklyn Is Getting Its Own Apple Store...http://t.co/PZfyXGxWcd,Positive,0.5761794836866603
"@Apple building massive new #R&amp;D center in Japan, says its prime minister http://t.co/lbEkdP2cKv",Negative,0.5859972519645766
"China reminds Apple on need to support privacy, security in its products $AAPL #aapl
http://t.co/5ABnwWVQxh",Positive,0.5209159574568796
"Apple Opening Advanced R&amp;D Center in Yokohama, Japan http://t.co/RGTBpPywqJ #AAPL",Negative,0.5403044077130956
Major News Outlets Seek Permission to Share Steve Jobs' iPod Lawsuit Deposition Video http://t.co/K1o0qEEVZL #AAPL,Positive,0.5932508653657319
IN YOUR FACE @apple,Negative,0.5013748083208156
"@apple one of my iPhone 5 speakers just stopped working, that's not cool..send me the iPhone 6 and I will forgive you",Negative,0.7783992378580704
.@Apple Store is coming to Brooklyn http://t.co/sD7pb4OUcB,Negative,0.5960057829312576
"APPLE - Fibonacci Technicals Levels - Intraday  Update - $AAPL #aapl 
http://t.co/b6PEb5edKq",Negative,0.5555549526062871
"RT @JPDesloges: APPLE - Fibonacci Technicals Levels - Intraday  Update - $AAPL #aapl 
http://t.co/b6PEb5edKq",Negative,0.5555549526062871
4-inch #iPhone6: Five Reasons #Apple Won't Make It - Forbes #aapl http://t.co/RsGPtWRaEZ,Negative,0.7188117555675714
"RT @JPDesloges: APPLE - Fibonacci Technicals Levels - Intraday  Update - $AAPL #aapl 
http://t.co/b6PEb5edKq",Negative,0.5555549526062871
"Apple Adds New Apple TV Channels for UFC, The Scene, Fusion, and Dailymotion http://t.co/6ch8upBX49 #AAPL",Positive,0.5940317511535422
.@apple you suck,Negative,0.878657424077206
RT @bchmura12: .@apple you suck,Negative,0.878657424077206
"YouTube Apple TV App Updated With Streamlined Interface, Video Advertisements http://t.co/6AzEBmp83T #AAPL",Positive,0.5522660658206646
REPORT: #Apple Wants Fashion And Luxury Experts To Help Sell The #AppleWatch #aapl http://t.co/I1UpTiCF0i http://t.co/rorXfmpPSk,Negative,0.7023358364812216
@apple iBooks picks OPERATION PAPERCLIP as one of the Top Ten NonFiction Books of the Year.  #BestBook2014 #iBooks2014,Positive,0.8599306898390795
"Apple 'hoarding' iPhone 6 supply for its own stores $AAPL #aapl
http://t.co/NlSgE3QD2s",Negative,0.7097867819093817
5 Unfiltered Quotes From #Apple Co-Founder Steve #Wozniak #aapl #woz  http://t.co/ASTCna26PQ,Positive,0.7481174224470931
"APPLE - Fibonacci Technicals Levels - Intraday  Update - $AAPL #aapl 
http://t.co/3Ai0TTo7TF",Negative,0.5555549526062871
"Happy Monday! My camera on my fancy @Apple #iPhone6Plus suddenly stopped working this weekend, so instead - I meme. http://t.co/lp9KPujmPg",Negative,0.5676618817046468
Apple Inc. Plans To Build Research &amp; Development Facility In Japan http://t.co/4cXMMwgZcj #AAPL,Negative,0.5627756004105725
#iOS: A visual history http://t.co/Ymt6E0IeFL (via @verge) @Apple #ipaded #edtech,Negative,0.5417830323683095
I'm going to check if I got it. @Apple TV gets four new channels and @YouTube redesign http://t.co/qc7Sim4GDm via @cultofmac,Positive,0.7784009363937704
First @Apple employee: The remarkable odyssey of Bill Fernandez via @techrepublic  http://t.co/Kj4GDYMrqw,Positive,0.5381415966922876
CNBCTV:  #Cramer's view on #Apple &amp; Tesla #aapl http://t.co/k3HRcfeHBP,Positive,0.7367246399138665
$AAPL shares fall despite price target increases from BMO Capital and Citigroup http://t.co/vInsdgqxCA #Apple #AAPL #WallStreet #NASDAQ,Negative,0.5076074845513103
#AAPL:4-inch iPhone 6: Five Reasons Apple Won't Make It...http://t.co/pZaHEFQWLo,Negative,0.8118199818243101
"Apple to Open New Research Site in Japan $AAPL #aapl
http://t.co/od40Ru1XvE",Negative,0.5483508996212054
Apple Inc SEO: A Walk Through The Mystery Of http://t.co/yWvCLgnWLZ http://t.co/UIMroAHQpk #AAPL,Positive,0.5609676104328668
No @Apple TV update for me yet,Negative,0.5869105895923211
"Dashlane Introduces 'Password Changer', Allowing Users to Change Multiple Passwords With One Click [Mac Blog] http://t.co/gm9gNnLZxb #AAPL",Positive,0.6101497762386411
BLOCK TRADE detected in #AAPL,Positive,0.5143322102389286
YouTube on Apple TV just got a whole lot better: http://t.co/pRjbqvwsqR http://t.co/FOX66WgZco @YouTube @apple #youtube via @mashable,Positive,0.5043398853597447
"APPLE Intraday Comments - Updated RANGE,. - PREMIUM USERS  #aapl #Stockaction #trading #Stocks #MKt
http://t.co/G0TeDLCB9z",Positive,0.573069605851099
"Apple plans to build a technical center in Yokohama, Japan, adding 'dozens of jobs.' http://t.co/sZKNKcE5iN #AAPL",Negative,0.5713187743254686
.@Apple is reportedly hiring fashion-focused staff for its physical stores http://t.co/ZoOnR3u5zV #FTDaily #FashionTech,Negative,0.5448246083480796
RT @DecodedFashion: .@Apple is reportedly hiring fashion-focused staff for its physical stores http://t.co/ZoOnR3u5zV #FTDaily #FashionTech,Negative,0.5448246083480796
"#AAPL iPad wins in ranking for best Android tablets - Seems reasonable, right? http://t.co/uJGixPbfQG",Negative,0.5242195477510355
"Perceiving Misalignment: Facebook Vs Apple, Ello http://t.co/VvJtXpCXwR #AAPL #Ello",Positive,0.5255149886500414
RT @DecodedFashion: .@Apple is reportedly hiring fashion-focused staff for its physical stores http://t.co/ZoOnR3u5zV #FTDaily #FashionTech,Negative,0.5448246083480796
"@carlquintanilla Thanks for all the #AAPL coverage, we're all so deeply invested in this one stock; in my biz you can't ignore it....",Positive,0.5551160615079257
"2015 to be the year of biometrics, wearables, cryptocurrency and streaming $AAPL #aapl
http://t.co/dd4nUS1I3n",Positive,0.5260191229429168
my iPhone is fucked. Thanks @apple and @EE what great help you were. Where can i get a new iPhone from?,Positive,0.5689263819526085
"Loving the Samsung one with Kristen Bell. RT @adage: Watch the weekend's new TV ads from @RadioShack, @Apple and more http://t.co/zqmtQ7WZeS",Positive,0.8105750091078691
"Trade $AAPL #FREE Nightly Updates are #posted here on #Twitter, or you can visit the #Trade #AAPL FREE #website here http://t.co/U4TKeApbxF",Positive,0.6880863740034503
Apple again orders app developer to remove a useful and popular feature http://t.co/aJ2obsNjd1 via @Appy_Geek @apple dictatorship!,Positive,0.6777079091914835
"#Top #iPhone and #iPad games of #2014: @Apple [#Apple] names Monument Valley &amp; #Threes. (#Tuesday, 9 #December) http://t.co/Zj6QFN5lkp",Positive,0.5966066614589337
WHY CAN'T I JUST DATE ME WHY CAN'T I CLONE ME? come thru @apple,Negative,0.9287658621106533
.@Apple and @Amazon refuse to make full federal workforce diversity data public http://t.co/8LIir5Tpjs #Diversity #Tech #technology #jobs,Positive,0.6476664407635414
The pop up message box on Iphones is terrible @apple,Positive,0.564058608615555
@apple @iBooks is awesome. Thank You!,Positive,0.9880935909073987
2015 @apple #MacBookAir Release May be The Best Mac Yet http://t.co/W7N04MXcIa,Positive,0.626922358291508
Thank you @apple,Positive,0.9621727191066098
"Why Apple and Microsoft Should be Worried About Google's Chromebooks $AAPL #aapl
http://t.co/Vy3tiENimQ",Negative,0.6879817614187042
#AAPL:Apple (AAPL) Stock Is Falling Today Amid iPod Pricing Lawsuit...http://t.co/IleRHoXjc3,Negative,0.7515262065563024
New @Apple Patent From PrimeSense Covers Kinect-Style 3D SpaceåÊMapping http://t.co/RKEV5meNtM via @techcrunch #cooltech,Positive,0.7380682201822062
RT @SanfordDiday: New @Apple Patent From PrimeSense Covers Kinect-Style 3D SpaceåÊMapping http://t.co/RKEV5meNtM via @techcrunch #cooltech,Positive,0.7380682201822062
.@Apple it really makes it hard to spend money on apps with functionality that might soon disappear on the Today Menu.  Please stop this.,Negative,0.7340232867072982
"RT @OneRepublic: Studio at 45,000 ft.  One outlet,  4 computers.  @Apple we need the batteries of the future NoW!!!! http://t.co/astp9x6KET",Positive,0.6237907541110634
"Apple Inc., GoPro Inc Products Are Go-To Gifts: Analyst http://t.co/I5fd3iaycs #AAPL",Negative,0.5926148516893427
"I've tried turning it off and on, what's my problem here? @apple http://t.co/HYSbBXpvz5",Negative,0.6401522460000643
"RT @iLoveMyMom98: I've tried turning it off and on, what's my problem here? @apple http://t.co/HYSbBXpvz5",Negative,0.6401522460000643
"RT @iLoveMyMom98: I've tried turning it off and on, what's my problem here? @apple http://t.co/HYSbBXpvz5",Negative,0.6401522460000643
'@Apple: What to Expect in 2015' http://t.co/36w26XZlzb,Positive,0.7640468363382631
"APPLE Intraday Comments - Updated RANGE,,, - PREMIUM USERS  #aapl #Stockaction #trading #Stocks #MKt
http://t.co/G0TeDLCB9z",Positive,0.573069605851099
RT @DecodedFashion: .@Apple is reportedly hiring fashion-focused staff for its physical stores http://t.co/ZoOnR3u5zV #FTDaily #FashionTech,Negative,0.5448246083480796
"#Apple wins patent for #3D iPhone UI w/ motion gestures, reassigns ... - http://t.co/VtkklBwlZm #AAPL http://t.co/kwBOOLVPkj",Negative,0.6595250935934542
#AAPL:PM Abe says Apple to build technical center in Japan...http://t.co/DeavV9AYMk,Negative,0.5808532400308061
'@Apple: What to Expect in 2015' http://t.co/iE1WZiWiL5,Positive,0.7640468363382631
"RT @iLoveMyMom98: I've tried turning it off and on, what's my problem here? @apple http://t.co/HYSbBXpvz5",Negative,0.6401522460000643
"RT @iLoveMyMom98: I've tried turning it off and on, what's my problem here? @apple http://t.co/HYSbBXpvz5",Negative,0.6401522460000643
"APPLE - Fibonacci Technicals Levels - Intraday  Update - $AAPL #aapl 
http://t.co/m7sK4nKKsB",Negative,0.5555549526062871
"RT @T21Century: Translate Your App! Success story from TAUS member @smartling - go global with @Apple, @Tesla, @GoPro http://t.co/SfeAP0AP33",Positive,0.7411622487620392
The best @Apple #iPhone apps for 2014 http://t.co/2InTKUBCIr,Positive,0.5459895508760618
"RT @TeamCavuto: Protesters stage #DieIn protests in @Apple store in NYC... Is it me, or is this anger misplaced? RETWEET if you agree.",Positive,0.6815347757214584
#brooklyn is changing! @apple store is heading to BK!,Negative,0.5002773647503053
@steveliesman whatever it takes to bring this stock down you'll do it. Nothing is too dumb #AAPL !!!,Positive,0.7961365344110453
iPod Lawsuit Loses Last Plaintiff as Judge Discusses Halt Amid Search for Replacements http://t.co/OgDA4czK3Q #AAPL,Negative,0.6406765584448648
Confirmed: Bose speakers returning to #Apple Stores after removal earlier this year - http://t.co/yXPyde3TvQ #AAPL #BeatsElectronics,Negative,0.6609060573556651
Apple Retailers Teaching Free 'Hour of Code' @PCMAG - http://t.co/VPVzrRnneF @Apple #HourOfCode @Codeorg,Positive,0.7412764971105504
"RT @iLoveMyMom98: I've tried turning it off and on, what's my problem here? @apple http://t.co/HYSbBXpvz5",Negative,0.6401522460000643
"@Apple, you made a mistake. Now itå«s time to Replace or Fix All 2011 Macbook Pro with Graphics Failure. #MBP2011  http://t.co/n64Ygo7JlT",Negative,0.6311232867266068
"#Use @Apple [#Apple]'s built in #security feature to #find your lost #iPhone.. (#Tuesday, 9 #December) http://t.co/xnL3erhCEk",Negative,0.7885529430777972
"APPLE Intraday Comments - Updated RANGE  - PREMIUM USERS  #aapl #Stockaction #trading #Stocks #MKt
http://t.co/G0TeDLCB9z",Positive,0.573069605851099
"@apple #apple tech support is so nice. Free stuff!! Sucks about the ringtone issue, though...",Positive,0.5682830720047559
Hurry up @Apple! Working hours a day on this laptop is killing my neck. #IWantMyNewiMacNow,Negative,0.8633229070513481
Apple Releases iOS 8.1.2 With Fix for Disappearing Ringtone Issue http://t.co/yXu0czoFaN #AAPL,Negative,0.6215953766681342
Our new @Technogym treadmills getting assembled. Could only be better if @Apple #CarPlay was compatible... http://t.co/C406UvH1uK,Positive,0.8056198751330885
"@sacca If #simplicity was hard to charge for, why is #AAPL the most valuable company? #ipad",Negative,0.6420197304612049
"What to expect from Apple in 2015 $AAPL #aapl
http://t.co/7Dq9vBdt3H",Positive,0.6478594890737478
"APPLE - Fibonacci Technicals Levels - Intraday  Update - $AAPL #aapl 
http://t.co/yXi83zdfoR",Negative,0.5555549526062871
Literally have been trying to get my @Apple ID re-enabled since November. Why in the actual fuck is this so difficult?,Negative,0.6885000327175449
RT @hoetbh: WHY CAN'T I JUST DATE ME WHY CAN'T I CLONE ME? come thru @apple,Negative,0.9287658621106533
Confirmed: Bose speakers returning to #Apple Stores ... - http://t.co/FbmI5Ilpno #AAPL #BeatsElectronics http://t.co/NV7JuwkTyc,Negative,0.5795886420288147
Jeff Daniels in Talks to Play Former Apple CEO John Sculley in Aaron Sorkin's Steve Jobs Movie [Mac Blog] http://t.co/qg1CP2ozaW #AAPL,Positive,0.6333216117030651
#AAPL:Apple products may have Bah! Humbug! holiday: Survey...http://t.co/v0pgoghDwd,Negative,0.6985663008371354
"RT @iLoveMyMom98: I've tried turning it off and on, what's my problem here? @apple http://t.co/HYSbBXpvz5",Negative,0.6401522460000643
"APPLE - Fibonacci Technicals Levels - Intraday  Update - $AAPL #aapl 
http://t.co/rsTP9XEA4L",Negative,0.5555549526062871
Definitely upgrading from #want to #need @apple #imac @ Best Buy http://t.co/4DnBrLks90,Positive,0.8081662734404884
Have just cashed out the #AAPL #CFD - from $110 to $113 inside 4 hours - be brave sometimes!,Negative,0.777628108075543
Did #Apple drop #Google Maps for good? #Apple Maps now rolling out on http://t.co/XY9a70LqGU - http://t.co/FoCf495udZ #AAPL,Positive,0.5760319722471037
"Please @apple, make the green button do what it used to do. Full screen is the exception, not the rule. #whomovedmycheese",Negative,0.7304066265899648
#Apple releases iOS 8.1.2 with fixes for bugs including ringtone issues - http://t.co/ImK5aK8wzR #AAPL #CompanyCheck,Negative,0.689914121747996
Pencil Skirt and Pacifier: Tech Tuesday: All About the Leather @apple http://t.co/vRRxo3SV0c,Positive,0.5253938932844701
"Apple iPod class action trial to continue temporarily without a plaintiff  $AAPL #aapl
http://t.co/vPvSHOQS47",Negative,0.7177025391901846
another fucking software update? really? @apple,Negative,0.7183188241673873
Apple Transitions 'Find My iPhone' Web Maps for http://t.co/cCJwa5Q7AV From Google to Apple [iOS Blog] http://t.co/AFsiwXv6pg #AAPL,Positive,0.5256179375957585
"Five Apple predictions for 2015. I disagree absolutely, apple will have an incredible holiday season! #aapl 130$ http://t.co/GYJAJevWoz",Negative,0.6018360034713304
"It looked like #AAPL was going to be down again today, but it made a turn for the positive.",Positive,0.6102206711709514
"Best of #stakeholderengagement in '14: @thenorthface + @FourPawsUK, @Cargill + @TheForestTrust, @apple + @Greenpeace. http://t.co/7TLZQrLQBT",Positive,0.8566724070703238
"MT @KellenKlein: Best of #stakeholderengagement in '14: @thenorthface + @FourPawsUK, @Apple + @Greenpeace. http://t.co/ddIvad6EWV @future500",Positive,0.8566724070703238
"@Apple Sales@ IMac 24inch 2007 updated with Yosi... great family device, refurbished.. å£330.00 3 Month Warranty... http://t.co/hJ3fM4MxmN",Positive,0.8449815289231126
Thank u @apple I can now compile all of the pics that i communicate with in one place http://t.co/tq1lo09oyA,Positive,0.8816272026856664
@apple @tim_cook its 28 mb ! Why do i need WiFi to install it???? http://t.co/gQ0pJqNRIK,Negative,0.5753610954552463
Just been handed this @apple device to fix ..m.. owner doesn't fancy waiting .... #nowounder http://t.co/Op8YZAOJk0,Negative,0.7164177347451146
"Dear Santa, All I want for Christmas is for @Apple to send my iPhone (ordered 9/29).",Negative,0.6925514298763964
"YES.  RT @garrett_wollman: No, @Apple, don't 'remind me tomorrow'. Just f'ing TELL ME what the updates you want to install actually ARE.",Negative,0.5836351191481588
"Please, @Apple, don't go the way @Facebook has gone with their iOS 'release notes'.  We DESERVE to know what's happening with our gear.",Negative,0.7091589188959996
"Apple Inc. is Catching up on iPhone 6 Supply, But Still Lagging Demand  $AAPL #aapl
http://t.co/SKVqxLNduL",Negative,0.8458091415919863
"#AAPL:A Year Later, Microsoft's Nokia Acquisition Makes Sense...http://t.co/a56cvaWoRo",Positive,0.7668168834553052
LastPass Debuts 'Auto-Password Change' Feature for Easy Password Changes [Mac Blog] http://t.co/KRn2ievXhR #AAPL,Positive,0.56142357262407
Gave @apple over 3k for a computer weeks ago...and still nothing. Awesome.,Negative,0.7475623934870607
"Happy Monday! My camera on my fancy @Apple #iPhone6Plus suddenly stopped working this weekend, so instead - I meme. http://t.co/9IbDKwrdhZ",Negative,0.5676618817046468
I called Operator @Apple to speak to someone about Corp funding the Frank O Geary baseball stadium in St Pete FL. Shehungup @tim_cook  HELP!,Positive,0.6087032036267861
#elevate is @apple's pick for number one #iPhone app of the year. http://t.co/qlrdiiQw8G,Positive,0.6474711506390548
"APPLE - Fibonacci Technicals Levels - Intraday  Update - $AAPL #aapl 
http://t.co/th6690gRx9",Negative,0.5555549526062871
BLOCK TRADE detected in #AAPL,Positive,0.5143322102389286
"We hope @Apple doesn't use glass for their new Store in #Williamsburg 

We are afraid The #Sikrikim and #Tzimerman will break it...",Negative,0.5528616627751317
@apple why did you make it so difficult to get help with your products?  I just wasted 45 minutes of my life online and still am nowhere.,Negative,0.8032452531868248
@Apple co-founder Steve Wozniak talks about Steve Jobs &amp; Apples early days. via @DesignTaxi http://t.co/JWxSOuTLP7,Positive,0.7050067283971825
My phone went from 78% to 21% @apple please tell me how that is mathematically possible,Negative,0.6498121042756639
"Average Mac User Faced Nine Malware Threats Last Year, but OS X Remains Minor Target [Mac Blog] http://t.co/NvRO4DnFYO #AAPL",Positive,0.6322610565948927
Zoonova What-If analysis #AAPL #LNKD #FB #GOOGL #TSLA Stocks Options Bonds FRN MM. % -10 bps Vol + 20% Nasdaq 4500 http://t.co/NpIEpe7dp5,Positive,0.5672379339051172
RT @marisalovexox: My phone went from 78% to 21% @apple please tell me how that is mathematically possible,Negative,0.6498121042756639
"Why Apple Watch May Be a Luxury Fashion Hit  $AAPL #aapl
http://t.co/e8PoX8RNyx",Positive,0.5899872741987147
"RT @CNET: @Apple pioneer Bill Fernandez on @Google Glass, Oculus Rift and the look of the future http://t.co/YSvkfs1h6a #innovation",Positive,0.7606833857111399
Fuck this is the third charger I've broke in like two months @apple u suck and you know it,Negative,0.8865962728550261
Here are the top apps for the iPhone according to @apple http://t.co/6gzv72TrNY #technologya,Negative,0.6883579450094661
CNBCTV;  What's driving #Apple down? http://t.co/iLTpJfxAZV #aapl,Positive,0.547267753129394
"APPLE - Fibonacci Technicals Levels - LAST Intraday  Update - $AAPL #aapl 
http://t.co/uM9vOAYTLQ",Negative,0.6750661966455849
13% left what even is this shit @apple,Negative,0.9150109162361939
Finally got my iPhone 6! @apple =) Such a relief after using my 4 for months!,Positive,0.7176957116568287
"Five Apple predictions for 2015 $AAPL #aapl
http://t.co/5y58wpQ3nf",Negative,0.661419709138785
"RT @iLoveMyMom98: I've tried turning it off and on, what's my problem here? @apple http://t.co/HYSbBXpvz5",Negative,0.6401522460000643
@StepRam @Apple is it your mother's,Positive,0.8053196640013627
@Apple store on 5th ave http://t.co/oIxg0YpFn9,Negative,0.5813954366503735
Opening a new non-Apple device reminds what an amazing job @Apple does with out-of-box-experience. #Pono #Arrived #Confused,Positive,0.794199220336395
C'mon @Apple I'm ready to buy your watch. Hurry up. #applewatch http://t.co/oe0NTvNAc8,Positive,0.513981686590233
#AAPL:Here's Apple's Idea For A 3D iPhone Display...http://t.co/GRxKXAbO3h,Positive,0.5333482039710765
"had android chargers for years &amp; they're still top tier. please keep up, @Apple.",Positive,0.5510743049171077
"APPLE Intraday Comments - LAST Update - PREMIUM USERS  #aapl #Stockaction #trading #Stocks #MKt
http://t.co/yGvnJPjRAw",Negative,0.6081074359293868
.@Apple please ban 'After School' and 'Yik Yak' apps from iTunes/App Store. These are apps being used for anonymous bullying &amp; threats.,Negative,0.7432438938115862
@afrobugeisha @Apple watch it!!!!!,Positive,0.6223333097570437
@Apple recruiting luxury executives for iwatch. I'll make it easy for them: just get celebrities to wear them.,Positive,0.7514593629185502
@iamrayuko @Apple who're you talking to,Positive,0.7552293798035731
"Apple:Dec 9 Trading Daily Profit $3.48/sh, Weekly Profits of $6.26/sh  #aapl #Stockaction #trading #Stocks #MKt  
http://t.co/UWiS8GwJ17",Positive,0.6750104141078102
@afrobugeisha @Apple you lol,Positive,0.8622035066411162
Lets go shopping!!! @apple http://t.co/uTFUHuoJIi,Positive,0.878400653505384
"RT @iLoveMyMom98: I've tried turning it off and on, what's my problem here? @apple http://t.co/HYSbBXpvz5",Negative,0.6401522460000643
@afrobugeisha @Apple how if I'm an apple supporter,Negative,0.5557220947943715
@iamrayuko @Apple because you know you don't want none!,Negative,0.9067859029161591
Thinking of upgrading to #Yosemite? Think twice  http://t.co/dU0Mpaw5Ri It's not for everyone. RT #ASMSG @Apple,Positive,0.8156592709102326
media reports say that @Apple is hiring pros from the fashion and retail industry - #wearabletechnology is fashion http://t.co/IVWpWzgUp7,Positive,0.6805223121897255
"RT @TeamCavuto: Protesters stage #DieIn protests in @Apple store in NYC... Is it me, or is this anger misplaced? RETWEET if you agree.",Positive,0.6815347757214584
"proof @apple does not use it's own products. freaking MAIL shows up in SEARCH FOR FILE in the FINDER!

nut kicks. http://t.co/64hu4wqNkV",Negative,0.5662806877694619
@styIesburn @Apple DOIS,Positive,0.5672379339051172
really @apple? your search tool is USELESS. nut kicks http://t.co/KQH02bePBu,Negative,0.5845422970067979
Ur minute has been about 10 minutes @apple http://t.co/tInVuQNYAM,Positive,0.5697307730335454
@nialIhburn @Apple TRES,Positive,0.5672379339051172
"RT @TeamCavuto: Protesters stage #DieIn protests in @Apple store in NYC... Is it me, or is this anger misplaced? RETWEET if you agree.",Positive,0.6815347757214584
So @Apple just gave me a huge middle finger to the face,Negative,0.694259309803864
RT @Ecofantasy: Thinking of upgrading to #Yosemite? Think twice  http://t.co/dU0Mpaw5Ri It's not for everyone. RT #ASMSG @Apple,Positive,0.8156592709102326
RT @Ecofantasy: Thinking of upgrading to #Yosemite? Think twice  http://t.co/dU0Mpaw5Ri It's not for everyone. RT #ASMSG @Apple,Positive,0.8156592709102326
@NickM538 @Apple tell them how ya really feel,Negative,0.7637742268186238
why isnt group facetime a thing @apple wtf,Negative,0.7071380702608756
Apple Is Warming Up To Social Media: Apple is hiring a social media guru in L.A. Will @Apple finally tweet?Her... http://t.co/lXnHXmdt9S,Positive,0.6462229077042827
Apple Is Warming Up To Social Media: Apple is hiring a social media guru in L.A. Will @Apple finally tweet?Her... http://t.co/sB1FXAZ4j7,Positive,0.6462229077042827
Apple Is Warming Up To Social Media: Apple is hiring a social media guru in L.A. Will @Apple finally tweet?Her... http://t.co/9BuYvSrGqY,Positive,0.6462229077042827
Apple Is Warming Up To Social Media: Apple is hiring a social media guru in L.A. Will @Apple finally tweet?Her... http://t.co/czemRg670V,Positive,0.6462229077042827
Apple Is Warming Up To Social Media: Apple is hiring a social media guru in L.A. Will @Apple finally tweet?Her... http://t.co/GNz8rXUtwt,Positive,0.6462229077042827
Apple Is Warming Up To Social Media: Apple is hiring a social media guru in L.A. Will @Apple finally tweet?Her... http://t.co/4DUUhVGSPb,Positive,0.6462229077042827
Apple Is Warming Up To Social Media: Apple is hiring a social media guru in L.A. Will @Apple finally tweet?Her... http://t.co/krBYfKD2Si,Positive,0.6462229077042827
Apple Is Warming Up To Social Media: Apple is hiring a social media guru in L.A. Will @Apple fin... http://t.co/cO00B5KQOi #startup #nyc,Positive,0.5668835640724983
Apple Is Warming Up To Social Media: Apple is hiring a social media guru in L.A. Will @Apple fin... http://t.co/49jbivQoZH #startup #nyc,Positive,0.5668835640724983
Apple Is Warming Up To Social Media: Apple is hiring a social media guru in L.A. Will @Apple finally tweet?Her... http://t.co/R7kmhc8Wzy,Positive,0.6462229077042827
Apple Is Warming Up To Social Media: Apple is hiring a social media guru in L.A. Will @Apple finally tweet?Her... http://t.co/smpzI9ZwA5,Positive,0.6462229077042827
Apple Is Warming Up To Social Media: Apple is hiring a social media guru in L.A. Will @Apple finally tweet?Her... http://t.co/HeyorYYCOY,Positive,0.6462229077042827
Apple Is Warming Up To Social Media: Apple is hiring a social media guru in L.A. Will @Apple finally tweet?Her... http://t.co/2hCmIxoO47,Positive,0.6462229077042827
Apple Is Warming Up To Social Media: Apple is hiring a social media guru in L.A. Will @Apple finally tweet?Her... http://t.co/htjSNuX0Vn,Positive,0.6462229077042827
Apple Is Warming Up To Social Media: Apple is hiring a social media guru in L.A. Will @Apple ... http://t.co/gMAXexcYpE via @fastcompany,Positive,0.5642733738033906
Apple Is Warming Up To Social Media: Apple is hiring a social media guru in L.A. Will @Apple finally tweet?Her... http://t.co/EMY0cLQsD2,Positive,0.6462229077042827
Apple Is Warming Up To Social Media: Apple is hiring a social media guru in L.A. Will @Apple finally tweet?Her... http://t.co/N5H03hsNst,Positive,0.6462229077042827
Apple Is Warming Up To Social Media: Apple is hiring a social media guru in L.A. Will @Apple finally tweet?Her... http://t.co/azWJqDronb,Positive,0.6462229077042827
Apple Is Warming Up To Social Media: Apple is hiring a social media guru in L.A. Will @Apple finally tweet?Her... http://t.co/LT8WTOWpd3,Positive,0.6462229077042827
Being held hostage at @apple - They are replacing the whole phone. Last backup at 630 a.m. this morning so anything since was byebyebye.,Negative,0.6794322322472701
RT @shannonmmiller: Love the @Apple is supporting #HourOfCode with workshops! :) http://t.co/WP8D0FNjNu,Positive,0.9711467460915083
Tim Cook Met With Jesse Jackson for 'Positive and Productive' Discussion http://t.co/NH21pThDHs #AAPL,Positive,0.880733694055572
hey @apple is it normal for my laptop charger to be soldering itself to my skin? Thanks! - J,Positive,0.7629778254905789
(Via FC) Apple Is Warming Up To Social Media - Apple is hiring a social media guru in L.A. Will @Apple finally twe... http://t.co/IpqoWRy2EM,Positive,0.6414266827970175
RT @MMLXIV: there is no avocado emoji may I ask why @apple,Positive,0.8080575945329885
@marcbulandr I could not agree more. Between @Apple @Twitter and @IBMWatson only great things will happen. #AppleandIBM #IBMandTwitter,Positive,0.7136399735027439
My iPhone 5's photos are no longer downloading automatically to my laptop when I sync it. @apple support is unhelpful. Any ideas?,Negative,0.7495255954808218
RT @SwiftKey: We're so excited to be named to @Apple's 'App Store Best of 2014' list this year! http://t.co/d7qlmti4Uf #Apple,Positive,0.8778803272299733
